-- MySQL dump 10.13  Distrib 5.1.71, for redhat-linux-gnu (x86_64)
--
-- Host: 127.2.188.130    Database: parcel
-- ------------------------------------------------------
-- Server version	5.1.71

/*!40101 SET @OLD_CHARACTER_SET_CLIENT=@@CHARACTER_SET_CLIENT */;
/*!40101 SET @OLD_CHARACTER_SET_RESULTS=@@CHARACTER_SET_RESULTS */;
/*!40101 SET @OLD_COLLATION_CONNECTION=@@COLLATION_CONNECTION */;
/*!40101 SET NAMES utf8 */;
/*!40103 SET @OLD_TIME_ZONE=@@TIME_ZONE */;
/*!40103 SET TIME_ZONE='+00:00' */;
/*!40014 SET @OLD_UNIQUE_CHECKS=@@UNIQUE_CHECKS, UNIQUE_CHECKS=0 */;
/*!40014 SET @OLD_FOREIGN_KEY_CHECKS=@@FOREIGN_KEY_CHECKS, FOREIGN_KEY_CHECKS=0 */;
/*!40101 SET @OLD_SQL_MODE=@@SQL_MODE, SQL_MODE='NO_AUTO_VALUE_ON_ZERO' */;
/*!40111 SET @OLD_SQL_NOTES=@@SQL_NOTES, SQL_NOTES=0 */;

--
-- Table structure for table `CallDetails`
--

DROP TABLE IF EXISTS `CallDetails`;
/*!40101 SET @saved_cs_client     = @@character_set_client */;
/*!40101 SET character_set_client = utf8 */;
CREATE TABLE `CallDetails` (
  `ID` int(11) NOT NULL AUTO_INCREMENT,
  `ClassName` enum('CallDetails') DEFAULT 'CallDetails',
  `Created` datetime DEFAULT NULL,
  `LastEdited` datetime DEFAULT NULL,
  `SoundClipID` int(11) NOT NULL DEFAULT '0',
  `ParcelsFileID` int(11) NOT NULL DEFAULT '0',
  PRIMARY KEY (`ID`),
  KEY `SoundClipID` (`SoundClipID`),
  KEY `ParcelsFileID` (`ParcelsFileID`),
  KEY `ClassName` (`ClassName`)
) ENGINE=InnoDB AUTO_INCREMENT=4 DEFAULT CHARSET=utf8;
/*!40101 SET character_set_client = @saved_cs_client */;

--
-- Dumping data for table `CallDetails`
--

LOCK TABLES `CallDetails` WRITE;
/*!40000 ALTER TABLE `CallDetails` DISABLE KEYS */;
INSERT INTO `CallDetails` VALUES (1,'CallDetails','2013-12-27 06:01:36','2013-12-27 06:01:36',0,0),(2,'CallDetails','2013-12-27 06:04:18','2013-12-27 06:04:18',0,0),(3,'CallDetails','2013-12-27 06:17:36','2013-12-27 06:17:36',2,4);
/*!40000 ALTER TABLE `CallDetails` ENABLE KEYS */;
UNLOCK TABLES;

--
-- Table structure for table `Contact`
--

DROP TABLE IF EXISTS `Contact`;
/*!40101 SET @saved_cs_client     = @@character_set_client */;
/*!40101 SET character_set_client = utf8 */;
CREATE TABLE `Contact` (
  `ID` int(11) NOT NULL AUTO_INCREMENT,
  `ClassName` enum('Contact') DEFAULT 'Contact',
  `Created` datetime DEFAULT NULL,
  `LastEdited` datetime DEFAULT NULL,
  `Address` varchar(50) DEFAULT NULL,
  `City` varchar(50) DEFAULT NULL,
  `ParcelId` varchar(50) DEFAULT NULL,
  `PhoneNumber` varchar(50) DEFAULT NULL,
  `PhoneType` varchar(50) DEFAULT NULL,
  `OutboundAttempts` int(11) NOT NULL DEFAULT '0',
  `InboundAttempts` int(11) NOT NULL DEFAULT '0',
  PRIMARY KEY (`ID`),
  KEY `ClassName` (`ClassName`)
) ENGINE=InnoDB AUTO_INCREMENT=3 DEFAULT CHARSET=utf8;
/*!40101 SET character_set_client = @saved_cs_client */;

--
-- Dumping data for table `Contact`
--

LOCK TABLES `Contact` WRITE;
/*!40000 ALTER TABLE `Contact` DISABLE KEYS */;
INSERT INTO `Contact` VALUES (1,'Contact','2013-12-25 20:08:22','2013-12-25 20:08:23','1 brown st.',NULL,NULL,'7137020650',NULL,1,0),(2,'Contact','2013-12-25 20:19:14','2013-12-25 20:19:15',NULL,NULL,NULL,'4844101710',NULL,1,0);
/*!40000 ALTER TABLE `Contact` ENABLE KEYS */;
UNLOCK TABLES;

--
-- Table structure for table `EditableFormField`
--

DROP TABLE IF EXISTS `EditableFormField`;
/*!40101 SET @saved_cs_client     = @@character_set_client */;
/*!40101 SET character_set_client = utf8 */;
CREATE TABLE `EditableFormField` (
  `ID` int(11) NOT NULL AUTO_INCREMENT,
  `ClassName` enum('EditableRadioField','EditableTextField','EditableFormField','EditableCheckbox','EditableCountryDropdownField','EditableDateField','EditableEmailField','EditableFileField','EditableFormHeading','EditableLiteralField','EditableMemberListField','EditableMultipleOptionField','EditableCheckboxGroupField','EditableDropdown') DEFAULT 'EditableRadioField',
  `Created` datetime DEFAULT NULL,
  `LastEdited` datetime DEFAULT NULL,
  `Name` varchar(50) DEFAULT NULL,
  `Title` varchar(255) DEFAULT NULL,
  `Default` varchar(50) DEFAULT NULL,
  `Sort` int(11) NOT NULL DEFAULT '0',
  `Required` tinyint(1) unsigned NOT NULL DEFAULT '0',
  `CustomErrorMessage` varchar(255) DEFAULT NULL,
  `CustomRules` mediumtext,
  `CustomSettings` mediumtext,
  `CustomParameter` varchar(200) DEFAULT NULL,
  `Version` int(11) NOT NULL DEFAULT '0',
  `ParentID` int(11) NOT NULL DEFAULT '0',
  PRIMARY KEY (`ID`),
  KEY `ParentID` (`ParentID`),
  KEY `ClassName` (`ClassName`)
) ENGINE=InnoDB AUTO_INCREMENT=20 DEFAULT CHARSET=utf8;
/*!40101 SET character_set_client = @saved_cs_client */;

--
-- Dumping data for table `EditableFormField`
--

LOCK TABLES `EditableFormField` WRITE;
/*!40000 ALTER TABLE `EditableFormField` DISABLE KEYS */;
INSERT INTO `EditableFormField` VALUES (4,'EditableRadioField','2013-12-28 05:58:06','2014-01-02 21:59:04','EditableRadioField4','Is this phone number in service? ',NULL,1,0,NULL,'a:1:{i:0;a:4:{s:7:\"Display\";s:4:\"Show\";s:14:\"ConditionField\";s:0:\"\";s:15:\"ConditionOption\";s:7:\"IsBlank\";s:5:\"Value\";s:0:\"\";}}','a:3:{s:10:\"ExtraClass\";s:0:\"\";s:10:\"RightTitle\";s:0:\"\";s:10:\"ShowOnLoad\";s:4:\"Show\";}',NULL,53,7),(6,'EditableRadioField','2013-12-28 06:04:32','2014-01-02 21:59:05','EditableRadioField6','Is this voicemail message a custom recorded voice message? ',NULL,4,0,NULL,'a:1:{i:0;a:4:{s:7:\"Display\";s:4:\"Show\";s:14:\"ConditionField\";s:20:\"EditableRadioField10\";s:15:\"ConditionOption\";s:8:\"HasValue\";s:5:\"Value\";s:23:\"No, a voicemail answers\";}}','a:3:{s:10:\"ExtraClass\";s:0:\"\";s:10:\"RightTitle\";s:0:\"\";s:10:\"ShowOnLoad\";s:4:\"Hide\";}',NULL,50,7),(9,'EditableRadioField','2013-12-30 20:23:12','2014-01-02 21:59:05','EditableRadioField9','Is the voice on the away message a man\'s voice or a woman\'s?',NULL,7,0,NULL,'a:1:{i:0;a:4:{s:7:\"Display\";s:4:\"Show\";s:14:\"ConditionField\";s:19:\"EditableRadioField6\";s:15:\"ConditionOption\";s:8:\"HasValue\";s:5:\"Value\";s:45:\"Yes, the owner recorded a custom away message\";}}','a:3:{s:10:\"ExtraClass\";s:0:\"\";s:10:\"RightTitle\";s:0:\"\";s:10:\"ShowOnLoad\";s:4:\"Hide\";}',NULL,30,7),(10,'EditableRadioField','2013-12-30 20:23:27','2014-01-02 21:59:04','EditableRadioField10','Does a human answer? ',NULL,2,0,NULL,'a:1:{i:0;a:4:{s:7:\"Display\";s:4:\"Show\";s:14:\"ConditionField\";s:19:\"EditableRadioField4\";s:15:\"ConditionOption\";s:8:\"HasValue\";s:5:\"Value\";s:36:\"Yes, this phone number is in service\";}}','a:3:{s:10:\"ExtraClass\";s:0:\"\";s:10:\"RightTitle\";s:0:\"\";s:10:\"ShowOnLoad\";s:4:\"Hide\";}',NULL,30,7),(11,'EditableRadioField','2013-12-30 20:53:57','2014-01-02 21:59:05','EditableRadioField11','What type of phone number is this?',NULL,8,0,NULL,'a:1:{i:0;a:4:{s:7:\"Display\";s:4:\"Show\";s:14:\"ConditionField\";s:19:\"EditableRadioField6\";s:15:\"ConditionOption\";s:8:\"HasValue\";s:5:\"Value\";s:45:\"Yes, the owner recorded a custom away message\";}}','a:3:{s:10:\"ExtraClass\";s:0:\"\";s:10:\"RightTitle\";s:0:\"\";s:10:\"ShowOnLoad\";s:4:\"Hide\";}',NULL,28,7),(12,'EditableRadioField','2013-12-30 21:12:05','2014-01-02 21:59:05','EditableRadioField12','Does a man or a woman answer? ',NULL,9,0,NULL,'a:1:{i:0;a:4:{s:7:\"Display\";s:4:\"Show\";s:14:\"ConditionField\";s:20:\"EditableRadioField10\";s:15:\"ConditionOption\";s:8:\"HasValue\";s:5:\"Value\";s:20:\"Yes, a human answers\";}}','a:3:{s:10:\"ExtraClass\";s:0:\"\";s:10:\"RightTitle\";s:0:\"\";s:10:\"ShowOnLoad\";s:4:\"Hide\";}',NULL,24,7),(14,'EditableRadioField','2013-12-30 21:18:21','2014-01-02 21:59:05','EditableRadioField14','Does the man say his name? ',NULL,10,0,NULL,'a:1:{i:0;a:4:{s:7:\"Display\";s:4:\"Show\";s:14:\"ConditionField\";s:20:\"EditableRadioField12\";s:15:\"ConditionOption\";s:8:\"HasValue\";s:5:\"Value\";s:13:\"A man answers\";}}','a:3:{s:10:\"ExtraClass\";s:0:\"\";s:10:\"RightTitle\";s:0:\"\";s:10:\"ShowOnLoad\";s:4:\"Hide\";}',NULL,22,7),(15,'EditableRadioField','2013-12-30 21:18:55','2014-01-02 21:59:05','EditableRadioField15','Does the woman say her name? ',NULL,11,0,NULL,'a:1:{i:0;a:4:{s:7:\"Display\";s:4:\"Show\";s:14:\"ConditionField\";s:20:\"EditableRadioField12\";s:15:\"ConditionOption\";s:8:\"HasValue\";s:5:\"Value\";s:15:\"A woman answers\";}}','a:3:{s:10:\"ExtraClass\";s:0:\"\";s:10:\"RightTitle\";s:0:\"\";s:10:\"ShowOnLoad\";s:4:\"Hide\";}',NULL,22,7),(17,'EditableTextField','2013-12-30 22:53:18','2014-01-02 21:59:06','EditableTextField17',NULL,NULL,12,0,NULL,'a:0:{}','a:6:{s:10:\"ExtraClass\";s:0:\"\";s:10:\"RightTitle\";s:0:\"\";s:9:\"MinLength\";s:0:\"\";s:9:\"MaxLength\";s:0:\"\";s:4:\"Rows\";s:1:\"1\";s:10:\"ShowOnLoad\";s:4:\"Hide\";}',NULL,17,7),(19,'EditableTextField','2014-01-02 21:57:10','2014-01-02 21:59:06','EditableTextField19',NULL,NULL,13,0,NULL,'a:0:{}','a:6:{s:10:\"ExtraClass\";s:0:\"\";s:10:\"RightTitle\";s:19:\"What name is said? \";s:9:\"MinLength\";s:0:\"\";s:9:\"MaxLength\";s:0:\"\";s:4:\"Rows\";s:1:\"1\";s:10:\"ShowOnLoad\";s:4:\"Hide\";}',NULL,2,7);
/*!40000 ALTER TABLE `EditableFormField` ENABLE KEYS */;
UNLOCK TABLES;

--
-- Table structure for table `EditableFormField_Live`
--

DROP TABLE IF EXISTS `EditableFormField_Live`;
/*!40101 SET @saved_cs_client     = @@character_set_client */;
/*!40101 SET character_set_client = utf8 */;
CREATE TABLE `EditableFormField_Live` (
  `ID` int(11) NOT NULL AUTO_INCREMENT,
  `ClassName` enum('EditableRadioField','EditableTextField','EditableFormField','EditableCheckbox','EditableCountryDropdownField','EditableDateField','EditableEmailField','EditableFileField','EditableFormHeading','EditableLiteralField','EditableMemberListField','EditableMultipleOptionField','EditableCheckboxGroupField','EditableDropdown') DEFAULT 'EditableRadioField',
  `Created` datetime DEFAULT NULL,
  `LastEdited` datetime DEFAULT NULL,
  `Name` varchar(50) DEFAULT NULL,
  `Title` varchar(255) DEFAULT NULL,
  `Default` varchar(50) DEFAULT NULL,
  `Sort` int(11) NOT NULL DEFAULT '0',
  `Required` tinyint(1) unsigned NOT NULL DEFAULT '0',
  `CustomErrorMessage` varchar(255) DEFAULT NULL,
  `CustomRules` mediumtext,
  `CustomSettings` mediumtext,
  `CustomParameter` varchar(200) DEFAULT NULL,
  `Version` int(11) NOT NULL DEFAULT '0',
  `ParentID` int(11) NOT NULL DEFAULT '0',
  PRIMARY KEY (`ID`),
  KEY `ParentID` (`ParentID`),
  KEY `ClassName` (`ClassName`)
) ENGINE=InnoDB AUTO_INCREMENT=20 DEFAULT CHARSET=utf8;
/*!40101 SET character_set_client = @saved_cs_client */;

--
-- Dumping data for table `EditableFormField_Live`
--

LOCK TABLES `EditableFormField_Live` WRITE;
/*!40000 ALTER TABLE `EditableFormField_Live` DISABLE KEYS */;
INSERT INTO `EditableFormField_Live` VALUES (4,'EditableRadioField','2013-12-28 05:58:06','2014-01-02 21:59:07','EditableRadioField4','Is this phone number in service? ',NULL,1,0,NULL,'a:1:{i:0;a:4:{s:7:\"Display\";s:4:\"Show\";s:14:\"ConditionField\";s:0:\"\";s:15:\"ConditionOption\";s:7:\"IsBlank\";s:5:\"Value\";s:0:\"\";}}','a:3:{s:10:\"ExtraClass\";s:0:\"\";s:10:\"RightTitle\";s:0:\"\";s:10:\"ShowOnLoad\";s:4:\"Show\";}',NULL,53,7),(6,'EditableRadioField','2013-12-28 06:04:32','2014-01-02 21:59:08','EditableRadioField6','Is this voicemail message a custom recorded voice message? ',NULL,4,0,NULL,'a:1:{i:0;a:4:{s:7:\"Display\";s:4:\"Show\";s:14:\"ConditionField\";s:20:\"EditableRadioField10\";s:15:\"ConditionOption\";s:8:\"HasValue\";s:5:\"Value\";s:23:\"No, a voicemail answers\";}}','a:3:{s:10:\"ExtraClass\";s:0:\"\";s:10:\"RightTitle\";s:0:\"\";s:10:\"ShowOnLoad\";s:4:\"Hide\";}',NULL,50,7),(9,'EditableRadioField','2013-12-30 20:23:12','2014-01-02 21:59:09','EditableRadioField9','Is the voice on the away message a man\'s voice or a woman\'s?',NULL,7,0,NULL,'a:1:{i:0;a:4:{s:7:\"Display\";s:4:\"Show\";s:14:\"ConditionField\";s:19:\"EditableRadioField6\";s:15:\"ConditionOption\";s:8:\"HasValue\";s:5:\"Value\";s:45:\"Yes, the owner recorded a custom away message\";}}','a:3:{s:10:\"ExtraClass\";s:0:\"\";s:10:\"RightTitle\";s:0:\"\";s:10:\"ShowOnLoad\";s:4:\"Hide\";}',NULL,30,7),(10,'EditableRadioField','2013-12-30 20:23:27','2014-01-02 21:59:08','EditableRadioField10','Does a human answer? ',NULL,2,0,NULL,'a:1:{i:0;a:4:{s:7:\"Display\";s:4:\"Show\";s:14:\"ConditionField\";s:19:\"EditableRadioField4\";s:15:\"ConditionOption\";s:8:\"HasValue\";s:5:\"Value\";s:36:\"Yes, this phone number is in service\";}}','a:3:{s:10:\"ExtraClass\";s:0:\"\";s:10:\"RightTitle\";s:0:\"\";s:10:\"ShowOnLoad\";s:4:\"Hide\";}',NULL,30,7),(11,'EditableRadioField','2013-12-30 20:53:57','2014-01-02 21:59:10','EditableRadioField11','What type of phone number is this?',NULL,8,0,NULL,'a:1:{i:0;a:4:{s:7:\"Display\";s:4:\"Show\";s:14:\"ConditionField\";s:19:\"EditableRadioField6\";s:15:\"ConditionOption\";s:8:\"HasValue\";s:5:\"Value\";s:45:\"Yes, the owner recorded a custom away message\";}}','a:3:{s:10:\"ExtraClass\";s:0:\"\";s:10:\"RightTitle\";s:0:\"\";s:10:\"ShowOnLoad\";s:4:\"Hide\";}',NULL,28,7),(12,'EditableRadioField','2013-12-30 21:12:05','2014-01-02 21:59:10','EditableRadioField12','Does a man or a woman answer? ',NULL,9,0,NULL,'a:1:{i:0;a:4:{s:7:\"Display\";s:4:\"Show\";s:14:\"ConditionField\";s:20:\"EditableRadioField10\";s:15:\"ConditionOption\";s:8:\"HasValue\";s:5:\"Value\";s:20:\"Yes, a human answers\";}}','a:3:{s:10:\"ExtraClass\";s:0:\"\";s:10:\"RightTitle\";s:0:\"\";s:10:\"ShowOnLoad\";s:4:\"Hide\";}',NULL,24,7),(14,'EditableRadioField','2013-12-30 21:18:21','2014-01-02 21:59:10','EditableRadioField14','Does the man say his name? ',NULL,10,0,NULL,'a:1:{i:0;a:4:{s:7:\"Display\";s:4:\"Show\";s:14:\"ConditionField\";s:20:\"EditableRadioField12\";s:15:\"ConditionOption\";s:8:\"HasValue\";s:5:\"Value\";s:13:\"A man answers\";}}','a:3:{s:10:\"ExtraClass\";s:0:\"\";s:10:\"RightTitle\";s:0:\"\";s:10:\"ShowOnLoad\";s:4:\"Hide\";}',NULL,22,7),(15,'EditableRadioField','2013-12-30 21:18:55','2014-01-02 21:59:10','EditableRadioField15','Does the woman say her name? ',NULL,11,0,NULL,'a:1:{i:0;a:4:{s:7:\"Display\";s:4:\"Show\";s:14:\"ConditionField\";s:20:\"EditableRadioField12\";s:15:\"ConditionOption\";s:8:\"HasValue\";s:5:\"Value\";s:15:\"A woman answers\";}}','a:3:{s:10:\"ExtraClass\";s:0:\"\";s:10:\"RightTitle\";s:0:\"\";s:10:\"ShowOnLoad\";s:4:\"Hide\";}',NULL,22,7),(17,'EditableTextField','2013-12-30 22:53:18','2014-01-02 21:59:11','EditableTextField17',NULL,NULL,12,0,NULL,'a:0:{}','a:6:{s:10:\"ExtraClass\";s:0:\"\";s:10:\"RightTitle\";s:0:\"\";s:9:\"MinLength\";s:0:\"\";s:9:\"MaxLength\";s:0:\"\";s:4:\"Rows\";s:1:\"1\";s:10:\"ShowOnLoad\";s:4:\"Hide\";}',NULL,17,7),(19,'EditableTextField','2014-01-02 21:57:10','2014-01-02 21:59:11','EditableTextField19',NULL,NULL,13,0,NULL,'a:0:{}','a:6:{s:10:\"ExtraClass\";s:0:\"\";s:10:\"RightTitle\";s:19:\"What name is said? \";s:9:\"MinLength\";s:0:\"\";s:9:\"MaxLength\";s:0:\"\";s:4:\"Rows\";s:1:\"1\";s:10:\"ShowOnLoad\";s:4:\"Hide\";}',NULL,2,7);
/*!40000 ALTER TABLE `EditableFormField_Live` ENABLE KEYS */;
UNLOCK TABLES;

--
-- Table structure for table `EditableFormField_versions`
--

DROP TABLE IF EXISTS `EditableFormField_versions`;
/*!40101 SET @saved_cs_client     = @@character_set_client */;
/*!40101 SET character_set_client = utf8 */;
CREATE TABLE `EditableFormField_versions` (
  `ID` int(11) NOT NULL AUTO_INCREMENT,
  `RecordID` int(11) NOT NULL DEFAULT '0',
  `Version` int(11) NOT NULL DEFAULT '0',
  `WasPublished` tinyint(1) unsigned NOT NULL DEFAULT '0',
  `AuthorID` int(11) NOT NULL DEFAULT '0',
  `PublisherID` int(11) NOT NULL DEFAULT '0',
  `ClassName` enum('EditableRadioField','EditableTextField','EditableFormField','EditableCheckbox','EditableCountryDropdownField','EditableDateField','EditableEmailField','EditableFileField','EditableFormHeading','EditableLiteralField','EditableMemberListField','EditableMultipleOptionField','EditableCheckboxGroupField','EditableDropdown') DEFAULT 'EditableRadioField',
  `Created` datetime DEFAULT NULL,
  `LastEdited` datetime DEFAULT NULL,
  `Name` varchar(50) DEFAULT NULL,
  `Title` varchar(255) DEFAULT NULL,
  `Default` varchar(50) DEFAULT NULL,
  `Sort` int(11) NOT NULL DEFAULT '0',
  `Required` tinyint(1) unsigned NOT NULL DEFAULT '0',
  `CustomErrorMessage` varchar(255) DEFAULT NULL,
  `CustomRules` mediumtext,
  `CustomSettings` mediumtext,
  `CustomParameter` varchar(200) DEFAULT NULL,
  `ParentID` int(11) NOT NULL DEFAULT '0',
  PRIMARY KEY (`ID`),
  KEY `RecordID_Version` (`RecordID`,`Version`),
  KEY `RecordID` (`RecordID`),
  KEY `Version` (`Version`),
  KEY `AuthorID` (`AuthorID`),
  KEY `PublisherID` (`PublisherID`),
  KEY `ParentID` (`ParentID`),
  KEY `ClassName` (`ClassName`)
) ENGINE=InnoDB AUTO_INCREMENT=331 DEFAULT CHARSET=utf8;
/*!40101 SET character_set_client = @saved_cs_client */;

--
-- Dumping data for table `EditableFormField_versions`
--

LOCK TABLES `EditableFormField_versions` WRITE;
/*!40000 ALTER TABLE `EditableFormField_versions` DISABLE KEYS */;
INSERT INTO `EditableFormField_versions` VALUES (1,1,1,0,1,0,'EditableTextField','2013-12-28 05:55:37','2013-12-28 05:55:37','EditableTextField0',NULL,NULL,1,0,NULL,NULL,NULL,NULL,7),(2,2,1,0,1,0,'EditableCheckbox','2013-12-28 05:56:35','2013-12-28 05:56:35','EditableCheckbox0',NULL,NULL,2,0,NULL,NULL,NULL,NULL,7),(3,3,1,0,1,0,'EditableCheckbox','2013-12-28 05:56:39','2013-12-28 05:56:39','EditableCheckbox0',NULL,NULL,3,0,NULL,NULL,NULL,NULL,7),(4,4,1,0,1,0,'EditableRadioField','2013-12-28 05:58:06','2013-12-28 05:58:06','EditableRadioField0',NULL,NULL,4,0,NULL,NULL,NULL,NULL,7),(5,5,1,0,1,0,'EditableRadioField','2013-12-28 06:00:07','2013-12-28 06:00:07','EditableRadioField0',NULL,NULL,5,0,NULL,NULL,NULL,NULL,7),(6,4,2,1,1,1,'EditableRadioField','2013-12-28 05:58:06','2013-12-28 06:01:07','EditableRadioField4','Working Number?',NULL,4,0,NULL,'a:1:{i:0;a:4:{s:7:\"Display\";s:4:\"Show\";s:14:\"ConditionField\";s:19:\"EditableRadioField0\";s:15:\"ConditionOption\";s:0:\"\";s:5:\"Value\";s:0:\"\";}}','a:3:{s:10:\"ExtraClass\";s:0:\"\";s:10:\"RightTitle\";s:0:\"\";s:10:\"ShowOnLoad\";s:4:\"Show\";}',NULL,7),(7,5,2,1,1,1,'EditableRadioField','2013-12-28 06:00:07','2013-12-28 06:01:08','EditableRadioField5','Voicemail?',NULL,5,0,NULL,'a:1:{i:0;a:4:{s:7:\"Display\";s:4:\"Show\";s:14:\"ConditionField\";s:19:\"EditableRadioField0\";s:15:\"ConditionOption\";s:8:\"HasValue\";s:5:\"Value\";s:3:\"Yes\";}}','a:3:{s:10:\"ExtraClass\";s:0:\"\";s:10:\"RightTitle\";s:0:\"\";s:10:\"ShowOnLoad\";s:4:\"Show\";}',NULL,7),(8,4,3,1,1,1,'EditableRadioField','2013-12-28 05:58:06','2013-12-28 06:01:50','EditableRadioField4','Working Number?',NULL,4,0,NULL,'a:1:{i:0;a:4:{s:7:\"Display\";s:4:\"Show\";s:14:\"ConditionField\";s:0:\"\";s:15:\"ConditionOption\";s:7:\"IsBlank\";s:5:\"Value\";s:0:\"\";}}','a:3:{s:10:\"ExtraClass\";s:0:\"\";s:10:\"RightTitle\";s:0:\"\";s:10:\"ShowOnLoad\";s:4:\"Show\";}',NULL,7),(9,5,3,1,1,1,'EditableRadioField','2013-12-28 06:00:07','2013-12-28 06:01:51','EditableRadioField5','Voicemail?',NULL,5,0,NULL,'a:1:{i:0;a:4:{s:7:\"Display\";s:4:\"Show\";s:14:\"ConditionField\";s:0:\"\";s:15:\"ConditionOption\";s:8:\"HasValue\";s:5:\"Value\";s:3:\"Yes\";}}','a:3:{s:10:\"ExtraClass\";s:0:\"\";s:10:\"RightTitle\";s:0:\"\";s:10:\"ShowOnLoad\";s:4:\"Hide\";}',NULL,7),(10,4,4,1,1,1,'EditableRadioField','2013-12-28 05:58:06','2013-12-28 06:03:00','EditableRadioField4','Working Number?',NULL,4,0,NULL,'a:1:{i:0;a:4:{s:7:\"Display\";s:4:\"Show\";s:14:\"ConditionField\";s:0:\"\";s:15:\"ConditionOption\";s:7:\"IsBlank\";s:5:\"Value\";s:0:\"\";}}','a:3:{s:10:\"ExtraClass\";s:0:\"\";s:10:\"RightTitle\";s:0:\"\";s:10:\"ShowOnLoad\";s:4:\"Show\";}',NULL,7),(11,5,4,1,1,1,'EditableRadioField','2013-12-28 06:00:07','2013-12-28 06:03:01','EditableRadioField5','Voicemail?',NULL,5,0,NULL,'a:1:{i:0;a:4:{s:7:\"Display\";s:4:\"Show\";s:14:\"ConditionField\";s:19:\"EditableRadioField4\";s:15:\"ConditionOption\";s:8:\"HasValue\";s:5:\"Value\";s:3:\"Yes\";}}','a:3:{s:10:\"ExtraClass\";s:0:\"\";s:10:\"RightTitle\";s:0:\"\";s:10:\"ShowOnLoad\";s:4:\"Hide\";}',NULL,7),(12,6,1,0,1,0,'EditableRadioField','2013-12-28 06:04:32','2013-12-28 06:04:32','EditableRadioField0',NULL,NULL,6,0,NULL,NULL,NULL,NULL,7),(13,7,1,0,1,0,'EditableRadioField','2013-12-28 06:07:30','2013-12-28 06:07:30','EditableRadioField0',NULL,NULL,7,0,NULL,NULL,NULL,NULL,7),(14,8,1,0,1,0,'EditableTextField','2013-12-28 06:08:17','2013-12-28 06:08:17','EditableTextField0',NULL,NULL,8,0,NULL,NULL,NULL,NULL,7),(15,4,5,1,1,1,'EditableRadioField','2013-12-28 05:58:06','2013-12-28 06:09:49','EditableRadioField4','Working Number?',NULL,4,0,NULL,'a:1:{i:0;a:4:{s:7:\"Display\";s:4:\"Show\";s:14:\"ConditionField\";s:0:\"\";s:15:\"ConditionOption\";s:7:\"IsBlank\";s:5:\"Value\";s:0:\"\";}}','a:3:{s:10:\"ExtraClass\";s:0:\"\";s:10:\"RightTitle\";s:0:\"\";s:10:\"ShowOnLoad\";s:4:\"Show\";}',NULL,7),(16,5,5,1,1,1,'EditableRadioField','2013-12-28 06:00:07','2013-12-28 06:09:50','EditableRadioField5','Voicemail?',NULL,5,0,NULL,'a:1:{i:0;a:4:{s:7:\"Display\";s:4:\"Show\";s:14:\"ConditionField\";s:19:\"EditableRadioField4\";s:15:\"ConditionOption\";s:8:\"HasValue\";s:5:\"Value\";s:3:\"Yes\";}}','a:3:{s:10:\"ExtraClass\";s:0:\"\";s:10:\"RightTitle\";s:0:\"\";s:10:\"ShowOnLoad\";s:4:\"Hide\";}',NULL,7),(17,6,2,1,1,1,'EditableRadioField','2013-12-28 06:04:32','2013-12-28 06:09:50','EditableRadioField6','Type of Voicemail?',NULL,6,0,NULL,'a:1:{i:0;a:4:{s:7:\"Display\";s:4:\"Show\";s:14:\"ConditionField\";s:19:\"EditableRadioField5\";s:15:\"ConditionOption\";s:8:\"HasValue\";s:5:\"Value\";s:3:\"Yes\";}}','a:3:{s:10:\"ExtraClass\";s:0:\"\";s:10:\"RightTitle\";s:0:\"\";s:10:\"ShowOnLoad\";s:4:\"Hide\";}',NULL,7),(18,8,2,1,1,1,'EditableTextField','2013-12-28 06:08:17','2013-12-28 06:09:50','EditableTextField8','Who is it?',NULL,8,0,NULL,'a:1:{i:0;a:4:{s:7:\"Display\";s:4:\"Show\";s:14:\"ConditionField\";s:19:\"EditableRadioField4\";s:15:\"ConditionOption\";s:8:\"HasValue\";s:5:\"Value\";s:3:\"Yes\";}}','a:6:{s:10:\"ExtraClass\";s:0:\"\";s:10:\"RightTitle\";s:0:\"\";s:9:\"MinLength\";s:0:\"\";s:9:\"MaxLength\";s:0:\"\";s:4:\"Rows\";s:1:\"1\";s:10:\"ShowOnLoad\";s:4:\"Hide\";}',NULL,7),(19,4,6,1,1,1,'EditableRadioField','2013-12-28 05:58:06','2013-12-28 06:11:45','EditableRadioField4','Working Number?',NULL,4,0,NULL,'a:1:{i:0;a:4:{s:7:\"Display\";s:4:\"Show\";s:14:\"ConditionField\";s:0:\"\";s:15:\"ConditionOption\";s:7:\"IsBlank\";s:5:\"Value\";s:0:\"\";}}','a:3:{s:10:\"ExtraClass\";s:0:\"\";s:10:\"RightTitle\";s:0:\"\";s:10:\"ShowOnLoad\";s:4:\"Show\";}',NULL,7),(20,5,6,1,1,1,'EditableRadioField','2013-12-28 06:00:07','2013-12-28 06:11:52','EditableRadioField5','Voicemail?',NULL,5,0,NULL,'a:1:{i:0;a:4:{s:7:\"Display\";s:4:\"Show\";s:14:\"ConditionField\";s:19:\"EditableRadioField4\";s:15:\"ConditionOption\";s:8:\"HasValue\";s:5:\"Value\";s:3:\"Yes\";}}','a:3:{s:10:\"ExtraClass\";s:0:\"\";s:10:\"RightTitle\";s:0:\"\";s:10:\"ShowOnLoad\";s:4:\"Hide\";}',NULL,7),(21,6,3,1,1,1,'EditableRadioField','2013-12-28 06:04:32','2013-12-28 06:11:53','EditableRadioField6','Type of Voicemail?',NULL,6,0,NULL,'a:1:{i:0;a:4:{s:7:\"Display\";s:4:\"Show\";s:14:\"ConditionField\";s:19:\"EditableRadioField5\";s:15:\"ConditionOption\";s:8:\"HasValue\";s:5:\"Value\";s:3:\"Yes\";}}','a:3:{s:10:\"ExtraClass\";s:0:\"\";s:10:\"RightTitle\";s:0:\"\";s:10:\"ShowOnLoad\";s:4:\"Hide\";}',NULL,7),(22,8,3,1,1,1,'EditableTextField','2013-12-28 06:08:17','2013-12-28 06:11:53','EditableTextField8','Who is it?',NULL,8,0,NULL,'a:1:{i:0;a:4:{s:7:\"Display\";s:4:\"Show\";s:14:\"ConditionField\";s:19:\"EditableRadioField5\";s:15:\"ConditionOption\";s:8:\"HasValue\";s:5:\"Value\";s:3:\"Yes\";}}','a:6:{s:10:\"ExtraClass\";s:0:\"\";s:10:\"RightTitle\";s:0:\"\";s:9:\"MinLength\";s:0:\"\";s:9:\"MaxLength\";s:0:\"\";s:4:\"Rows\";s:1:\"1\";s:10:\"ShowOnLoad\";s:4:\"Hide\";}',NULL,7),(23,4,7,1,1,1,'EditableRadioField','2013-12-28 05:58:06','2013-12-28 06:13:27','EditableRadioField4','Working Number?',NULL,4,0,NULL,'a:1:{i:0;a:4:{s:7:\"Display\";s:4:\"Show\";s:14:\"ConditionField\";s:0:\"\";s:15:\"ConditionOption\";s:7:\"IsBlank\";s:5:\"Value\";s:0:\"\";}}','a:3:{s:10:\"ExtraClass\";s:0:\"\";s:10:\"RightTitle\";s:0:\"\";s:10:\"ShowOnLoad\";s:4:\"Show\";}',NULL,7),(24,5,7,1,1,1,'EditableRadioField','2013-12-28 06:00:07','2013-12-28 06:13:27','EditableRadioField5','Voicemail?',NULL,5,0,NULL,'a:1:{i:0;a:4:{s:7:\"Display\";s:4:\"Show\";s:14:\"ConditionField\";s:19:\"EditableRadioField4\";s:15:\"ConditionOption\";s:8:\"HasValue\";s:5:\"Value\";s:3:\"Yes\";}}','a:3:{s:10:\"ExtraClass\";s:0:\"\";s:10:\"RightTitle\";s:0:\"\";s:10:\"ShowOnLoad\";s:4:\"Hide\";}',NULL,7),(25,6,4,1,1,1,'EditableRadioField','2013-12-28 06:04:32','2013-12-28 06:13:27','EditableRadioField6','Type of Voicemail?',NULL,6,0,NULL,'a:1:{i:0;a:4:{s:7:\"Display\";s:4:\"Show\";s:14:\"ConditionField\";s:19:\"EditableRadioField5\";s:15:\"ConditionOption\";s:8:\"HasValue\";s:5:\"Value\";s:3:\"Yes\";}}','a:3:{s:10:\"ExtraClass\";s:0:\"\";s:10:\"RightTitle\";s:0:\"\";s:10:\"ShowOnLoad\";s:4:\"Hide\";}',NULL,7),(26,8,4,1,1,1,'EditableTextField','2013-12-28 06:08:17','2013-12-28 06:13:27','EditableTextField8','Who is it?',NULL,8,0,NULL,'a:1:{i:0;a:4:{s:7:\"Display\";s:4:\"Show\";s:14:\"ConditionField\";s:19:\"EditableRadioField4\";s:15:\"ConditionOption\";s:7:\"IsBlank\";s:5:\"Value\";s:3:\"Yes\";}}','a:6:{s:10:\"ExtraClass\";s:0:\"\";s:10:\"RightTitle\";s:0:\"\";s:9:\"MinLength\";s:0:\"\";s:9:\"MaxLength\";s:0:\"\";s:4:\"Rows\";s:1:\"1\";s:10:\"ShowOnLoad\";s:4:\"Hide\";}',NULL,7),(27,4,8,1,1,1,'EditableRadioField','2013-12-28 05:58:06','2013-12-28 06:14:19','EditableRadioField4','Working Number?',NULL,4,0,NULL,'a:1:{i:0;a:4:{s:7:\"Display\";s:4:\"Show\";s:14:\"ConditionField\";s:0:\"\";s:15:\"ConditionOption\";s:7:\"IsBlank\";s:5:\"Value\";s:0:\"\";}}','a:3:{s:10:\"ExtraClass\";s:0:\"\";s:10:\"RightTitle\";s:0:\"\";s:10:\"ShowOnLoad\";s:4:\"Show\";}',NULL,7),(28,5,8,1,1,1,'EditableRadioField','2013-12-28 06:00:07','2013-12-28 06:14:19','EditableRadioField5','Voicemail?',NULL,5,0,NULL,'a:1:{i:0;a:4:{s:7:\"Display\";s:4:\"Show\";s:14:\"ConditionField\";s:19:\"EditableRadioField4\";s:15:\"ConditionOption\";s:8:\"HasValue\";s:5:\"Value\";s:3:\"Yes\";}}','a:3:{s:10:\"ExtraClass\";s:0:\"\";s:10:\"RightTitle\";s:0:\"\";s:10:\"ShowOnLoad\";s:4:\"Hide\";}',NULL,7),(29,6,5,1,1,1,'EditableRadioField','2013-12-28 06:04:32','2013-12-28 06:14:20','EditableRadioField6','Type of Voicemail?',NULL,6,0,NULL,'a:1:{i:0;a:4:{s:7:\"Display\";s:4:\"Show\";s:14:\"ConditionField\";s:19:\"EditableRadioField5\";s:15:\"ConditionOption\";s:8:\"HasValue\";s:5:\"Value\";s:3:\"Yes\";}}','a:3:{s:10:\"ExtraClass\";s:0:\"\";s:10:\"RightTitle\";s:0:\"\";s:10:\"ShowOnLoad\";s:4:\"Hide\";}',NULL,7),(30,8,5,1,1,1,'EditableTextField','2013-12-28 06:08:17','2013-12-28 06:14:20','EditableTextField8','Who is it?',NULL,8,0,NULL,'a:1:{i:0;a:4:{s:7:\"Display\";s:4:\"Show\";s:14:\"ConditionField\";s:19:\"EditableRadioField4\";s:15:\"ConditionOption\";s:8:\"ValueNot\";s:5:\"Value\";s:3:\"Yes\";}}','a:6:{s:10:\"ExtraClass\";s:0:\"\";s:10:\"RightTitle\";s:0:\"\";s:9:\"MinLength\";s:0:\"\";s:9:\"MaxLength\";s:0:\"\";s:4:\"Rows\";s:1:\"1\";s:10:\"ShowOnLoad\";s:4:\"Hide\";}',NULL,7),(31,4,9,1,1,1,'EditableRadioField','2013-12-28 05:58:06','2013-12-28 06:14:55','EditableRadioField4','Working Number?',NULL,4,0,NULL,'a:1:{i:0;a:4:{s:7:\"Display\";s:4:\"Show\";s:14:\"ConditionField\";s:0:\"\";s:15:\"ConditionOption\";s:7:\"IsBlank\";s:5:\"Value\";s:0:\"\";}}','a:3:{s:10:\"ExtraClass\";s:0:\"\";s:10:\"RightTitle\";s:0:\"\";s:10:\"ShowOnLoad\";s:4:\"Show\";}',NULL,7),(32,5,9,1,1,1,'EditableRadioField','2013-12-28 06:00:07','2013-12-28 06:14:56','EditableRadioField5','Voicemail?',NULL,5,0,NULL,'a:1:{i:0;a:4:{s:7:\"Display\";s:4:\"Show\";s:14:\"ConditionField\";s:19:\"EditableRadioField4\";s:15:\"ConditionOption\";s:8:\"HasValue\";s:5:\"Value\";s:3:\"Yes\";}}','a:3:{s:10:\"ExtraClass\";s:0:\"\";s:10:\"RightTitle\";s:0:\"\";s:10:\"ShowOnLoad\";s:4:\"Hide\";}',NULL,7),(33,6,6,1,1,1,'EditableRadioField','2013-12-28 06:04:32','2013-12-28 06:14:56','EditableRadioField6','Type of Voicemail?',NULL,6,0,NULL,'a:1:{i:0;a:4:{s:7:\"Display\";s:4:\"Show\";s:14:\"ConditionField\";s:19:\"EditableRadioField5\";s:15:\"ConditionOption\";s:8:\"HasValue\";s:5:\"Value\";s:3:\"Yes\";}}','a:3:{s:10:\"ExtraClass\";s:0:\"\";s:10:\"RightTitle\";s:0:\"\";s:10:\"ShowOnLoad\";s:4:\"Hide\";}',NULL,7),(34,8,6,1,1,1,'EditableTextField','2013-12-28 06:08:17','2013-12-28 06:14:56','EditableTextField8','Who is it?',NULL,8,0,NULL,'a:0:{}','a:6:{s:10:\"ExtraClass\";s:0:\"\";s:10:\"RightTitle\";s:0:\"\";s:9:\"MinLength\";s:0:\"\";s:9:\"MaxLength\";s:0:\"\";s:4:\"Rows\";s:1:\"1\";s:10:\"ShowOnLoad\";s:4:\"Hide\";}',NULL,7),(35,4,10,1,1,1,'EditableRadioField','2013-12-28 05:58:06','2013-12-28 06:15:36','EditableRadioField4','Working Number?',NULL,4,0,NULL,'a:1:{i:0;a:4:{s:7:\"Display\";s:4:\"Show\";s:14:\"ConditionField\";s:0:\"\";s:15:\"ConditionOption\";s:7:\"IsBlank\";s:5:\"Value\";s:0:\"\";}}','a:3:{s:10:\"ExtraClass\";s:0:\"\";s:10:\"RightTitle\";s:0:\"\";s:10:\"ShowOnLoad\";s:4:\"Show\";}',NULL,7),(36,5,10,1,1,1,'EditableRadioField','2013-12-28 06:00:07','2013-12-28 06:15:37','EditableRadioField5','Voicemail?',NULL,5,0,NULL,'a:1:{i:0;a:4:{s:7:\"Display\";s:4:\"Show\";s:14:\"ConditionField\";s:19:\"EditableRadioField4\";s:15:\"ConditionOption\";s:8:\"HasValue\";s:5:\"Value\";s:3:\"Yes\";}}','a:3:{s:10:\"ExtraClass\";s:0:\"\";s:10:\"RightTitle\";s:0:\"\";s:10:\"ShowOnLoad\";s:4:\"Hide\";}',NULL,7),(37,6,7,1,1,1,'EditableRadioField','2013-12-28 06:04:32','2013-12-28 06:15:37','EditableRadioField6','Type of Voicemail?',NULL,6,0,NULL,'a:1:{i:0;a:4:{s:7:\"Display\";s:4:\"Show\";s:14:\"ConditionField\";s:19:\"EditableRadioField5\";s:15:\"ConditionOption\";s:8:\"HasValue\";s:5:\"Value\";s:3:\"Yes\";}}','a:3:{s:10:\"ExtraClass\";s:0:\"\";s:10:\"RightTitle\";s:0:\"\";s:10:\"ShowOnLoad\";s:4:\"Hide\";}',NULL,7),(38,4,11,1,1,1,'EditableRadioField','2013-12-28 05:58:06','2013-12-28 06:17:01','EditableRadioField4','Working Number?',NULL,4,0,NULL,'a:1:{i:0;a:4:{s:7:\"Display\";s:4:\"Show\";s:14:\"ConditionField\";s:0:\"\";s:15:\"ConditionOption\";s:7:\"IsBlank\";s:5:\"Value\";s:0:\"\";}}','a:3:{s:10:\"ExtraClass\";s:0:\"\";s:10:\"RightTitle\";s:0:\"\";s:10:\"ShowOnLoad\";s:4:\"Show\";}',NULL,7),(39,5,11,1,1,1,'EditableRadioField','2013-12-28 06:00:07','2013-12-28 06:17:02','EditableRadioField5','Voicemail?',NULL,5,0,NULL,'a:1:{i:0;a:4:{s:7:\"Display\";s:4:\"Show\";s:14:\"ConditionField\";s:19:\"EditableRadioField4\";s:15:\"ConditionOption\";s:8:\"HasValue\";s:5:\"Value\";s:3:\"Yes\";}}','a:3:{s:10:\"ExtraClass\";s:0:\"\";s:10:\"RightTitle\";s:0:\"\";s:10:\"ShowOnLoad\";s:4:\"Hide\";}',NULL,7),(40,6,8,1,1,1,'EditableRadioField','2013-12-28 06:04:32','2013-12-28 06:17:02','EditableRadioField6','Type of Voicemail?',NULL,6,0,NULL,'a:1:{i:0;a:4:{s:7:\"Display\";s:4:\"Show\";s:14:\"ConditionField\";s:19:\"EditableRadioField5\";s:15:\"ConditionOption\";s:8:\"HasValue\";s:5:\"Value\";s:3:\"Yes\";}}','a:3:{s:10:\"ExtraClass\";s:0:\"\";s:10:\"RightTitle\";s:0:\"\";s:10:\"ShowOnLoad\";s:4:\"Hide\";}',NULL,7),(41,4,12,1,1,1,'EditableRadioField','2013-12-28 05:58:06','2013-12-28 06:18:12','EditableRadioField4','Working Number?',NULL,4,0,NULL,'a:1:{i:0;a:4:{s:7:\"Display\";s:4:\"Show\";s:14:\"ConditionField\";s:0:\"\";s:15:\"ConditionOption\";s:7:\"IsBlank\";s:5:\"Value\";s:0:\"\";}}','a:3:{s:10:\"ExtraClass\";s:0:\"\";s:10:\"RightTitle\";s:0:\"\";s:10:\"ShowOnLoad\";s:4:\"Show\";}',NULL,7),(42,5,12,1,1,1,'EditableRadioField','2013-12-28 06:00:07','2013-12-28 06:18:12','EditableRadioField5','Voicemail?',NULL,5,0,NULL,'a:1:{i:0;a:4:{s:7:\"Display\";s:4:\"Show\";s:14:\"ConditionField\";s:19:\"EditableRadioField4\";s:15:\"ConditionOption\";s:8:\"HasValue\";s:5:\"Value\";s:3:\"Yes\";}}','a:3:{s:10:\"ExtraClass\";s:0:\"\";s:10:\"RightTitle\";s:0:\"\";s:10:\"ShowOnLoad\";s:4:\"Hide\";}',NULL,7),(43,6,9,1,1,1,'EditableRadioField','2013-12-28 06:04:32','2013-12-28 06:18:12','EditableRadioField6','Type of Voicemail?',NULL,6,0,NULL,'a:1:{i:0;a:4:{s:7:\"Display\";s:4:\"Show\";s:14:\"ConditionField\";s:19:\"EditableRadioField5\";s:15:\"ConditionOption\";s:8:\"HasValue\";s:5:\"Value\";s:3:\"Yes\";}}','a:3:{s:10:\"ExtraClass\";s:0:\"\";s:10:\"RightTitle\";s:0:\"\";s:10:\"ShowOnLoad\";s:4:\"Hide\";}',NULL,7),(44,4,13,1,1,1,'EditableRadioField','2013-12-28 05:58:06','2013-12-30 19:44:15','EditableRadioField4','Did the phone number work? ',NULL,4,0,NULL,'a:1:{i:0;a:4:{s:7:\"Display\";s:4:\"Show\";s:14:\"ConditionField\";s:0:\"\";s:15:\"ConditionOption\";s:7:\"IsBlank\";s:5:\"Value\";s:0:\"\";}}','a:3:{s:10:\"ExtraClass\";s:0:\"\";s:10:\"RightTitle\";s:0:\"\";s:10:\"ShowOnLoad\";s:4:\"Show\";}',NULL,7),(45,5,13,1,1,1,'EditableRadioField','2013-12-28 06:00:07','2013-12-30 19:44:16','EditableRadioField5','Did you reach a voicemail?',NULL,5,0,NULL,'a:1:{i:0;a:4:{s:7:\"Display\";s:4:\"Show\";s:14:\"ConditionField\";s:19:\"EditableRadioField4\";s:15:\"ConditionOption\";s:8:\"HasValue\";s:5:\"Value\";s:3:\"Yes\";}}','a:3:{s:10:\"ExtraClass\";s:0:\"\";s:10:\"RightTitle\";s:0:\"\";s:10:\"ShowOnLoad\";s:4:\"Hide\";}',NULL,7),(46,6,10,1,1,1,'EditableRadioField','2013-12-28 06:04:32','2013-12-30 19:44:16','EditableRadioField6','Type of Voicemail?',NULL,6,0,NULL,'a:1:{i:0;a:4:{s:7:\"Display\";s:4:\"Show\";s:14:\"ConditionField\";s:19:\"EditableRadioField5\";s:15:\"ConditionOption\";s:8:\"HasValue\";s:5:\"Value\";s:3:\"Yes\";}}','a:3:{s:10:\"ExtraClass\";s:0:\"\";s:10:\"RightTitle\";s:0:\"\";s:10:\"ShowOnLoad\";s:4:\"Hide\";}',NULL,7),(47,4,14,1,1,1,'EditableRadioField','2013-12-28 05:58:06','2013-12-30 19:47:20','EditableRadioField4','Was the phone number in service? ',NULL,4,0,NULL,'a:1:{i:0;a:4:{s:7:\"Display\";s:4:\"Show\";s:14:\"ConditionField\";s:0:\"\";s:15:\"ConditionOption\";s:7:\"IsBlank\";s:5:\"Value\";s:0:\"\";}}','a:3:{s:10:\"ExtraClass\";s:0:\"\";s:10:\"RightTitle\";s:0:\"\";s:10:\"ShowOnLoad\";s:4:\"Show\";}',NULL,7),(48,5,14,1,1,1,'EditableRadioField','2013-12-28 06:00:07','2013-12-30 19:47:21','EditableRadioField5','Did it ring to a voicemail?',NULL,5,0,NULL,'a:1:{i:0;a:4:{s:7:\"Display\";s:4:\"Show\";s:14:\"ConditionField\";s:19:\"EditableRadioField4\";s:15:\"ConditionOption\";s:8:\"HasValue\";s:5:\"Value\";s:3:\"Yes\";}}','a:3:{s:10:\"ExtraClass\";s:0:\"\";s:10:\"RightTitle\";s:0:\"\";s:10:\"ShowOnLoad\";s:4:\"Hide\";}',NULL,7),(49,6,11,1,1,1,'EditableRadioField','2013-12-28 06:04:32','2013-12-30 19:47:21','EditableRadioField6','What type of voicemail did it ring to? ',NULL,6,0,NULL,'a:1:{i:0;a:4:{s:7:\"Display\";s:4:\"Show\";s:14:\"ConditionField\";s:19:\"EditableRadioField5\";s:15:\"ConditionOption\";s:8:\"HasValue\";s:5:\"Value\";s:3:\"Yes\";}}','a:3:{s:10:\"ExtraClass\";s:0:\"\";s:10:\"RightTitle\";s:0:\"\";s:10:\"ShowOnLoad\";s:4:\"Hide\";}',NULL,7),(50,4,15,1,1,1,'EditableRadioField','2013-12-28 05:58:06','2013-12-30 19:48:15','EditableRadioField4','Was the phone number in service? ',NULL,4,0,NULL,'a:1:{i:0;a:4:{s:7:\"Display\";s:4:\"Show\";s:14:\"ConditionField\";s:0:\"\";s:15:\"ConditionOption\";s:7:\"IsBlank\";s:5:\"Value\";s:0:\"\";}}','a:3:{s:10:\"ExtraClass\";s:0:\"\";s:10:\"RightTitle\";s:0:\"\";s:10:\"ShowOnLoad\";s:4:\"Show\";}',NULL,7),(51,5,15,1,1,1,'EditableRadioField','2013-12-28 06:00:07','2013-12-30 19:48:17','EditableRadioField5','Did it ring to a voicemail?',NULL,5,0,NULL,'a:1:{i:0;a:4:{s:7:\"Display\";s:4:\"Show\";s:14:\"ConditionField\";s:19:\"EditableRadioField4\";s:15:\"ConditionOption\";s:8:\"HasValue\";s:5:\"Value\";s:3:\"Yes\";}}','a:3:{s:10:\"ExtraClass\";s:0:\"\";s:10:\"RightTitle\";s:0:\"\";s:10:\"ShowOnLoad\";s:4:\"Hide\";}',NULL,7),(52,6,12,1,1,1,'EditableRadioField','2013-12-28 06:04:32','2013-12-30 19:48:18','EditableRadioField6','What type of voicemail did it ring to? ',NULL,6,0,NULL,'a:1:{i:0;a:4:{s:7:\"Display\";s:4:\"Show\";s:14:\"ConditionField\";s:19:\"EditableRadioField5\";s:15:\"ConditionOption\";s:8:\"HasValue\";s:5:\"Value\";s:3:\"Yes\";}}','a:3:{s:10:\"ExtraClass\";s:0:\"\";s:10:\"RightTitle\";s:0:\"\";s:10:\"ShowOnLoad\";s:4:\"Hide\";}',NULL,7),(53,4,16,1,1,1,'EditableRadioField','2013-12-28 05:58:06','2013-12-30 19:48:51','EditableRadioField4','Is this phone number in service? ',NULL,4,0,NULL,'a:1:{i:0;a:4:{s:7:\"Display\";s:4:\"Show\";s:14:\"ConditionField\";s:0:\"\";s:15:\"ConditionOption\";s:7:\"IsBlank\";s:5:\"Value\";s:0:\"\";}}','a:3:{s:10:\"ExtraClass\";s:0:\"\";s:10:\"RightTitle\";s:0:\"\";s:10:\"ShowOnLoad\";s:4:\"Show\";}',NULL,7),(54,5,16,1,1,1,'EditableRadioField','2013-12-28 06:00:07','2013-12-30 19:48:52','EditableRadioField5','Does it ring to a voicemail?',NULL,5,0,NULL,'a:1:{i:0;a:4:{s:7:\"Display\";s:4:\"Show\";s:14:\"ConditionField\";s:19:\"EditableRadioField4\";s:15:\"ConditionOption\";s:8:\"HasValue\";s:5:\"Value\";s:3:\"Yes\";}}','a:3:{s:10:\"ExtraClass\";s:0:\"\";s:10:\"RightTitle\";s:0:\"\";s:10:\"ShowOnLoad\";s:4:\"Hide\";}',NULL,7),(55,6,13,1,1,1,'EditableRadioField','2013-12-28 06:04:32','2013-12-30 19:48:53','EditableRadioField6','What type of voicemail does it ring to? ',NULL,6,0,NULL,'a:1:{i:0;a:4:{s:7:\"Display\";s:4:\"Show\";s:14:\"ConditionField\";s:19:\"EditableRadioField5\";s:15:\"ConditionOption\";s:8:\"HasValue\";s:5:\"Value\";s:3:\"Yes\";}}','a:3:{s:10:\"ExtraClass\";s:0:\"\";s:10:\"RightTitle\";s:0:\"\";s:10:\"ShowOnLoad\";s:4:\"Hide\";}',NULL,7),(56,4,17,1,1,1,'EditableRadioField','2013-12-28 05:58:06','2013-12-30 19:49:48','EditableRadioField4','Is the phone number in service? ',NULL,4,0,NULL,'a:1:{i:0;a:4:{s:7:\"Display\";s:4:\"Show\";s:14:\"ConditionField\";s:0:\"\";s:15:\"ConditionOption\";s:7:\"IsBlank\";s:5:\"Value\";s:0:\"\";}}','a:3:{s:10:\"ExtraClass\";s:0:\"\";s:10:\"RightTitle\";s:0:\"\";s:10:\"ShowOnLoad\";s:4:\"Show\";}',NULL,7),(57,5,17,1,1,1,'EditableRadioField','2013-12-28 06:00:07','2013-12-30 19:49:49','EditableRadioField5','Does it ring to a voicemail?',NULL,5,0,NULL,'a:1:{i:0;a:4:{s:7:\"Display\";s:4:\"Show\";s:14:\"ConditionField\";s:19:\"EditableRadioField4\";s:15:\"ConditionOption\";s:8:\"HasValue\";s:5:\"Value\";s:3:\"Yes\";}}','a:3:{s:10:\"ExtraClass\";s:0:\"\";s:10:\"RightTitle\";s:0:\"\";s:10:\"ShowOnLoad\";s:4:\"Hide\";}',NULL,7),(58,6,14,1,1,1,'EditableRadioField','2013-12-28 06:04:32','2013-12-30 19:49:50','EditableRadioField6','What type of voicemail does it ring to? ',NULL,6,0,NULL,'a:1:{i:0;a:4:{s:7:\"Display\";s:4:\"Show\";s:14:\"ConditionField\";s:19:\"EditableRadioField5\";s:15:\"ConditionOption\";s:8:\"HasValue\";s:5:\"Value\";s:3:\"Yes\";}}','a:3:{s:10:\"ExtraClass\";s:0:\"\";s:10:\"RightTitle\";s:0:\"\";s:10:\"ShowOnLoad\";s:4:\"Hide\";}',NULL,7),(59,4,18,1,1,1,'EditableRadioField','2013-12-28 05:58:06','2013-12-30 19:50:46','EditableRadioField4','Is this phone number in service? ',NULL,4,0,NULL,'a:1:{i:0;a:4:{s:7:\"Display\";s:4:\"Show\";s:14:\"ConditionField\";s:0:\"\";s:15:\"ConditionOption\";s:7:\"IsBlank\";s:5:\"Value\";s:0:\"\";}}','a:3:{s:10:\"ExtraClass\";s:0:\"\";s:10:\"RightTitle\";s:0:\"\";s:10:\"ShowOnLoad\";s:4:\"Show\";}',NULL,7),(60,5,18,1,1,1,'EditableRadioField','2013-12-28 06:00:07','2013-12-30 19:50:47','EditableRadioField5','Does it ring to a voicemail?',NULL,5,0,NULL,'a:1:{i:0;a:4:{s:7:\"Display\";s:4:\"Show\";s:14:\"ConditionField\";s:19:\"EditableRadioField4\";s:15:\"ConditionOption\";s:8:\"HasValue\";s:5:\"Value\";s:3:\"Yes\";}}','a:3:{s:10:\"ExtraClass\";s:0:\"\";s:10:\"RightTitle\";s:0:\"\";s:10:\"ShowOnLoad\";s:4:\"Hide\";}',NULL,7),(61,6,15,1,1,1,'EditableRadioField','2013-12-28 06:04:32','2013-12-30 19:50:47','EditableRadioField6','What type of voicemail does it ring to? ',NULL,6,0,NULL,'a:1:{i:0;a:4:{s:7:\"Display\";s:4:\"Show\";s:14:\"ConditionField\";s:19:\"EditableRadioField5\";s:15:\"ConditionOption\";s:8:\"HasValue\";s:5:\"Value\";s:3:\"Yes\";}}','a:3:{s:10:\"ExtraClass\";s:0:\"\";s:10:\"RightTitle\";s:0:\"\";s:10:\"ShowOnLoad\";s:4:\"Hide\";}',NULL,7),(62,4,19,1,1,1,'EditableRadioField','2013-12-28 05:58:06','2013-12-30 19:51:42','EditableRadioField4','Is the phone number in service? ',NULL,4,0,NULL,'a:1:{i:0;a:4:{s:7:\"Display\";s:4:\"Show\";s:14:\"ConditionField\";s:0:\"\";s:15:\"ConditionOption\";s:7:\"IsBlank\";s:5:\"Value\";s:0:\"\";}}','a:3:{s:10:\"ExtraClass\";s:0:\"\";s:10:\"RightTitle\";s:0:\"\";s:10:\"ShowOnLoad\";s:4:\"Show\";}',NULL,7),(63,5,19,1,1,1,'EditableRadioField','2013-12-28 06:00:07','2013-12-30 19:51:44','EditableRadioField5','Does it ring to a voicemail?',NULL,5,0,NULL,'a:1:{i:0;a:4:{s:7:\"Display\";s:4:\"Show\";s:14:\"ConditionField\";s:19:\"EditableRadioField4\";s:15:\"ConditionOption\";s:8:\"HasValue\";s:5:\"Value\";s:3:\"Yes\";}}','a:3:{s:10:\"ExtraClass\";s:0:\"\";s:10:\"RightTitle\";s:0:\"\";s:10:\"ShowOnLoad\";s:4:\"Hide\";}',NULL,7),(64,6,16,1,1,1,'EditableRadioField','2013-12-28 06:04:32','2013-12-30 19:51:46','EditableRadioField6','Is the voicemail message a custom recorded voice? ',NULL,6,0,NULL,'a:1:{i:0;a:4:{s:7:\"Display\";s:4:\"Show\";s:14:\"ConditionField\";s:19:\"EditableRadioField5\";s:15:\"ConditionOption\";s:8:\"HasValue\";s:5:\"Value\";s:3:\"Yes\";}}','a:3:{s:10:\"ExtraClass\";s:0:\"\";s:10:\"RightTitle\";s:0:\"\";s:10:\"ShowOnLoad\";s:4:\"Hide\";}',NULL,7),(65,4,20,1,1,1,'EditableRadioField','2013-12-28 05:58:06','2013-12-30 19:52:37','EditableRadioField4','Is this phone number in service? ',NULL,4,0,NULL,'a:1:{i:0;a:4:{s:7:\"Display\";s:4:\"Show\";s:14:\"ConditionField\";s:0:\"\";s:15:\"ConditionOption\";s:7:\"IsBlank\";s:5:\"Value\";s:0:\"\";}}','a:3:{s:10:\"ExtraClass\";s:0:\"\";s:10:\"RightTitle\";s:0:\"\";s:10:\"ShowOnLoad\";s:4:\"Show\";}',NULL,7),(66,5,20,1,1,1,'EditableRadioField','2013-12-28 06:00:07','2013-12-30 19:52:38','EditableRadioField5','Does this phone number ring to a voicemail?',NULL,5,0,NULL,'a:1:{i:0;a:4:{s:7:\"Display\";s:4:\"Show\";s:14:\"ConditionField\";s:19:\"EditableRadioField4\";s:15:\"ConditionOption\";s:8:\"HasValue\";s:5:\"Value\";s:3:\"Yes\";}}','a:3:{s:10:\"ExtraClass\";s:0:\"\";s:10:\"RightTitle\";s:0:\"\";s:10:\"ShowOnLoad\";s:4:\"Hide\";}',NULL,7),(67,6,17,1,1,1,'EditableRadioField','2013-12-28 06:04:32','2013-12-30 19:52:38','EditableRadioField6','What type of voicemail does it ring to? ',NULL,6,0,NULL,'a:1:{i:0;a:4:{s:7:\"Display\";s:4:\"Show\";s:14:\"ConditionField\";s:19:\"EditableRadioField5\";s:15:\"ConditionOption\";s:8:\"HasValue\";s:5:\"Value\";s:3:\"Yes\";}}','a:3:{s:10:\"ExtraClass\";s:0:\"\";s:10:\"RightTitle\";s:0:\"\";s:10:\"ShowOnLoad\";s:4:\"Hide\";}',NULL,7),(68,4,21,1,1,1,'EditableRadioField','2013-12-28 05:58:06','2013-12-30 19:53:33','EditableRadioField4','Is the phone number in service? ',NULL,4,0,NULL,'a:1:{i:0;a:4:{s:7:\"Display\";s:4:\"Show\";s:14:\"ConditionField\";s:0:\"\";s:15:\"ConditionOption\";s:7:\"IsBlank\";s:5:\"Value\";s:0:\"\";}}','a:3:{s:10:\"ExtraClass\";s:0:\"\";s:10:\"RightTitle\";s:0:\"\";s:10:\"ShowOnLoad\";s:4:\"Show\";}',NULL,7),(69,5,21,1,1,1,'EditableRadioField','2013-12-28 06:00:07','2013-12-30 19:53:34','EditableRadioField5','Does it ring to a voicemail?',NULL,5,0,NULL,'a:1:{i:0;a:4:{s:7:\"Display\";s:4:\"Show\";s:14:\"ConditionField\";s:19:\"EditableRadioField4\";s:15:\"ConditionOption\";s:8:\"HasValue\";s:5:\"Value\";s:3:\"Yes\";}}','a:3:{s:10:\"ExtraClass\";s:0:\"\";s:10:\"RightTitle\";s:0:\"\";s:10:\"ShowOnLoad\";s:4:\"Hide\";}',NULL,7),(70,6,18,1,1,1,'EditableRadioField','2013-12-28 06:04:32','2013-12-30 19:53:35','EditableRadioField6','Is the voicemail message a custom recorded voice? ',NULL,6,0,NULL,'a:1:{i:0;a:4:{s:7:\"Display\";s:4:\"Show\";s:14:\"ConditionField\";s:19:\"EditableRadioField5\";s:15:\"ConditionOption\";s:8:\"HasValue\";s:5:\"Value\";s:3:\"Yes\";}}','a:3:{s:10:\"ExtraClass\";s:0:\"\";s:10:\"RightTitle\";s:0:\"\";s:10:\"ShowOnLoad\";s:4:\"Hide\";}',NULL,7),(71,4,22,1,1,1,'EditableRadioField','2013-12-28 05:58:06','2013-12-30 19:54:29','EditableRadioField4','Is this phone number in service? ',NULL,4,0,NULL,'a:1:{i:0;a:4:{s:7:\"Display\";s:4:\"Show\";s:14:\"ConditionField\";s:0:\"\";s:15:\"ConditionOption\";s:7:\"IsBlank\";s:5:\"Value\";s:0:\"\";}}','a:3:{s:10:\"ExtraClass\";s:0:\"\";s:10:\"RightTitle\";s:0:\"\";s:10:\"ShowOnLoad\";s:4:\"Show\";}',NULL,7),(72,5,22,1,1,1,'EditableRadioField','2013-12-28 06:00:07','2013-12-30 19:54:30','EditableRadioField5','Does this phone number ring to a voicemail?',NULL,5,0,NULL,'a:1:{i:0;a:4:{s:7:\"Display\";s:4:\"Show\";s:14:\"ConditionField\";s:19:\"EditableRadioField4\";s:15:\"ConditionOption\";s:8:\"HasValue\";s:5:\"Value\";s:3:\"Yes\";}}','a:3:{s:10:\"ExtraClass\";s:0:\"\";s:10:\"RightTitle\";s:0:\"\";s:10:\"ShowOnLoad\";s:4:\"Hide\";}',NULL,7),(73,6,19,1,1,1,'EditableRadioField','2013-12-28 06:04:32','2013-12-30 19:54:30','EditableRadioField6','What type of voicemail does it ring to? ',NULL,6,0,NULL,'a:1:{i:0;a:4:{s:7:\"Display\";s:4:\"Show\";s:14:\"ConditionField\";s:19:\"EditableRadioField5\";s:15:\"ConditionOption\";s:8:\"HasValue\";s:5:\"Value\";s:3:\"Yes\";}}','a:3:{s:10:\"ExtraClass\";s:0:\"\";s:10:\"RightTitle\";s:0:\"\";s:10:\"ShowOnLoad\";s:4:\"Hide\";}',NULL,7),(74,4,23,1,1,1,'EditableRadioField','2013-12-28 05:58:06','2013-12-30 19:55:12','EditableRadioField4','Is the phone number in service? ',NULL,4,0,NULL,'a:1:{i:0;a:4:{s:7:\"Display\";s:4:\"Show\";s:14:\"ConditionField\";s:0:\"\";s:15:\"ConditionOption\";s:7:\"IsBlank\";s:5:\"Value\";s:0:\"\";}}','a:3:{s:10:\"ExtraClass\";s:0:\"\";s:10:\"RightTitle\";s:0:\"\";s:10:\"ShowOnLoad\";s:4:\"Show\";}',NULL,7),(75,5,23,1,1,1,'EditableRadioField','2013-12-28 06:00:07','2013-12-30 19:55:13','EditableRadioField5','Does the phone number ring to a voicemail?',NULL,5,0,NULL,'a:1:{i:0;a:4:{s:7:\"Display\";s:4:\"Show\";s:14:\"ConditionField\";s:19:\"EditableRadioField4\";s:15:\"ConditionOption\";s:8:\"HasValue\";s:5:\"Value\";s:3:\"Yes\";}}','a:3:{s:10:\"ExtraClass\";s:0:\"\";s:10:\"RightTitle\";s:0:\"\";s:10:\"ShowOnLoad\";s:4:\"Hide\";}',NULL,7),(76,6,20,1,1,1,'EditableRadioField','2013-12-28 06:04:32','2013-12-30 19:55:13','EditableRadioField6','Is the voicemail message a custom recorded voice? ',NULL,6,0,NULL,'a:1:{i:0;a:4:{s:7:\"Display\";s:4:\"Show\";s:14:\"ConditionField\";s:19:\"EditableRadioField5\";s:15:\"ConditionOption\";s:8:\"HasValue\";s:5:\"Value\";s:3:\"Yes\";}}','a:3:{s:10:\"ExtraClass\";s:0:\"\";s:10:\"RightTitle\";s:0:\"\";s:10:\"ShowOnLoad\";s:4:\"Hide\";}',NULL,7),(77,4,24,1,1,1,'EditableRadioField','2013-12-28 05:58:06','2013-12-30 19:59:54','EditableRadioField4','Is this phone number in service? ',NULL,4,0,NULL,'a:1:{i:0;a:4:{s:7:\"Display\";s:4:\"Show\";s:14:\"ConditionField\";s:0:\"\";s:15:\"ConditionOption\";s:7:\"IsBlank\";s:5:\"Value\";s:0:\"\";}}','a:3:{s:10:\"ExtraClass\";s:0:\"\";s:10:\"RightTitle\";s:0:\"\";s:10:\"ShowOnLoad\";s:4:\"Show\";}',NULL,7),(78,5,24,1,1,1,'EditableRadioField','2013-12-28 06:00:07','2013-12-30 19:59:56','EditableRadioField5','Does this phone number ring to a voicemail?',NULL,5,0,NULL,'a:1:{i:0;a:4:{s:7:\"Display\";s:4:\"Show\";s:14:\"ConditionField\";s:19:\"EditableRadioField4\";s:15:\"ConditionOption\";s:8:\"HasValue\";s:5:\"Value\";s:3:\"Yes\";}}','a:3:{s:10:\"ExtraClass\";s:0:\"\";s:10:\"RightTitle\";s:0:\"\";s:10:\"ShowOnLoad\";s:4:\"Hide\";}',NULL,7),(79,6,21,1,1,1,'EditableRadioField','2013-12-28 06:04:32','2013-12-30 19:59:57','EditableRadioField6','Is this voicemail a custom recorded voice? ',NULL,6,0,NULL,'a:1:{i:0;a:4:{s:7:\"Display\";s:4:\"Show\";s:14:\"ConditionField\";s:19:\"EditableRadioField5\";s:15:\"ConditionOption\";s:8:\"HasValue\";s:5:\"Value\";s:3:\"Yes\";}}','a:3:{s:10:\"ExtraClass\";s:0:\"\";s:10:\"RightTitle\";s:0:\"\";s:10:\"ShowOnLoad\";s:4:\"Hide\";}',NULL,7),(80,9,1,0,1,0,'EditableRadioField','2013-12-30 20:23:12','2013-12-30 20:23:12','EditableRadioField0',NULL,NULL,7,0,NULL,NULL,NULL,NULL,7),(81,10,1,0,1,0,'EditableRadioField','2013-12-30 20:23:27','2013-12-30 20:23:27','EditableRadioField0',NULL,NULL,8,0,NULL,NULL,NULL,NULL,7),(82,4,25,1,1,1,'EditableRadioField','2013-12-28 05:58:06','2013-12-30 20:26:43','EditableRadioField4','Is this phone number in service? ',NULL,1,0,NULL,'a:1:{i:0;a:4:{s:7:\"Display\";s:4:\"Show\";s:14:\"ConditionField\";s:0:\"\";s:15:\"ConditionOption\";s:7:\"IsBlank\";s:5:\"Value\";s:0:\"\";}}','a:3:{s:10:\"ExtraClass\";s:0:\"\";s:10:\"RightTitle\";s:0:\"\";s:10:\"ShowOnLoad\";s:4:\"Show\";}',NULL,7),(83,10,2,1,1,1,'EditableRadioField','2013-12-30 20:23:27','2013-12-30 20:26:44','EditableRadioField10','Does a human answer? ',NULL,2,0,NULL,'a:0:{}','a:3:{s:10:\"ExtraClass\";s:0:\"\";s:10:\"RightTitle\";s:0:\"\";s:10:\"ShowOnLoad\";s:4:\"Show\";}',NULL,7),(84,5,25,1,1,1,'EditableRadioField','2013-12-28 06:00:07','2013-12-30 20:26:44','EditableRadioField5','Does this phone number ring to a voicemail?',NULL,3,0,NULL,'a:1:{i:0;a:4:{s:7:\"Display\";s:4:\"Show\";s:14:\"ConditionField\";s:19:\"EditableRadioField4\";s:15:\"ConditionOption\";s:8:\"HasValue\";s:5:\"Value\";s:3:\"Yes\";}}','a:3:{s:10:\"ExtraClass\";s:0:\"\";s:10:\"RightTitle\";s:0:\"\";s:10:\"ShowOnLoad\";s:4:\"Hide\";}',NULL,7),(85,6,22,1,1,1,'EditableRadioField','2013-12-28 06:04:32','2013-12-30 20:26:45','EditableRadioField6','Is this voicemail a custom recorded voice? ',NULL,4,0,NULL,'a:1:{i:0;a:4:{s:7:\"Display\";s:4:\"Show\";s:14:\"ConditionField\";s:19:\"EditableRadioField5\";s:15:\"ConditionOption\";s:8:\"HasValue\";s:5:\"Value\";s:3:\"Yes\";}}','a:3:{s:10:\"ExtraClass\";s:0:\"\";s:10:\"RightTitle\";s:0:\"\";s:10:\"ShowOnLoad\";s:4:\"Hide\";}',NULL,7),(86,9,2,1,1,1,'EditableRadioField','2013-12-30 20:23:12','2013-12-30 20:26:45','EditableRadioField9',NULL,NULL,7,0,NULL,'a:0:{}','a:3:{s:10:\"ExtraClass\";s:0:\"\";s:10:\"RightTitle\";s:0:\"\";s:10:\"ShowOnLoad\";s:4:\"Show\";}',NULL,7),(87,4,26,1,1,1,'EditableRadioField','2013-12-28 05:58:06','2013-12-30 20:35:38','EditableRadioField4','Is this phone number in service? ',NULL,1,0,NULL,'a:1:{i:0;a:4:{s:7:\"Display\";s:4:\"Show\";s:14:\"ConditionField\";s:0:\"\";s:15:\"ConditionOption\";s:7:\"IsBlank\";s:5:\"Value\";s:0:\"\";}}','a:3:{s:10:\"ExtraClass\";s:0:\"\";s:10:\"RightTitle\";s:0:\"\";s:10:\"ShowOnLoad\";s:4:\"Show\";}',NULL,7),(88,10,3,1,1,1,'EditableRadioField','2013-12-30 20:23:27','2013-12-30 20:35:39','EditableRadioField10','Does a human answer? ',NULL,2,0,NULL,'a:1:{i:0;a:4:{s:7:\"Display\";s:4:\"Show\";s:14:\"ConditionField\";s:19:\"EditableRadioField4\";s:15:\"ConditionOption\";s:8:\"HasValue\";s:5:\"Value\";s:36:\"Yes, this phone number is in service\";}}','a:3:{s:10:\"ExtraClass\";s:0:\"\";s:10:\"RightTitle\";s:0:\"\";s:10:\"ShowOnLoad\";s:4:\"Hide\";}',NULL,7),(89,6,23,1,1,1,'EditableRadioField','2013-12-28 06:04:32','2013-12-30 20:35:39','EditableRadioField6','Is this voicemail a personal, custom recorded voicemail message? ',NULL,4,0,NULL,'a:1:{i:0;a:4:{s:7:\"Display\";s:4:\"Show\";s:14:\"ConditionField\";s:20:\"EditableRadioField10\";s:15:\"ConditionOption\";s:8:\"HasValue\";s:5:\"Value\";s:23:\"No, a voicemail answers\";}}','a:3:{s:10:\"ExtraClass\";s:0:\"\";s:10:\"RightTitle\";s:0:\"\";s:10:\"ShowOnLoad\";s:4:\"Hide\";}',NULL,7),(90,9,3,1,1,1,'EditableRadioField','2013-12-30 20:23:12','2013-12-30 20:35:40','EditableRadioField9',NULL,NULL,7,0,NULL,'a:0:{}','a:3:{s:10:\"ExtraClass\";s:0:\"\";s:10:\"RightTitle\";s:0:\"\";s:10:\"ShowOnLoad\";s:4:\"Show\";}',NULL,7),(91,11,1,0,1,0,'EditableRadioField','2013-12-30 20:53:57','2013-12-30 20:53:57','EditableRadioField0',NULL,NULL,8,0,NULL,NULL,NULL,NULL,7),(92,4,27,1,1,1,'EditableRadioField','2013-12-28 05:58:06','2013-12-30 20:59:51','EditableRadioField4','Is this phone number in service? ',NULL,1,0,NULL,'a:1:{i:0;a:4:{s:7:\"Display\";s:4:\"Show\";s:14:\"ConditionField\";s:0:\"\";s:15:\"ConditionOption\";s:7:\"IsBlank\";s:5:\"Value\";s:0:\"\";}}','a:3:{s:10:\"ExtraClass\";s:0:\"\";s:10:\"RightTitle\";s:0:\"\";s:10:\"ShowOnLoad\";s:4:\"Show\";}',NULL,7),(93,10,4,1,1,1,'EditableRadioField','2013-12-30 20:23:27','2013-12-30 20:59:52','EditableRadioField10','Does a human answer? ',NULL,2,0,NULL,'a:1:{i:0;a:4:{s:7:\"Display\";s:4:\"Show\";s:14:\"ConditionField\";s:19:\"EditableRadioField4\";s:15:\"ConditionOption\";s:8:\"HasValue\";s:5:\"Value\";s:36:\"Yes, this phone number is in service\";}}','a:3:{s:10:\"ExtraClass\";s:0:\"\";s:10:\"RightTitle\";s:0:\"\";s:10:\"ShowOnLoad\";s:4:\"Hide\";}',NULL,7),(94,6,24,1,1,1,'EditableRadioField','2013-12-28 06:04:32','2013-12-30 20:59:52','EditableRadioField6','Is this voicemail a personal, custom recorded voicemail message? ',NULL,4,0,NULL,'a:1:{i:0;a:4:{s:7:\"Display\";s:4:\"Show\";s:14:\"ConditionField\";s:20:\"EditableRadioField10\";s:15:\"ConditionOption\";s:8:\"HasValue\";s:5:\"Value\";s:23:\"No, a voicemail answers\";}}','a:3:{s:10:\"ExtraClass\";s:0:\"\";s:10:\"RightTitle\";s:0:\"\";s:10:\"ShowOnLoad\";s:4:\"Hide\";}',NULL,7),(95,9,4,1,1,1,'EditableRadioField','2013-12-30 20:23:12','2013-12-30 20:59:53','EditableRadioField9','Is the voice on the away message a man\'s voice or a woman\'s?',NULL,7,0,NULL,'a:1:{i:0;a:4:{s:7:\"Display\";s:4:\"Show\";s:14:\"ConditionField\";s:19:\"EditableRadioField6\";s:15:\"ConditionOption\";s:8:\"HasValue\";s:5:\"Value\";s:45:\"Yes, the owner recorded a custom away message\";}}','a:3:{s:10:\"ExtraClass\";s:0:\"\";s:10:\"RightTitle\";s:0:\"\";s:10:\"ShowOnLoad\";s:4:\"Hide\";}',NULL,7),(96,11,2,1,1,1,'EditableRadioField','2013-12-30 20:53:57','2013-12-30 20:59:54','EditableRadioField11','Is the voicemail for a personal cell phone or for a residence or a business number? ',NULL,8,0,NULL,'a:1:{i:0;a:4:{s:7:\"Display\";s:4:\"Show\";s:14:\"ConditionField\";s:19:\"EditableRadioField6\";s:15:\"ConditionOption\";s:8:\"HasValue\";s:5:\"Value\";s:45:\"Yes, the owner recorded a custom away message\";}}','a:3:{s:10:\"ExtraClass\";s:0:\"\";s:10:\"RightTitle\";s:0:\"\";s:10:\"ShowOnLoad\";s:4:\"Hide\";}',NULL,7),(97,4,28,1,1,1,'EditableRadioField','2013-12-28 05:58:06','2013-12-30 21:04:29','EditableRadioField4','Is this phone number in service? ',NULL,1,0,NULL,'a:1:{i:0;a:4:{s:7:\"Display\";s:4:\"Show\";s:14:\"ConditionField\";s:0:\"\";s:15:\"ConditionOption\";s:7:\"IsBlank\";s:5:\"Value\";s:0:\"\";}}','a:3:{s:10:\"ExtraClass\";s:0:\"\";s:10:\"RightTitle\";s:0:\"\";s:10:\"ShowOnLoad\";s:4:\"Show\";}',NULL,7),(98,10,5,1,1,1,'EditableRadioField','2013-12-30 20:23:27','2013-12-30 21:04:30','EditableRadioField10','Does a human answer? ',NULL,2,0,NULL,'a:1:{i:0;a:4:{s:7:\"Display\";s:4:\"Show\";s:14:\"ConditionField\";s:19:\"EditableRadioField4\";s:15:\"ConditionOption\";s:8:\"HasValue\";s:5:\"Value\";s:36:\"Yes, this phone number is in service\";}}','a:3:{s:10:\"ExtraClass\";s:0:\"\";s:10:\"RightTitle\";s:0:\"\";s:10:\"ShowOnLoad\";s:4:\"Hide\";}',NULL,7),(99,6,25,1,1,1,'EditableRadioField','2013-12-28 06:04:32','2013-12-30 21:04:30','EditableRadioField6','Is this voicemail a personal, custom recorded voicemail message? ',NULL,4,0,NULL,'a:1:{i:0;a:4:{s:7:\"Display\";s:4:\"Show\";s:14:\"ConditionField\";s:20:\"EditableRadioField10\";s:15:\"ConditionOption\";s:8:\"HasValue\";s:5:\"Value\";s:23:\"No, a voicemail answers\";}}','a:3:{s:10:\"ExtraClass\";s:0:\"\";s:10:\"RightTitle\";s:0:\"\";s:10:\"ShowOnLoad\";s:4:\"Hide\";}',NULL,7),(100,9,5,1,1,1,'EditableRadioField','2013-12-30 20:23:12','2013-12-30 21:04:31','EditableRadioField9','Is the voice on the away message a man\'s voice or a woman\'s?',NULL,7,0,NULL,'a:1:{i:0;a:4:{s:7:\"Display\";s:4:\"Show\";s:14:\"ConditionField\";s:19:\"EditableRadioField6\";s:15:\"ConditionOption\";s:8:\"HasValue\";s:5:\"Value\";s:45:\"Yes, the owner recorded a custom away message\";}}','a:3:{s:10:\"ExtraClass\";s:0:\"\";s:10:\"RightTitle\";s:0:\"\";s:10:\"ShowOnLoad\";s:4:\"Hide\";}',NULL,7),(101,11,3,1,1,1,'EditableRadioField','2013-12-30 20:53:57','2013-12-30 21:04:31','EditableRadioField11','Is the voicemail for a personal cell phone or for a residence or a business number? ',NULL,8,0,NULL,'a:1:{i:0;a:4:{s:7:\"Display\";s:4:\"Show\";s:14:\"ConditionField\";s:19:\"EditableRadioField6\";s:15:\"ConditionOption\";s:8:\"HasValue\";s:5:\"Value\";s:45:\"Yes, the owner recorded a custom away message\";}}','a:3:{s:10:\"ExtraClass\";s:0:\"\";s:10:\"RightTitle\";s:0:\"\";s:10:\"ShowOnLoad\";s:4:\"Hide\";}',NULL,7),(102,4,29,1,1,1,'EditableRadioField','2013-12-28 05:58:06','2013-12-30 21:06:59','EditableRadioField4','Is this phone number in service? ',NULL,1,0,NULL,'a:1:{i:0;a:4:{s:7:\"Display\";s:4:\"Show\";s:14:\"ConditionField\";s:0:\"\";s:15:\"ConditionOption\";s:7:\"IsBlank\";s:5:\"Value\";s:0:\"\";}}','a:3:{s:10:\"ExtraClass\";s:0:\"\";s:10:\"RightTitle\";s:0:\"\";s:10:\"ShowOnLoad\";s:4:\"Show\";}',NULL,7),(103,10,6,1,1,1,'EditableRadioField','2013-12-30 20:23:27','2013-12-30 21:07:00','EditableRadioField10','Does a human answer? ',NULL,2,0,NULL,'a:1:{i:0;a:4:{s:7:\"Display\";s:4:\"Show\";s:14:\"ConditionField\";s:19:\"EditableRadioField4\";s:15:\"ConditionOption\";s:8:\"HasValue\";s:5:\"Value\";s:36:\"Yes, this phone number is in service\";}}','a:3:{s:10:\"ExtraClass\";s:0:\"\";s:10:\"RightTitle\";s:0:\"\";s:10:\"ShowOnLoad\";s:4:\"Hide\";}',NULL,7),(104,6,26,1,1,1,'EditableRadioField','2013-12-28 06:04:32','2013-12-30 21:07:00','EditableRadioField6','Is this voicemail a personal, custom recorded voicemail message? ',NULL,4,0,NULL,'a:1:{i:0;a:4:{s:7:\"Display\";s:4:\"Show\";s:14:\"ConditionField\";s:20:\"EditableRadioField10\";s:15:\"ConditionOption\";s:8:\"HasValue\";s:5:\"Value\";s:23:\"No, a voicemail answers\";}}','a:3:{s:10:\"ExtraClass\";s:0:\"\";s:10:\"RightTitle\";s:0:\"\";s:10:\"ShowOnLoad\";s:4:\"Hide\";}',NULL,7),(105,9,6,1,1,1,'EditableRadioField','2013-12-30 20:23:12','2013-12-30 21:07:01','EditableRadioField9','Is the voice on the away message a man\'s voice or a woman\'s?',NULL,7,0,NULL,'a:1:{i:0;a:4:{s:7:\"Display\";s:4:\"Show\";s:14:\"ConditionField\";s:19:\"EditableRadioField6\";s:15:\"ConditionOption\";s:8:\"HasValue\";s:5:\"Value\";s:45:\"Yes, the owner recorded a custom away message\";}}','a:3:{s:10:\"ExtraClass\";s:0:\"\";s:10:\"RightTitle\";s:0:\"\";s:10:\"ShowOnLoad\";s:4:\"Hide\";}',NULL,7),(106,11,4,1,1,1,'EditableRadioField','2013-12-30 20:53:57','2013-12-30 21:07:02','EditableRadioField11','Is the voicemail for a personal cell phone or for a residence or a business number? ',NULL,8,0,NULL,'a:1:{i:0;a:4:{s:7:\"Display\";s:4:\"Show\";s:14:\"ConditionField\";s:19:\"EditableRadioField6\";s:15:\"ConditionOption\";s:8:\"HasValue\";s:5:\"Value\";s:45:\"Yes, the owner recorded a custom away message\";}}','a:3:{s:10:\"ExtraClass\";s:0:\"\";s:10:\"RightTitle\";s:0:\"\";s:10:\"ShowOnLoad\";s:4:\"Hide\";}',NULL,7),(107,4,30,1,1,1,'EditableRadioField','2013-12-28 05:58:06','2013-12-30 21:09:50','EditableRadioField4','Is this phone number in service? ',NULL,1,0,NULL,'a:1:{i:0;a:4:{s:7:\"Display\";s:4:\"Show\";s:14:\"ConditionField\";s:0:\"\";s:15:\"ConditionOption\";s:7:\"IsBlank\";s:5:\"Value\";s:0:\"\";}}','a:3:{s:10:\"ExtraClass\";s:0:\"\";s:10:\"RightTitle\";s:0:\"\";s:10:\"ShowOnLoad\";s:4:\"Show\";}',NULL,7),(108,10,7,1,1,1,'EditableRadioField','2013-12-30 20:23:27','2013-12-30 21:09:51','EditableRadioField10','Does a human answer? ',NULL,2,0,NULL,'a:1:{i:0;a:4:{s:7:\"Display\";s:4:\"Show\";s:14:\"ConditionField\";s:19:\"EditableRadioField4\";s:15:\"ConditionOption\";s:8:\"HasValue\";s:5:\"Value\";s:36:\"Yes, this phone number is in service\";}}','a:3:{s:10:\"ExtraClass\";s:0:\"\";s:10:\"RightTitle\";s:0:\"\";s:10:\"ShowOnLoad\";s:4:\"Hide\";}',NULL,7),(109,6,27,1,1,1,'EditableRadioField','2013-12-28 06:04:32','2013-12-30 21:09:51','EditableRadioField6','Is this voicemail a personal, custom recorded voicemail message? ',NULL,4,0,NULL,'a:1:{i:0;a:4:{s:7:\"Display\";s:4:\"Show\";s:14:\"ConditionField\";s:20:\"EditableRadioField10\";s:15:\"ConditionOption\";s:8:\"HasValue\";s:5:\"Value\";s:23:\"No, a voicemail answers\";}}','a:3:{s:10:\"ExtraClass\";s:0:\"\";s:10:\"RightTitle\";s:0:\"\";s:10:\"ShowOnLoad\";s:4:\"Hide\";}',NULL,7),(110,9,7,1,1,1,'EditableRadioField','2013-12-30 20:23:12','2013-12-30 21:09:52','EditableRadioField9','Is the voice on the away message a man\'s voice or a woman\'s?',NULL,7,0,NULL,'a:1:{i:0;a:4:{s:7:\"Display\";s:4:\"Show\";s:14:\"ConditionField\";s:19:\"EditableRadioField6\";s:15:\"ConditionOption\";s:8:\"HasValue\";s:5:\"Value\";s:45:\"Yes, the owner recorded a custom away message\";}}','a:3:{s:10:\"ExtraClass\";s:0:\"\";s:10:\"RightTitle\";s:0:\"\";s:10:\"ShowOnLoad\";s:4:\"Hide\";}',NULL,7),(111,11,5,1,1,1,'EditableRadioField','2013-12-30 20:53:57','2013-12-30 21:09:53','EditableRadioField11','What type of phone number is this?',NULL,8,0,NULL,'a:1:{i:0;a:4:{s:7:\"Display\";s:4:\"Show\";s:14:\"ConditionField\";s:19:\"EditableRadioField6\";s:15:\"ConditionOption\";s:8:\"HasValue\";s:5:\"Value\";s:45:\"Yes, the owner recorded a custom away message\";}}','a:3:{s:10:\"ExtraClass\";s:0:\"\";s:10:\"RightTitle\";s:0:\"\";s:10:\"ShowOnLoad\";s:4:\"Hide\";}',NULL,7),(112,12,1,0,1,0,'EditableRadioField','2013-12-30 21:12:05','2013-12-30 21:12:05','EditableRadioField0',NULL,NULL,9,0,NULL,NULL,NULL,NULL,7),(113,13,1,0,1,0,'EditableRadioField','2013-12-30 21:14:10','2013-12-30 21:14:10','EditableRadioField0',NULL,NULL,10,0,NULL,NULL,NULL,NULL,7),(114,4,31,0,1,0,'EditableRadioField','2013-12-28 05:58:06','2013-12-30 21:14:32','EditableRadioField4','Is this phone number in service? ',NULL,1,0,NULL,'a:1:{i:0;a:4:{s:7:\"Display\";s:4:\"Show\";s:14:\"ConditionField\";s:0:\"\";s:15:\"ConditionOption\";s:7:\"IsBlank\";s:5:\"Value\";s:0:\"\";}}','a:3:{s:10:\"ExtraClass\";s:0:\"\";s:10:\"RightTitle\";s:0:\"\";s:10:\"ShowOnLoad\";s:4:\"Show\";}',NULL,7),(115,10,8,0,1,0,'EditableRadioField','2013-12-30 20:23:27','2013-12-30 21:14:33','EditableRadioField10','Does a human answer? ',NULL,2,0,NULL,'a:1:{i:0;a:4:{s:7:\"Display\";s:4:\"Show\";s:14:\"ConditionField\";s:19:\"EditableRadioField4\";s:15:\"ConditionOption\";s:8:\"HasValue\";s:5:\"Value\";s:36:\"Yes, this phone number is in service\";}}','a:3:{s:10:\"ExtraClass\";s:0:\"\";s:10:\"RightTitle\";s:0:\"\";s:10:\"ShowOnLoad\";s:4:\"Hide\";}',NULL,7),(116,6,28,0,1,0,'EditableRadioField','2013-12-28 06:04:32','2013-12-30 21:14:33','EditableRadioField6','Is this voicemail a personal, custom recorded voicemail message? ',NULL,4,0,NULL,'a:1:{i:0;a:4:{s:7:\"Display\";s:4:\"Show\";s:14:\"ConditionField\";s:20:\"EditableRadioField10\";s:15:\"ConditionOption\";s:8:\"HasValue\";s:5:\"Value\";s:23:\"No, a voicemail answers\";}}','a:3:{s:10:\"ExtraClass\";s:0:\"\";s:10:\"RightTitle\";s:0:\"\";s:10:\"ShowOnLoad\";s:4:\"Hide\";}',NULL,7),(117,9,8,0,1,0,'EditableRadioField','2013-12-30 20:23:12','2013-12-30 21:14:34','EditableRadioField9','Is the voice on the away message a man\'s voice or a woman\'s?',NULL,7,0,NULL,'a:1:{i:0;a:4:{s:7:\"Display\";s:4:\"Show\";s:14:\"ConditionField\";s:19:\"EditableRadioField6\";s:15:\"ConditionOption\";s:8:\"HasValue\";s:5:\"Value\";s:45:\"Yes, the owner recorded a custom away message\";}}','a:3:{s:10:\"ExtraClass\";s:0:\"\";s:10:\"RightTitle\";s:0:\"\";s:10:\"ShowOnLoad\";s:4:\"Hide\";}',NULL,7),(118,11,6,0,1,0,'EditableRadioField','2013-12-30 20:53:57','2013-12-30 21:14:35','EditableRadioField11','What type of phone number is this?',NULL,8,0,NULL,'a:1:{i:0;a:4:{s:7:\"Display\";s:4:\"Show\";s:14:\"ConditionField\";s:19:\"EditableRadioField6\";s:15:\"ConditionOption\";s:8:\"HasValue\";s:5:\"Value\";s:45:\"Yes, the owner recorded a custom away message\";}}','a:3:{s:10:\"ExtraClass\";s:0:\"\";s:10:\"RightTitle\";s:0:\"\";s:10:\"ShowOnLoad\";s:4:\"Hide\";}',NULL,7),(119,12,2,0,1,0,'EditableRadioField','2013-12-30 21:12:05','2013-12-30 21:14:39','EditableRadioField12','Does a man or a woman answer? ',NULL,9,0,NULL,'a:1:{i:0;a:4:{s:7:\"Display\";s:4:\"Show\";s:14:\"ConditionField\";s:20:\"EditableRadioField10\";s:15:\"ConditionOption\";s:8:\"HasValue\";s:5:\"Value\";s:20:\"Yes, a human answers\";}}','a:3:{s:10:\"ExtraClass\";s:0:\"\";s:10:\"RightTitle\";s:0:\"\";s:10:\"ShowOnLoad\";s:4:\"Hide\";}',NULL,7),(120,4,32,1,1,1,'EditableRadioField','2013-12-28 05:58:06','2013-12-30 21:16:40','EditableRadioField4','Is this phone number in service? ',NULL,1,0,NULL,'a:1:{i:0;a:4:{s:7:\"Display\";s:4:\"Show\";s:14:\"ConditionField\";s:0:\"\";s:15:\"ConditionOption\";s:7:\"IsBlank\";s:5:\"Value\";s:0:\"\";}}','a:3:{s:10:\"ExtraClass\";s:0:\"\";s:10:\"RightTitle\";s:0:\"\";s:10:\"ShowOnLoad\";s:4:\"Show\";}',NULL,7),(121,10,9,1,1,1,'EditableRadioField','2013-12-30 20:23:27','2013-12-30 21:16:40','EditableRadioField10','Does a human answer? ',NULL,2,0,NULL,'a:1:{i:0;a:4:{s:7:\"Display\";s:4:\"Show\";s:14:\"ConditionField\";s:19:\"EditableRadioField4\";s:15:\"ConditionOption\";s:8:\"HasValue\";s:5:\"Value\";s:36:\"Yes, this phone number is in service\";}}','a:3:{s:10:\"ExtraClass\";s:0:\"\";s:10:\"RightTitle\";s:0:\"\";s:10:\"ShowOnLoad\";s:4:\"Hide\";}',NULL,7),(122,6,29,1,1,1,'EditableRadioField','2013-12-28 06:04:32','2013-12-30 21:16:41','EditableRadioField6','Is this voicemail a personal, custom recorded voicemail message? ',NULL,4,0,NULL,'a:1:{i:0;a:4:{s:7:\"Display\";s:4:\"Show\";s:14:\"ConditionField\";s:20:\"EditableRadioField10\";s:15:\"ConditionOption\";s:8:\"HasValue\";s:5:\"Value\";s:23:\"No, a voicemail answers\";}}','a:3:{s:10:\"ExtraClass\";s:0:\"\";s:10:\"RightTitle\";s:0:\"\";s:10:\"ShowOnLoad\";s:4:\"Hide\";}',NULL,7),(123,9,9,1,1,1,'EditableRadioField','2013-12-30 20:23:12','2013-12-30 21:16:42','EditableRadioField9','Is the voice on the away message a man\'s voice or a woman\'s?',NULL,7,0,NULL,'a:1:{i:0;a:4:{s:7:\"Display\";s:4:\"Show\";s:14:\"ConditionField\";s:19:\"EditableRadioField6\";s:15:\"ConditionOption\";s:8:\"HasValue\";s:5:\"Value\";s:45:\"Yes, the owner recorded a custom away message\";}}','a:3:{s:10:\"ExtraClass\";s:0:\"\";s:10:\"RightTitle\";s:0:\"\";s:10:\"ShowOnLoad\";s:4:\"Hide\";}',NULL,7),(124,11,7,1,1,1,'EditableRadioField','2013-12-30 20:53:57','2013-12-30 21:16:42','EditableRadioField11','What type of phone number is this?',NULL,8,0,NULL,'a:1:{i:0;a:4:{s:7:\"Display\";s:4:\"Show\";s:14:\"ConditionField\";s:19:\"EditableRadioField6\";s:15:\"ConditionOption\";s:8:\"HasValue\";s:5:\"Value\";s:45:\"Yes, the owner recorded a custom away message\";}}','a:3:{s:10:\"ExtraClass\";s:0:\"\";s:10:\"RightTitle\";s:0:\"\";s:10:\"ShowOnLoad\";s:4:\"Hide\";}',NULL,7),(125,12,3,1,1,1,'EditableRadioField','2013-12-30 21:12:05','2013-12-30 21:16:43','EditableRadioField12','Does a man or a woman answer? ',NULL,9,0,NULL,'a:1:{i:0;a:4:{s:7:\"Display\";s:4:\"Show\";s:14:\"ConditionField\";s:20:\"EditableRadioField10\";s:15:\"ConditionOption\";s:8:\"HasValue\";s:5:\"Value\";s:20:\"Yes, a human answers\";}}','a:3:{s:10:\"ExtraClass\";s:0:\"\";s:10:\"RightTitle\";s:0:\"\";s:10:\"ShowOnLoad\";s:4:\"Hide\";}',NULL,7),(126,14,1,0,1,0,'EditableRadioField','2013-12-30 21:18:21','2013-12-30 21:18:21','EditableRadioField0',NULL,NULL,10,0,NULL,NULL,NULL,NULL,7),(127,15,1,0,1,0,'EditableRadioField','2013-12-30 21:18:55','2013-12-30 21:18:55','EditableRadioField0',NULL,NULL,11,0,NULL,NULL,NULL,NULL,7),(128,16,1,0,1,0,'EditableRadioField','2013-12-30 21:19:07','2013-12-30 21:19:07','EditableRadioField0',NULL,NULL,12,0,NULL,NULL,NULL,NULL,7),(129,4,33,1,1,1,'EditableRadioField','2013-12-28 05:58:06','2013-12-30 21:22:38','EditableRadioField4','Is this phone number in service? ',NULL,1,0,NULL,'a:1:{i:0;a:4:{s:7:\"Display\";s:4:\"Show\";s:14:\"ConditionField\";s:0:\"\";s:15:\"ConditionOption\";s:7:\"IsBlank\";s:5:\"Value\";s:0:\"\";}}','a:3:{s:10:\"ExtraClass\";s:0:\"\";s:10:\"RightTitle\";s:0:\"\";s:10:\"ShowOnLoad\";s:4:\"Show\";}',NULL,7),(130,10,10,1,1,1,'EditableRadioField','2013-12-30 20:23:27','2013-12-30 21:22:42','EditableRadioField10','Does a human answer? ',NULL,2,0,NULL,'a:1:{i:0;a:4:{s:7:\"Display\";s:4:\"Show\";s:14:\"ConditionField\";s:19:\"EditableRadioField4\";s:15:\"ConditionOption\";s:8:\"HasValue\";s:5:\"Value\";s:36:\"Yes, this phone number is in service\";}}','a:3:{s:10:\"ExtraClass\";s:0:\"\";s:10:\"RightTitle\";s:0:\"\";s:10:\"ShowOnLoad\";s:4:\"Hide\";}',NULL,7),(131,6,30,1,1,1,'EditableRadioField','2013-12-28 06:04:32','2013-12-30 21:22:44','EditableRadioField6','Is this voicemail a personal, custom recorded voicemail message? ',NULL,4,0,NULL,'a:1:{i:0;a:4:{s:7:\"Display\";s:4:\"Show\";s:14:\"ConditionField\";s:20:\"EditableRadioField10\";s:15:\"ConditionOption\";s:8:\"HasValue\";s:5:\"Value\";s:23:\"No, a voicemail answers\";}}','a:3:{s:10:\"ExtraClass\";s:0:\"\";s:10:\"RightTitle\";s:0:\"\";s:10:\"ShowOnLoad\";s:4:\"Hide\";}',NULL,7),(132,9,10,1,1,1,'EditableRadioField','2013-12-30 20:23:12','2013-12-30 21:22:45','EditableRadioField9','Is the voice on the away message a man\'s voice or a woman\'s?',NULL,7,0,NULL,'a:1:{i:0;a:4:{s:7:\"Display\";s:4:\"Show\";s:14:\"ConditionField\";s:19:\"EditableRadioField6\";s:15:\"ConditionOption\";s:8:\"HasValue\";s:5:\"Value\";s:45:\"Yes, the owner recorded a custom away message\";}}','a:3:{s:10:\"ExtraClass\";s:0:\"\";s:10:\"RightTitle\";s:0:\"\";s:10:\"ShowOnLoad\";s:4:\"Hide\";}',NULL,7),(133,11,8,1,1,1,'EditableRadioField','2013-12-30 20:53:57','2013-12-30 21:22:47','EditableRadioField11','What type of phone number is this?',NULL,8,0,NULL,'a:1:{i:0;a:4:{s:7:\"Display\";s:4:\"Show\";s:14:\"ConditionField\";s:19:\"EditableRadioField6\";s:15:\"ConditionOption\";s:8:\"HasValue\";s:5:\"Value\";s:45:\"Yes, the owner recorded a custom away message\";}}','a:3:{s:10:\"ExtraClass\";s:0:\"\";s:10:\"RightTitle\";s:0:\"\";s:10:\"ShowOnLoad\";s:4:\"Hide\";}',NULL,7),(134,12,4,1,1,1,'EditableRadioField','2013-12-30 21:12:05','2013-12-30 21:22:50','EditableRadioField12','Does a man or a woman answer? ',NULL,9,0,NULL,'a:1:{i:0;a:4:{s:7:\"Display\";s:4:\"Show\";s:14:\"ConditionField\";s:20:\"EditableRadioField10\";s:15:\"ConditionOption\";s:8:\"HasValue\";s:5:\"Value\";s:20:\"Yes, a human answers\";}}','a:3:{s:10:\"ExtraClass\";s:0:\"\";s:10:\"RightTitle\";s:0:\"\";s:10:\"ShowOnLoad\";s:4:\"Hide\";}',NULL,7),(135,14,2,1,1,1,'EditableRadioField','2013-12-30 21:18:21','2013-12-30 21:22:54','EditableRadioField14','Does the man say his name? ',NULL,10,0,NULL,'a:1:{i:0;a:4:{s:7:\"Display\";s:4:\"Show\";s:14:\"ConditionField\";s:20:\"EditableRadioField12\";s:15:\"ConditionOption\";s:8:\"HasValue\";s:5:\"Value\";s:13:\"A man answers\";}}','a:3:{s:10:\"ExtraClass\";s:0:\"\";s:10:\"RightTitle\";s:0:\"\";s:10:\"ShowOnLoad\";s:4:\"Hide\";}',NULL,7),(136,15,2,1,1,1,'EditableRadioField','2013-12-30 21:18:55','2013-12-30 21:22:55','EditableRadioField15','Does the woman say her name? ',NULL,11,0,NULL,'a:1:{i:0;a:4:{s:7:\"Display\";s:4:\"Show\";s:14:\"ConditionField\";s:20:\"EditableRadioField12\";s:15:\"ConditionOption\";s:8:\"HasValue\";s:5:\"Value\";s:15:\"A woman answers\";}}','a:3:{s:10:\"ExtraClass\";s:0:\"\";s:10:\"RightTitle\";s:0:\"\";s:10:\"ShowOnLoad\";s:4:\"Hide\";}',NULL,7),(137,4,34,1,1,1,'EditableRadioField','2013-12-28 05:58:06','2013-12-30 21:29:02','EditableRadioField4','Is this phone number in service? ',NULL,1,0,NULL,'a:1:{i:0;a:4:{s:7:\"Display\";s:4:\"Show\";s:14:\"ConditionField\";s:0:\"\";s:15:\"ConditionOption\";s:7:\"IsBlank\";s:5:\"Value\";s:0:\"\";}}','a:3:{s:10:\"ExtraClass\";s:0:\"\";s:10:\"RightTitle\";s:0:\"\";s:10:\"ShowOnLoad\";s:4:\"Show\";}',NULL,7),(138,10,11,1,1,1,'EditableRadioField','2013-12-30 20:23:27','2013-12-30 21:29:02','EditableRadioField10','Does a human answer? ',NULL,2,0,NULL,'a:1:{i:0;a:4:{s:7:\"Display\";s:4:\"Show\";s:14:\"ConditionField\";s:19:\"EditableRadioField4\";s:15:\"ConditionOption\";s:8:\"HasValue\";s:5:\"Value\";s:36:\"Yes, this phone number is in service\";}}','a:3:{s:10:\"ExtraClass\";s:0:\"\";s:10:\"RightTitle\";s:0:\"\";s:10:\"ShowOnLoad\";s:4:\"Hide\";}',NULL,7),(139,6,31,1,1,1,'EditableRadioField','2013-12-28 06:04:32','2013-12-30 21:29:04','EditableRadioField6','Is this voicemail a personal, custom recorded voicemail message? ',NULL,4,0,NULL,'a:1:{i:0;a:4:{s:7:\"Display\";s:4:\"Show\";s:14:\"ConditionField\";s:20:\"EditableRadioField10\";s:15:\"ConditionOption\";s:8:\"HasValue\";s:5:\"Value\";s:23:\"No, a voicemail answers\";}}','a:3:{s:10:\"ExtraClass\";s:0:\"\";s:10:\"RightTitle\";s:0:\"\";s:10:\"ShowOnLoad\";s:4:\"Hide\";}',NULL,7),(140,9,11,1,1,1,'EditableRadioField','2013-12-30 20:23:12','2013-12-30 21:29:07','EditableRadioField9','Is the voice on the away message a man\'s voice or a woman\'s?',NULL,7,0,NULL,'a:1:{i:0;a:4:{s:7:\"Display\";s:4:\"Show\";s:14:\"ConditionField\";s:19:\"EditableRadioField6\";s:15:\"ConditionOption\";s:8:\"HasValue\";s:5:\"Value\";s:45:\"Yes, the owner recorded a custom away message\";}}','a:3:{s:10:\"ExtraClass\";s:0:\"\";s:10:\"RightTitle\";s:0:\"\";s:10:\"ShowOnLoad\";s:4:\"Hide\";}',NULL,7),(141,11,9,1,1,1,'EditableRadioField','2013-12-30 20:53:57','2013-12-30 21:29:08','EditableRadioField11','What type of phone number is this?',NULL,8,0,NULL,'a:1:{i:0;a:4:{s:7:\"Display\";s:4:\"Show\";s:14:\"ConditionField\";s:19:\"EditableRadioField6\";s:15:\"ConditionOption\";s:8:\"HasValue\";s:5:\"Value\";s:45:\"Yes, the owner recorded a custom away message\";}}','a:3:{s:10:\"ExtraClass\";s:0:\"\";s:10:\"RightTitle\";s:0:\"\";s:10:\"ShowOnLoad\";s:4:\"Hide\";}',NULL,7),(142,12,5,1,1,1,'EditableRadioField','2013-12-30 21:12:05','2013-12-30 21:29:09','EditableRadioField12','Does a man or a woman answer? ',NULL,9,0,NULL,'a:1:{i:0;a:4:{s:7:\"Display\";s:4:\"Show\";s:14:\"ConditionField\";s:20:\"EditableRadioField10\";s:15:\"ConditionOption\";s:8:\"HasValue\";s:5:\"Value\";s:20:\"Yes, a human answers\";}}','a:3:{s:10:\"ExtraClass\";s:0:\"\";s:10:\"RightTitle\";s:0:\"\";s:10:\"ShowOnLoad\";s:4:\"Hide\";}',NULL,7),(143,14,3,1,1,1,'EditableRadioField','2013-12-30 21:18:21','2013-12-30 21:29:10','EditableRadioField14','Does the man say his name? ',NULL,10,0,NULL,'a:1:{i:0;a:4:{s:7:\"Display\";s:4:\"Show\";s:14:\"ConditionField\";s:20:\"EditableRadioField12\";s:15:\"ConditionOption\";s:8:\"HasValue\";s:5:\"Value\";s:13:\"A man answers\";}}','a:3:{s:10:\"ExtraClass\";s:0:\"\";s:10:\"RightTitle\";s:0:\"\";s:10:\"ShowOnLoad\";s:4:\"Hide\";}',NULL,7),(144,15,3,1,1,1,'EditableRadioField','2013-12-30 21:18:55','2013-12-30 21:29:11','EditableRadioField15','Does the woman say her name? ',NULL,11,0,NULL,'a:1:{i:0;a:4:{s:7:\"Display\";s:4:\"Show\";s:14:\"ConditionField\";s:20:\"EditableRadioField12\";s:15:\"ConditionOption\";s:8:\"HasValue\";s:5:\"Value\";s:15:\"A woman answers\";}}','a:3:{s:10:\"ExtraClass\";s:0:\"\";s:10:\"RightTitle\";s:0:\"\";s:10:\"ShowOnLoad\";s:4:\"Hide\";}',NULL,7),(145,4,35,1,1,1,'EditableRadioField','2013-12-28 05:58:06','2013-12-30 22:07:52','EditableRadioField4','Is this phone number in service? ',NULL,1,0,NULL,'a:1:{i:0;a:4:{s:7:\"Display\";s:4:\"Show\";s:14:\"ConditionField\";s:0:\"\";s:15:\"ConditionOption\";s:7:\"IsBlank\";s:5:\"Value\";s:0:\"\";}}','a:3:{s:10:\"ExtraClass\";s:0:\"\";s:10:\"RightTitle\";s:0:\"\";s:10:\"ShowOnLoad\";s:4:\"Show\";}',NULL,7),(146,10,12,1,1,1,'EditableRadioField','2013-12-30 20:23:27','2013-12-30 22:07:53','EditableRadioField10','Does a human answer? ',NULL,2,0,NULL,'a:1:{i:0;a:4:{s:7:\"Display\";s:4:\"Show\";s:14:\"ConditionField\";s:19:\"EditableRadioField4\";s:15:\"ConditionOption\";s:8:\"HasValue\";s:5:\"Value\";s:36:\"Yes, this phone number is in service\";}}','a:3:{s:10:\"ExtraClass\";s:0:\"\";s:10:\"RightTitle\";s:0:\"\";s:10:\"ShowOnLoad\";s:4:\"Hide\";}',NULL,7),(147,6,32,1,1,1,'EditableRadioField','2013-12-28 06:04:32','2013-12-30 22:07:54','EditableRadioField6','Is this voicemail a personal, custom recorded voicemail message? ',NULL,4,0,NULL,'a:1:{i:0;a:4:{s:7:\"Display\";s:4:\"Show\";s:14:\"ConditionField\";s:20:\"EditableRadioField10\";s:15:\"ConditionOption\";s:8:\"HasValue\";s:5:\"Value\";s:23:\"No, a voicemail answers\";}}','a:3:{s:10:\"ExtraClass\";s:0:\"\";s:10:\"RightTitle\";s:0:\"\";s:10:\"ShowOnLoad\";s:4:\"Hide\";}',NULL,7),(148,9,12,1,1,1,'EditableRadioField','2013-12-30 20:23:12','2013-12-30 22:07:55','EditableRadioField9','Is the voice on the away message a man\'s voice or a woman\'s?',NULL,7,0,NULL,'a:1:{i:0;a:4:{s:7:\"Display\";s:4:\"Show\";s:14:\"ConditionField\";s:19:\"EditableRadioField6\";s:15:\"ConditionOption\";s:8:\"HasValue\";s:5:\"Value\";s:45:\"Yes, the owner recorded a custom away message\";}}','a:3:{s:10:\"ExtraClass\";s:0:\"\";s:10:\"RightTitle\";s:0:\"\";s:10:\"ShowOnLoad\";s:4:\"Hide\";}',NULL,7),(149,11,10,1,1,1,'EditableRadioField','2013-12-30 20:53:57','2013-12-30 22:07:56','EditableRadioField11','What type of phone number is this?',NULL,8,0,NULL,'a:1:{i:0;a:4:{s:7:\"Display\";s:4:\"Show\";s:14:\"ConditionField\";s:19:\"EditableRadioField6\";s:15:\"ConditionOption\";s:8:\"HasValue\";s:5:\"Value\";s:45:\"Yes, the owner recorded a custom away message\";}}','a:3:{s:10:\"ExtraClass\";s:0:\"\";s:10:\"RightTitle\";s:0:\"\";s:10:\"ShowOnLoad\";s:4:\"Hide\";}',NULL,7),(150,12,6,1,1,1,'EditableRadioField','2013-12-30 21:12:05','2013-12-30 22:07:57','EditableRadioField12','Does a man or a woman answer? ',NULL,9,0,NULL,'a:1:{i:0;a:4:{s:7:\"Display\";s:4:\"Show\";s:14:\"ConditionField\";s:20:\"EditableRadioField10\";s:15:\"ConditionOption\";s:8:\"HasValue\";s:5:\"Value\";s:20:\"Yes, a human answers\";}}','a:3:{s:10:\"ExtraClass\";s:0:\"\";s:10:\"RightTitle\";s:0:\"\";s:10:\"ShowOnLoad\";s:4:\"Hide\";}',NULL,7),(151,14,4,1,1,1,'EditableRadioField','2013-12-30 21:18:21','2013-12-30 22:07:57','EditableRadioField14','Does the man say his name? ',NULL,10,0,NULL,'a:1:{i:0;a:4:{s:7:\"Display\";s:4:\"Show\";s:14:\"ConditionField\";s:20:\"EditableRadioField12\";s:15:\"ConditionOption\";s:8:\"HasValue\";s:5:\"Value\";s:13:\"A man answers\";}}','a:3:{s:10:\"ExtraClass\";s:0:\"\";s:10:\"RightTitle\";s:0:\"\";s:10:\"ShowOnLoad\";s:4:\"Hide\";}',NULL,7),(152,15,4,1,1,1,'EditableRadioField','2013-12-30 21:18:55','2013-12-30 22:07:58','EditableRadioField15','Does the woman say her name? ',NULL,11,0,NULL,'a:1:{i:0;a:4:{s:7:\"Display\";s:4:\"Show\";s:14:\"ConditionField\";s:20:\"EditableRadioField12\";s:15:\"ConditionOption\";s:8:\"HasValue\";s:5:\"Value\";s:15:\"A woman answers\";}}','a:3:{s:10:\"ExtraClass\";s:0:\"\";s:10:\"RightTitle\";s:0:\"\";s:10:\"ShowOnLoad\";s:4:\"Hide\";}',NULL,7),(153,4,36,1,1,1,'EditableRadioField','2013-12-28 05:58:06','2013-12-30 22:21:44','EditableRadioField4','Is this phone number in service? ',NULL,1,0,NULL,'a:1:{i:0;a:4:{s:7:\"Display\";s:4:\"Show\";s:14:\"ConditionField\";s:0:\"\";s:15:\"ConditionOption\";s:7:\"IsBlank\";s:5:\"Value\";s:0:\"\";}}','a:3:{s:10:\"ExtraClass\";s:0:\"\";s:10:\"RightTitle\";s:0:\"\";s:10:\"ShowOnLoad\";s:4:\"Show\";}',NULL,7),(154,10,13,1,1,1,'EditableRadioField','2013-12-30 20:23:27','2013-12-30 22:21:44','EditableRadioField10','Does a human answer? ',NULL,2,0,NULL,'a:1:{i:0;a:4:{s:7:\"Display\";s:4:\"Show\";s:14:\"ConditionField\";s:19:\"EditableRadioField4\";s:15:\"ConditionOption\";s:8:\"HasValue\";s:5:\"Value\";s:36:\"Yes, this phone number is in service\";}}','a:3:{s:10:\"ExtraClass\";s:0:\"\";s:10:\"RightTitle\";s:0:\"\";s:10:\"ShowOnLoad\";s:4:\"Hide\";}',NULL,7),(155,6,33,1,1,1,'EditableRadioField','2013-12-28 06:04:32','2013-12-30 22:21:45','EditableRadioField6','Is this voicemail a personal, custom recorded voicemail message? ',NULL,4,0,NULL,'a:1:{i:0;a:4:{s:7:\"Display\";s:4:\"Show\";s:14:\"ConditionField\";s:20:\"EditableRadioField10\";s:15:\"ConditionOption\";s:8:\"HasValue\";s:5:\"Value\";s:23:\"No, a voicemail answers\";}}','a:3:{s:10:\"ExtraClass\";s:0:\"\";s:10:\"RightTitle\";s:0:\"\";s:10:\"ShowOnLoad\";s:4:\"Hide\";}',NULL,7),(156,9,13,1,1,1,'EditableRadioField','2013-12-30 20:23:12','2013-12-30 22:21:45','EditableRadioField9','Is the voice on the away message a man\'s voice or a woman\'s?',NULL,7,0,NULL,'a:1:{i:0;a:4:{s:7:\"Display\";s:4:\"Show\";s:14:\"ConditionField\";s:19:\"EditableRadioField6\";s:15:\"ConditionOption\";s:8:\"HasValue\";s:5:\"Value\";s:45:\"Yes, the owner recorded a custom away message\";}}','a:3:{s:10:\"ExtraClass\";s:0:\"\";s:10:\"RightTitle\";s:0:\"\";s:10:\"ShowOnLoad\";s:4:\"Hide\";}',NULL,7),(157,11,11,1,1,1,'EditableRadioField','2013-12-30 20:53:57','2013-12-30 22:21:46','EditableRadioField11','What type of phone number is this?',NULL,8,0,NULL,'a:1:{i:0;a:4:{s:7:\"Display\";s:4:\"Show\";s:14:\"ConditionField\";s:19:\"EditableRadioField6\";s:15:\"ConditionOption\";s:8:\"HasValue\";s:5:\"Value\";s:45:\"Yes, the owner recorded a custom away message\";}}','a:3:{s:10:\"ExtraClass\";s:0:\"\";s:10:\"RightTitle\";s:0:\"\";s:10:\"ShowOnLoad\";s:4:\"Hide\";}',NULL,7),(158,12,7,1,1,1,'EditableRadioField','2013-12-30 21:12:05','2013-12-30 22:21:47','EditableRadioField12','Does a man or a woman answer? ',NULL,9,0,NULL,'a:1:{i:0;a:4:{s:7:\"Display\";s:4:\"Show\";s:14:\"ConditionField\";s:20:\"EditableRadioField10\";s:15:\"ConditionOption\";s:8:\"HasValue\";s:5:\"Value\";s:20:\"Yes, a human answers\";}}','a:3:{s:10:\"ExtraClass\";s:0:\"\";s:10:\"RightTitle\";s:0:\"\";s:10:\"ShowOnLoad\";s:4:\"Hide\";}',NULL,7),(159,14,5,1,1,1,'EditableRadioField','2013-12-30 21:18:21','2013-12-30 22:21:48','EditableRadioField14','Does the man say his name? ',NULL,10,0,NULL,'a:1:{i:0;a:4:{s:7:\"Display\";s:4:\"Show\";s:14:\"ConditionField\";s:20:\"EditableRadioField12\";s:15:\"ConditionOption\";s:8:\"HasValue\";s:5:\"Value\";s:13:\"A man answers\";}}','a:3:{s:10:\"ExtraClass\";s:0:\"\";s:10:\"RightTitle\";s:0:\"\";s:10:\"ShowOnLoad\";s:4:\"Hide\";}',NULL,7),(160,15,5,1,1,1,'EditableRadioField','2013-12-30 21:18:55','2013-12-30 22:21:49','EditableRadioField15','Does the woman say her name? ',NULL,11,0,NULL,'a:1:{i:0;a:4:{s:7:\"Display\";s:4:\"Show\";s:14:\"ConditionField\";s:20:\"EditableRadioField12\";s:15:\"ConditionOption\";s:8:\"HasValue\";s:5:\"Value\";s:15:\"A woman answers\";}}','a:3:{s:10:\"ExtraClass\";s:0:\"\";s:10:\"RightTitle\";s:0:\"\";s:10:\"ShowOnLoad\";s:4:\"Hide\";}',NULL,7),(161,4,37,1,1,1,'EditableRadioField','2013-12-28 05:58:06','2013-12-30 22:48:33','EditableRadioField4','Is this phone number in service? ',NULL,1,0,NULL,'a:1:{i:0;a:4:{s:7:\"Display\";s:4:\"Show\";s:14:\"ConditionField\";s:0:\"\";s:15:\"ConditionOption\";s:7:\"IsBlank\";s:5:\"Value\";s:0:\"\";}}','a:3:{s:10:\"ExtraClass\";s:0:\"\";s:10:\"RightTitle\";s:0:\"\";s:10:\"ShowOnLoad\";s:4:\"Show\";}',NULL,7),(162,10,14,1,1,1,'EditableRadioField','2013-12-30 20:23:27','2013-12-30 22:48:34','EditableRadioField10','Does a human answer? ',NULL,2,0,NULL,'a:1:{i:0;a:4:{s:7:\"Display\";s:4:\"Show\";s:14:\"ConditionField\";s:19:\"EditableRadioField4\";s:15:\"ConditionOption\";s:8:\"HasValue\";s:5:\"Value\";s:36:\"Yes, this phone number is in service\";}}','a:3:{s:10:\"ExtraClass\";s:0:\"\";s:10:\"RightTitle\";s:0:\"\";s:10:\"ShowOnLoad\";s:4:\"Hide\";}',NULL,7),(163,6,34,1,1,1,'EditableRadioField','2013-12-28 06:04:32','2013-12-30 22:48:34','EditableRadioField6','Is this voicemail a personally recorded voice message? ',NULL,4,0,NULL,'a:1:{i:0;a:4:{s:7:\"Display\";s:4:\"Show\";s:14:\"ConditionField\";s:20:\"EditableRadioField10\";s:15:\"ConditionOption\";s:8:\"HasValue\";s:5:\"Value\";s:23:\"No, a voicemail answers\";}}','a:3:{s:10:\"ExtraClass\";s:0:\"\";s:10:\"RightTitle\";s:0:\"\";s:10:\"ShowOnLoad\";s:4:\"Hide\";}',NULL,7),(164,9,14,1,1,1,'EditableRadioField','2013-12-30 20:23:12','2013-12-30 22:48:35','EditableRadioField9','Is the voice on the away message a man\'s voice or a woman\'s?',NULL,7,0,NULL,'a:1:{i:0;a:4:{s:7:\"Display\";s:4:\"Show\";s:14:\"ConditionField\";s:19:\"EditableRadioField6\";s:15:\"ConditionOption\";s:8:\"HasValue\";s:5:\"Value\";s:45:\"Yes, the owner recorded a custom away message\";}}','a:3:{s:10:\"ExtraClass\";s:0:\"\";s:10:\"RightTitle\";s:0:\"\";s:10:\"ShowOnLoad\";s:4:\"Hide\";}',NULL,7),(165,11,12,1,1,1,'EditableRadioField','2013-12-30 20:53:57','2013-12-30 22:48:35','EditableRadioField11','What type of phone number is this?',NULL,8,0,NULL,'a:1:{i:0;a:4:{s:7:\"Display\";s:4:\"Show\";s:14:\"ConditionField\";s:19:\"EditableRadioField6\";s:15:\"ConditionOption\";s:8:\"HasValue\";s:5:\"Value\";s:45:\"Yes, the owner recorded a custom away message\";}}','a:3:{s:10:\"ExtraClass\";s:0:\"\";s:10:\"RightTitle\";s:0:\"\";s:10:\"ShowOnLoad\";s:4:\"Hide\";}',NULL,7),(166,12,8,1,1,1,'EditableRadioField','2013-12-30 21:12:05','2013-12-30 22:48:36','EditableRadioField12','Does a man or a woman answer? ',NULL,9,0,NULL,'a:1:{i:0;a:4:{s:7:\"Display\";s:4:\"Show\";s:14:\"ConditionField\";s:20:\"EditableRadioField10\";s:15:\"ConditionOption\";s:8:\"HasValue\";s:5:\"Value\";s:20:\"Yes, a human answers\";}}','a:3:{s:10:\"ExtraClass\";s:0:\"\";s:10:\"RightTitle\";s:0:\"\";s:10:\"ShowOnLoad\";s:4:\"Hide\";}',NULL,7),(167,14,6,1,1,1,'EditableRadioField','2013-12-30 21:18:21','2013-12-30 22:48:36','EditableRadioField14','Does the man say his name? ',NULL,10,0,NULL,'a:1:{i:0;a:4:{s:7:\"Display\";s:4:\"Show\";s:14:\"ConditionField\";s:20:\"EditableRadioField12\";s:15:\"ConditionOption\";s:8:\"HasValue\";s:5:\"Value\";s:13:\"A man answers\";}}','a:3:{s:10:\"ExtraClass\";s:0:\"\";s:10:\"RightTitle\";s:0:\"\";s:10:\"ShowOnLoad\";s:4:\"Hide\";}',NULL,7),(168,15,6,1,1,1,'EditableRadioField','2013-12-30 21:18:55','2013-12-30 22:48:37','EditableRadioField15','Does the woman say her name? ',NULL,11,0,NULL,'a:1:{i:0;a:4:{s:7:\"Display\";s:4:\"Show\";s:14:\"ConditionField\";s:20:\"EditableRadioField12\";s:15:\"ConditionOption\";s:8:\"HasValue\";s:5:\"Value\";s:15:\"A woman answers\";}}','a:3:{s:10:\"ExtraClass\";s:0:\"\";s:10:\"RightTitle\";s:0:\"\";s:10:\"ShowOnLoad\";s:4:\"Hide\";}',NULL,7),(169,17,1,0,1,0,'EditableTextField','2013-12-30 22:53:18','2013-12-30 22:53:18','EditableTextField0',NULL,NULL,12,0,NULL,NULL,NULL,NULL,7),(170,18,1,0,1,0,'EditableTextField','2013-12-30 23:05:18','2013-12-30 23:05:18','EditableTextField0',NULL,NULL,13,0,NULL,NULL,NULL,NULL,7),(171,4,38,1,1,1,'EditableRadioField','2013-12-28 05:58:06','2013-12-31 23:43:29','EditableRadioField4','Is this phone number in service? ',NULL,1,0,NULL,'a:1:{i:0;a:4:{s:7:\"Display\";s:4:\"Show\";s:14:\"ConditionField\";s:0:\"\";s:15:\"ConditionOption\";s:7:\"IsBlank\";s:5:\"Value\";s:0:\"\";}}','a:3:{s:10:\"ExtraClass\";s:0:\"\";s:10:\"RightTitle\";s:0:\"\";s:10:\"ShowOnLoad\";s:4:\"Show\";}',NULL,7),(172,10,15,1,1,1,'EditableRadioField','2013-12-30 20:23:27','2013-12-31 23:43:29','EditableRadioField10','Does a human answer? ',NULL,2,0,NULL,'a:1:{i:0;a:4:{s:7:\"Display\";s:4:\"Show\";s:14:\"ConditionField\";s:19:\"EditableRadioField4\";s:15:\"ConditionOption\";s:8:\"HasValue\";s:5:\"Value\";s:36:\"Yes, this phone number is in service\";}}','a:3:{s:10:\"ExtraClass\";s:0:\"\";s:10:\"RightTitle\";s:0:\"\";s:10:\"ShowOnLoad\";s:4:\"Hide\";}',NULL,7),(173,6,35,1,1,1,'EditableRadioField','2013-12-28 06:04:32','2013-12-31 23:43:30','EditableRadioField6','Is this voicemail message a custom recorded voice message? ',NULL,4,0,NULL,'a:1:{i:0;a:4:{s:7:\"Display\";s:4:\"Show\";s:14:\"ConditionField\";s:20:\"EditableRadioField10\";s:15:\"ConditionOption\";s:8:\"HasValue\";s:5:\"Value\";s:23:\"No, a voicemail answers\";}}','a:3:{s:10:\"ExtraClass\";s:0:\"\";s:10:\"RightTitle\";s:0:\"\";s:10:\"ShowOnLoad\";s:4:\"Hide\";}',NULL,7),(174,9,15,1,1,1,'EditableRadioField','2013-12-30 20:23:12','2013-12-31 23:43:30','EditableRadioField9','Is the voice on the away message a man\'s voice or a woman\'s?',NULL,7,0,NULL,'a:1:{i:0;a:4:{s:7:\"Display\";s:4:\"Show\";s:14:\"ConditionField\";s:19:\"EditableRadioField6\";s:15:\"ConditionOption\";s:8:\"HasValue\";s:5:\"Value\";s:45:\"Yes, the owner recorded a custom away message\";}}','a:3:{s:10:\"ExtraClass\";s:0:\"\";s:10:\"RightTitle\";s:0:\"\";s:10:\"ShowOnLoad\";s:4:\"Hide\";}',NULL,7),(175,11,13,1,1,1,'EditableRadioField','2013-12-30 20:53:57','2013-12-31 23:43:30','EditableRadioField11','What type of phone number is this?',NULL,8,0,NULL,'a:1:{i:0;a:4:{s:7:\"Display\";s:4:\"Show\";s:14:\"ConditionField\";s:19:\"EditableRadioField6\";s:15:\"ConditionOption\";s:8:\"HasValue\";s:5:\"Value\";s:45:\"Yes, the owner recorded a custom away message\";}}','a:3:{s:10:\"ExtraClass\";s:0:\"\";s:10:\"RightTitle\";s:0:\"\";s:10:\"ShowOnLoad\";s:4:\"Hide\";}',NULL,7),(176,12,9,1,1,1,'EditableRadioField','2013-12-30 21:12:05','2013-12-31 23:43:30','EditableRadioField12','Does a man or a woman answer? ',NULL,9,0,NULL,'a:1:{i:0;a:4:{s:7:\"Display\";s:4:\"Show\";s:14:\"ConditionField\";s:20:\"EditableRadioField10\";s:15:\"ConditionOption\";s:8:\"HasValue\";s:5:\"Value\";s:20:\"Yes, a human answers\";}}','a:3:{s:10:\"ExtraClass\";s:0:\"\";s:10:\"RightTitle\";s:0:\"\";s:10:\"ShowOnLoad\";s:4:\"Hide\";}',NULL,7),(177,14,7,1,1,1,'EditableRadioField','2013-12-30 21:18:21','2013-12-31 23:43:31','EditableRadioField14','Does the man say his name? ',NULL,10,0,NULL,'a:1:{i:0;a:4:{s:7:\"Display\";s:4:\"Show\";s:14:\"ConditionField\";s:20:\"EditableRadioField12\";s:15:\"ConditionOption\";s:8:\"HasValue\";s:5:\"Value\";s:13:\"A man answers\";}}','a:3:{s:10:\"ExtraClass\";s:0:\"\";s:10:\"RightTitle\";s:0:\"\";s:10:\"ShowOnLoad\";s:4:\"Hide\";}',NULL,7),(178,15,7,1,1,1,'EditableRadioField','2013-12-30 21:18:55','2013-12-31 23:43:31','EditableRadioField15','Does the woman say her name? ',NULL,11,0,NULL,'a:1:{i:0;a:4:{s:7:\"Display\";s:4:\"Show\";s:14:\"ConditionField\";s:20:\"EditableRadioField12\";s:15:\"ConditionOption\";s:8:\"HasValue\";s:5:\"Value\";s:15:\"A woman answers\";}}','a:3:{s:10:\"ExtraClass\";s:0:\"\";s:10:\"RightTitle\";s:0:\"\";s:10:\"ShowOnLoad\";s:4:\"Hide\";}',NULL,7),(179,17,2,1,1,1,'EditableTextField','2013-12-30 22:53:18','2013-12-31 23:43:31','EditableTextField17',NULL,NULL,12,0,NULL,'a:0:{}','a:6:{s:10:\"ExtraClass\";s:0:\"\";s:10:\"RightTitle\";s:5:\"Notes\";s:9:\"MinLength\";s:0:\"\";s:9:\"MaxLength\";s:0:\"\";s:4:\"Rows\";s:1:\"1\";s:10:\"ShowOnLoad\";s:4:\"Show\";}',NULL,7),(180,18,2,1,1,1,'EditableTextField','2013-12-30 23:05:18','2013-12-31 23:43:31','EditableTextField18',NULL,NULL,13,0,NULL,'a:0:{}','a:6:{s:10:\"ExtraClass\";s:0:\"\";s:10:\"RightTitle\";s:0:\"\";s:9:\"MinLength\";s:0:\"\";s:9:\"MaxLength\";s:0:\"\";s:4:\"Rows\";s:1:\"1\";s:10:\"ShowOnLoad\";s:4:\"Show\";}',NULL,7),(181,4,39,1,1,1,'EditableRadioField','2013-12-28 05:58:06','2013-12-31 23:45:27','EditableRadioField4','Is this phone number in service? ',NULL,1,0,NULL,'a:1:{i:0;a:4:{s:7:\"Display\";s:4:\"Show\";s:14:\"ConditionField\";s:0:\"\";s:15:\"ConditionOption\";s:7:\"IsBlank\";s:5:\"Value\";s:0:\"\";}}','a:3:{s:10:\"ExtraClass\";s:0:\"\";s:10:\"RightTitle\";s:0:\"\";s:10:\"ShowOnLoad\";s:4:\"Show\";}',NULL,7),(182,10,16,1,1,1,'EditableRadioField','2013-12-30 20:23:27','2013-12-31 23:45:27','EditableRadioField10','Does a human answer? ',NULL,2,0,NULL,'a:1:{i:0;a:4:{s:7:\"Display\";s:4:\"Show\";s:14:\"ConditionField\";s:19:\"EditableRadioField4\";s:15:\"ConditionOption\";s:8:\"HasValue\";s:5:\"Value\";s:36:\"Yes, this phone number is in service\";}}','a:3:{s:10:\"ExtraClass\";s:0:\"\";s:10:\"RightTitle\";s:0:\"\";s:10:\"ShowOnLoad\";s:4:\"Hide\";}',NULL,7),(183,6,36,1,1,1,'EditableRadioField','2013-12-28 06:04:32','2013-12-31 23:45:28','EditableRadioField6','Is this voicemail message a custom recorded voice message? ',NULL,4,0,NULL,'a:1:{i:0;a:4:{s:7:\"Display\";s:4:\"Show\";s:14:\"ConditionField\";s:20:\"EditableRadioField10\";s:15:\"ConditionOption\";s:8:\"HasValue\";s:5:\"Value\";s:23:\"No, a voicemail answers\";}}','a:3:{s:10:\"ExtraClass\";s:0:\"\";s:10:\"RightTitle\";s:0:\"\";s:10:\"ShowOnLoad\";s:4:\"Hide\";}',NULL,7),(184,9,16,1,1,1,'EditableRadioField','2013-12-30 20:23:12','2013-12-31 23:45:28','EditableRadioField9','Is the voice on the away message a man\'s voice or a woman\'s?',NULL,7,0,NULL,'a:1:{i:0;a:4:{s:7:\"Display\";s:4:\"Show\";s:14:\"ConditionField\";s:19:\"EditableRadioField6\";s:15:\"ConditionOption\";s:8:\"HasValue\";s:5:\"Value\";s:45:\"Yes, the owner recorded a custom away message\";}}','a:3:{s:10:\"ExtraClass\";s:0:\"\";s:10:\"RightTitle\";s:0:\"\";s:10:\"ShowOnLoad\";s:4:\"Hide\";}',NULL,7),(185,11,14,1,1,1,'EditableRadioField','2013-12-30 20:53:57','2013-12-31 23:45:29','EditableRadioField11','What type of phone number is this?',NULL,8,0,NULL,'a:1:{i:0;a:4:{s:7:\"Display\";s:4:\"Show\";s:14:\"ConditionField\";s:19:\"EditableRadioField6\";s:15:\"ConditionOption\";s:8:\"HasValue\";s:5:\"Value\";s:45:\"Yes, the owner recorded a custom away message\";}}','a:3:{s:10:\"ExtraClass\";s:0:\"\";s:10:\"RightTitle\";s:0:\"\";s:10:\"ShowOnLoad\";s:4:\"Hide\";}',NULL,7),(186,12,10,1,1,1,'EditableRadioField','2013-12-30 21:12:05','2013-12-31 23:45:30','EditableRadioField12','Does a man or a woman answer? ',NULL,9,0,NULL,'a:1:{i:0;a:4:{s:7:\"Display\";s:4:\"Show\";s:14:\"ConditionField\";s:20:\"EditableRadioField10\";s:15:\"ConditionOption\";s:8:\"HasValue\";s:5:\"Value\";s:20:\"Yes, a human answers\";}}','a:3:{s:10:\"ExtraClass\";s:0:\"\";s:10:\"RightTitle\";s:0:\"\";s:10:\"ShowOnLoad\";s:4:\"Hide\";}',NULL,7),(187,14,8,1,1,1,'EditableRadioField','2013-12-30 21:18:21','2013-12-31 23:45:30','EditableRadioField14','Does the man say his name? ',NULL,10,0,NULL,'a:1:{i:0;a:4:{s:7:\"Display\";s:4:\"Show\";s:14:\"ConditionField\";s:20:\"EditableRadioField12\";s:15:\"ConditionOption\";s:8:\"HasValue\";s:5:\"Value\";s:13:\"A man answers\";}}','a:3:{s:10:\"ExtraClass\";s:0:\"\";s:10:\"RightTitle\";s:0:\"\";s:10:\"ShowOnLoad\";s:4:\"Hide\";}',NULL,7),(188,15,8,1,1,1,'EditableRadioField','2013-12-30 21:18:55','2013-12-31 23:45:30','EditableRadioField15','Does the woman say her name? ',NULL,11,0,NULL,'a:1:{i:0;a:4:{s:7:\"Display\";s:4:\"Show\";s:14:\"ConditionField\";s:20:\"EditableRadioField12\";s:15:\"ConditionOption\";s:8:\"HasValue\";s:5:\"Value\";s:15:\"A woman answers\";}}','a:3:{s:10:\"ExtraClass\";s:0:\"\";s:10:\"RightTitle\";s:0:\"\";s:10:\"ShowOnLoad\";s:4:\"Hide\";}',NULL,7),(189,17,3,1,1,1,'EditableTextField','2013-12-30 22:53:18','2013-12-31 23:45:30','EditableTextField17',NULL,NULL,12,0,NULL,'a:0:{}','a:6:{s:10:\"ExtraClass\";s:0:\"\";s:10:\"RightTitle\";s:5:\"Notes\";s:9:\"MinLength\";s:0:\"\";s:9:\"MaxLength\";s:0:\"\";s:4:\"Rows\";s:1:\"1\";s:10:\"ShowOnLoad\";s:4:\"Show\";}',NULL,7),(190,18,3,1,1,1,'EditableTextField','2013-12-30 23:05:18','2013-12-31 23:45:30','EditableTextField18',NULL,NULL,13,0,NULL,'a:2:{i:0;a:4:{s:7:\"Display\";s:4:\"Show\";s:14:\"ConditionField\";s:20:\"EditableRadioField14\";s:15:\"ConditionOption\";s:8:\"HasValue\";s:5:\"Value\";s:3:\"Yes\";}i:1;a:4:{s:7:\"Display\";s:4:\"Show\";s:14:\"ConditionField\";s:20:\"EditableRadioField15\";s:15:\"ConditionOption\";s:8:\"HasValue\";s:5:\"Value\";s:3:\"Yes\";}}','a:6:{s:10:\"ExtraClass\";s:0:\"\";s:10:\"RightTitle\";s:20:\"What name was said? \";s:9:\"MinLength\";s:0:\"\";s:9:\"MaxLength\";s:0:\"\";s:4:\"Rows\";s:1:\"1\";s:10:\"ShowOnLoad\";s:4:\"Hide\";}',NULL,7),(191,4,40,1,1,1,'EditableRadioField','2013-12-28 05:58:06','2013-12-31 23:49:19','EditableRadioField4','Is this phone number in service? ',NULL,1,0,NULL,'a:1:{i:0;a:4:{s:7:\"Display\";s:4:\"Show\";s:14:\"ConditionField\";s:0:\"\";s:15:\"ConditionOption\";s:7:\"IsBlank\";s:5:\"Value\";s:0:\"\";}}','a:3:{s:10:\"ExtraClass\";s:0:\"\";s:10:\"RightTitle\";s:0:\"\";s:10:\"ShowOnLoad\";s:4:\"Show\";}',NULL,7),(192,10,17,1,1,1,'EditableRadioField','2013-12-30 20:23:27','2013-12-31 23:49:19','EditableRadioField10','Does a human answer? ',NULL,2,0,NULL,'a:1:{i:0;a:4:{s:7:\"Display\";s:4:\"Show\";s:14:\"ConditionField\";s:19:\"EditableRadioField4\";s:15:\"ConditionOption\";s:8:\"HasValue\";s:5:\"Value\";s:36:\"Yes, this phone number is in service\";}}','a:3:{s:10:\"ExtraClass\";s:0:\"\";s:10:\"RightTitle\";s:0:\"\";s:10:\"ShowOnLoad\";s:4:\"Hide\";}',NULL,7),(193,6,37,1,1,1,'EditableRadioField','2013-12-28 06:04:32','2013-12-31 23:49:19','EditableRadioField6','Is this voicemail message a custom recorded voice message? ',NULL,4,0,NULL,'a:1:{i:0;a:4:{s:7:\"Display\";s:4:\"Show\";s:14:\"ConditionField\";s:20:\"EditableRadioField10\";s:15:\"ConditionOption\";s:8:\"HasValue\";s:5:\"Value\";s:23:\"No, a voicemail answers\";}}','a:3:{s:10:\"ExtraClass\";s:0:\"\";s:10:\"RightTitle\";s:0:\"\";s:10:\"ShowOnLoad\";s:4:\"Hide\";}',NULL,7),(194,9,17,1,1,1,'EditableRadioField','2013-12-30 20:23:12','2013-12-31 23:49:19','EditableRadioField9','Is the voice on the away message a man\'s voice or a woman\'s?',NULL,7,0,NULL,'a:1:{i:0;a:4:{s:7:\"Display\";s:4:\"Show\";s:14:\"ConditionField\";s:19:\"EditableRadioField6\";s:15:\"ConditionOption\";s:8:\"HasValue\";s:5:\"Value\";s:45:\"Yes, the owner recorded a custom away message\";}}','a:3:{s:10:\"ExtraClass\";s:0:\"\";s:10:\"RightTitle\";s:0:\"\";s:10:\"ShowOnLoad\";s:4:\"Hide\";}',NULL,7),(195,11,15,1,1,1,'EditableRadioField','2013-12-30 20:53:57','2013-12-31 23:49:19','EditableRadioField11','What type of phone number is this?',NULL,8,0,NULL,'a:1:{i:0;a:4:{s:7:\"Display\";s:4:\"Show\";s:14:\"ConditionField\";s:19:\"EditableRadioField6\";s:15:\"ConditionOption\";s:8:\"HasValue\";s:5:\"Value\";s:45:\"Yes, the owner recorded a custom away message\";}}','a:3:{s:10:\"ExtraClass\";s:0:\"\";s:10:\"RightTitle\";s:0:\"\";s:10:\"ShowOnLoad\";s:4:\"Hide\";}',NULL,7),(196,12,11,1,1,1,'EditableRadioField','2013-12-30 21:12:05','2013-12-31 23:49:19','EditableRadioField12','Does a man or a woman answer? ',NULL,9,0,NULL,'a:1:{i:0;a:4:{s:7:\"Display\";s:4:\"Show\";s:14:\"ConditionField\";s:20:\"EditableRadioField10\";s:15:\"ConditionOption\";s:8:\"HasValue\";s:5:\"Value\";s:20:\"Yes, a human answers\";}}','a:3:{s:10:\"ExtraClass\";s:0:\"\";s:10:\"RightTitle\";s:0:\"\";s:10:\"ShowOnLoad\";s:4:\"Hide\";}',NULL,7),(197,14,9,1,1,1,'EditableRadioField','2013-12-30 21:18:21','2013-12-31 23:49:20','EditableRadioField14','Does the man say his name? ',NULL,10,0,NULL,'a:1:{i:0;a:4:{s:7:\"Display\";s:4:\"Show\";s:14:\"ConditionField\";s:20:\"EditableRadioField12\";s:15:\"ConditionOption\";s:8:\"HasValue\";s:5:\"Value\";s:13:\"A man answers\";}}','a:3:{s:10:\"ExtraClass\";s:0:\"\";s:10:\"RightTitle\";s:0:\"\";s:10:\"ShowOnLoad\";s:4:\"Hide\";}',NULL,7),(198,15,9,1,1,1,'EditableRadioField','2013-12-30 21:18:55','2013-12-31 23:49:20','EditableRadioField15','Does the woman say her name? ',NULL,11,0,NULL,'a:2:{i:0;a:4:{s:7:\"Display\";s:4:\"Show\";s:14:\"ConditionField\";s:20:\"EditableRadioField14\";s:15:\"ConditionOption\";s:8:\"HasValue\";s:5:\"Value\";s:3:\"yes\";}i:1;a:4:{s:7:\"Display\";s:4:\"Show\";s:14:\"ConditionField\";s:20:\"EditableRadioField15\";s:15:\"ConditionOption\";s:8:\"HasValue\";s:5:\"Value\";s:3:\"yes\";}}','a:3:{s:10:\"ExtraClass\";s:0:\"\";s:10:\"RightTitle\";s:0:\"\";s:10:\"ShowOnLoad\";s:4:\"Hide\";}',NULL,7),(199,17,4,1,1,1,'EditableTextField','2013-12-30 22:53:18','2013-12-31 23:49:20','EditableTextField17',NULL,NULL,12,0,NULL,'a:0:{}','a:6:{s:10:\"ExtraClass\";s:0:\"\";s:10:\"RightTitle\";s:5:\"Notes\";s:9:\"MinLength\";s:0:\"\";s:9:\"MaxLength\";s:0:\"\";s:4:\"Rows\";s:1:\"1\";s:10:\"ShowOnLoad\";s:4:\"Show\";}',NULL,7),(200,18,4,1,1,1,'EditableTextField','2013-12-30 23:05:18','2013-12-31 23:49:20','EditableTextField18',NULL,NULL,13,0,NULL,'a:2:{i:0;a:4:{s:7:\"Display\";s:4:\"Show\";s:14:\"ConditionField\";s:20:\"EditableRadioField14\";s:15:\"ConditionOption\";s:8:\"HasValue\";s:5:\"Value\";s:3:\"Yes\";}i:1;a:4:{s:7:\"Display\";s:4:\"Show\";s:14:\"ConditionField\";s:20:\"EditableRadioField15\";s:15:\"ConditionOption\";s:8:\"HasValue\";s:5:\"Value\";s:3:\"Yes\";}}','a:6:{s:10:\"ExtraClass\";s:0:\"\";s:10:\"RightTitle\";s:20:\"What name was said? \";s:9:\"MinLength\";s:0:\"\";s:9:\"MaxLength\";s:0:\"\";s:4:\"Rows\";s:1:\"1\";s:10:\"ShowOnLoad\";s:4:\"Hide\";}',NULL,7),(201,4,41,1,1,1,'EditableRadioField','2013-12-28 05:58:06','2013-12-31 23:50:03','EditableRadioField4','Is this phone number in service? ',NULL,1,0,NULL,'a:1:{i:0;a:4:{s:7:\"Display\";s:4:\"Show\";s:14:\"ConditionField\";s:0:\"\";s:15:\"ConditionOption\";s:7:\"IsBlank\";s:5:\"Value\";s:0:\"\";}}','a:3:{s:10:\"ExtraClass\";s:0:\"\";s:10:\"RightTitle\";s:0:\"\";s:10:\"ShowOnLoad\";s:4:\"Show\";}',NULL,7),(202,10,18,1,1,1,'EditableRadioField','2013-12-30 20:23:27','2013-12-31 23:50:04','EditableRadioField10','Does a human answer? ',NULL,2,0,NULL,'a:1:{i:0;a:4:{s:7:\"Display\";s:4:\"Show\";s:14:\"ConditionField\";s:19:\"EditableRadioField4\";s:15:\"ConditionOption\";s:8:\"HasValue\";s:5:\"Value\";s:36:\"Yes, this phone number is in service\";}}','a:3:{s:10:\"ExtraClass\";s:0:\"\";s:10:\"RightTitle\";s:0:\"\";s:10:\"ShowOnLoad\";s:4:\"Hide\";}',NULL,7),(203,6,38,1,1,1,'EditableRadioField','2013-12-28 06:04:32','2013-12-31 23:50:04','EditableRadioField6','Is this voicemail message a custom recorded voice message? ',NULL,4,0,NULL,'a:1:{i:0;a:4:{s:7:\"Display\";s:4:\"Show\";s:14:\"ConditionField\";s:20:\"EditableRadioField10\";s:15:\"ConditionOption\";s:8:\"HasValue\";s:5:\"Value\";s:23:\"No, a voicemail answers\";}}','a:3:{s:10:\"ExtraClass\";s:0:\"\";s:10:\"RightTitle\";s:0:\"\";s:10:\"ShowOnLoad\";s:4:\"Hide\";}',NULL,7),(204,9,18,1,1,1,'EditableRadioField','2013-12-30 20:23:12','2013-12-31 23:50:05','EditableRadioField9','Is the voice on the away message a man\'s voice or a woman\'s?',NULL,7,0,NULL,'a:1:{i:0;a:4:{s:7:\"Display\";s:4:\"Show\";s:14:\"ConditionField\";s:19:\"EditableRadioField6\";s:15:\"ConditionOption\";s:8:\"HasValue\";s:5:\"Value\";s:45:\"Yes, the owner recorded a custom away message\";}}','a:3:{s:10:\"ExtraClass\";s:0:\"\";s:10:\"RightTitle\";s:0:\"\";s:10:\"ShowOnLoad\";s:4:\"Hide\";}',NULL,7),(205,11,16,1,1,1,'EditableRadioField','2013-12-30 20:53:57','2013-12-31 23:50:05','EditableRadioField11','What type of phone number is this?',NULL,8,0,NULL,'a:1:{i:0;a:4:{s:7:\"Display\";s:4:\"Show\";s:14:\"ConditionField\";s:19:\"EditableRadioField6\";s:15:\"ConditionOption\";s:8:\"HasValue\";s:5:\"Value\";s:45:\"Yes, the owner recorded a custom away message\";}}','a:3:{s:10:\"ExtraClass\";s:0:\"\";s:10:\"RightTitle\";s:0:\"\";s:10:\"ShowOnLoad\";s:4:\"Hide\";}',NULL,7),(206,12,12,1,1,1,'EditableRadioField','2013-12-30 21:12:05','2013-12-31 23:50:06','EditableRadioField12','Does a man or a woman answer? ',NULL,9,0,NULL,'a:1:{i:0;a:4:{s:7:\"Display\";s:4:\"Show\";s:14:\"ConditionField\";s:20:\"EditableRadioField10\";s:15:\"ConditionOption\";s:8:\"HasValue\";s:5:\"Value\";s:20:\"Yes, a human answers\";}}','a:3:{s:10:\"ExtraClass\";s:0:\"\";s:10:\"RightTitle\";s:0:\"\";s:10:\"ShowOnLoad\";s:4:\"Hide\";}',NULL,7),(207,14,10,1,1,1,'EditableRadioField','2013-12-30 21:18:21','2013-12-31 23:50:06','EditableRadioField14','Does the man say his name? ',NULL,10,0,NULL,'a:1:{i:0;a:4:{s:7:\"Display\";s:4:\"Show\";s:14:\"ConditionField\";s:20:\"EditableRadioField12\";s:15:\"ConditionOption\";s:8:\"HasValue\";s:5:\"Value\";s:13:\"A man answers\";}}','a:3:{s:10:\"ExtraClass\";s:0:\"\";s:10:\"RightTitle\";s:0:\"\";s:10:\"ShowOnLoad\";s:4:\"Hide\";}',NULL,7),(208,15,10,1,1,1,'EditableRadioField','2013-12-30 21:18:55','2013-12-31 23:50:07','EditableRadioField15','Does the woman say her name? ',NULL,11,0,NULL,'a:2:{i:0;a:4:{s:7:\"Display\";s:4:\"Show\";s:14:\"ConditionField\";s:20:\"EditableRadioField14\";s:15:\"ConditionOption\";s:8:\"HasValue\";s:5:\"Value\";s:3:\"yes\";}i:1;a:4:{s:7:\"Display\";s:4:\"Show\";s:14:\"ConditionField\";s:20:\"EditableRadioField15\";s:15:\"ConditionOption\";s:8:\"HasValue\";s:5:\"Value\";s:3:\"yes\";}}','a:3:{s:10:\"ExtraClass\";s:0:\"\";s:10:\"RightTitle\";s:0:\"\";s:10:\"ShowOnLoad\";s:4:\"Hide\";}',NULL,7),(209,17,5,1,1,1,'EditableTextField','2013-12-30 22:53:18','2013-12-31 23:50:07','EditableTextField17',NULL,NULL,12,0,NULL,'a:0:{}','a:6:{s:10:\"ExtraClass\";s:0:\"\";s:10:\"RightTitle\";s:5:\"Notes\";s:9:\"MinLength\";s:0:\"\";s:9:\"MaxLength\";s:0:\"\";s:4:\"Rows\";s:1:\"1\";s:10:\"ShowOnLoad\";s:4:\"Show\";}',NULL,7),(210,18,5,1,1,1,'EditableTextField','2013-12-30 23:05:18','2013-12-31 23:50:07','EditableTextField18',NULL,NULL,13,0,NULL,'a:2:{i:0;a:4:{s:7:\"Display\";s:4:\"Show\";s:14:\"ConditionField\";s:20:\"EditableRadioField14\";s:15:\"ConditionOption\";s:8:\"HasValue\";s:5:\"Value\";s:3:\"Yes\";}i:1;a:4:{s:7:\"Display\";s:4:\"Show\";s:14:\"ConditionField\";s:20:\"EditableRadioField15\";s:15:\"ConditionOption\";s:8:\"HasValue\";s:5:\"Value\";s:3:\"Yes\";}}','a:6:{s:10:\"ExtraClass\";s:0:\"\";s:10:\"RightTitle\";s:20:\"What name was said? \";s:9:\"MinLength\";s:0:\"\";s:9:\"MaxLength\";s:0:\"\";s:4:\"Rows\";s:1:\"1\";s:10:\"ShowOnLoad\";s:4:\"Hide\";}',NULL,7),(211,4,42,1,1,1,'EditableRadioField','2013-12-28 05:58:06','2013-12-31 23:52:39','EditableRadioField4','Is this phone number in service? ',NULL,1,0,NULL,'a:1:{i:0;a:4:{s:7:\"Display\";s:4:\"Show\";s:14:\"ConditionField\";s:0:\"\";s:15:\"ConditionOption\";s:7:\"IsBlank\";s:5:\"Value\";s:0:\"\";}}','a:3:{s:10:\"ExtraClass\";s:0:\"\";s:10:\"RightTitle\";s:0:\"\";s:10:\"ShowOnLoad\";s:4:\"Show\";}',NULL,7),(212,10,19,1,1,1,'EditableRadioField','2013-12-30 20:23:27','2013-12-31 23:52:39','EditableRadioField10','Does a human answer? ',NULL,2,0,NULL,'a:1:{i:0;a:4:{s:7:\"Display\";s:4:\"Show\";s:14:\"ConditionField\";s:19:\"EditableRadioField4\";s:15:\"ConditionOption\";s:8:\"HasValue\";s:5:\"Value\";s:36:\"Yes, this phone number is in service\";}}','a:3:{s:10:\"ExtraClass\";s:0:\"\";s:10:\"RightTitle\";s:0:\"\";s:10:\"ShowOnLoad\";s:4:\"Hide\";}',NULL,7),(213,6,39,1,1,1,'EditableRadioField','2013-12-28 06:04:32','2013-12-31 23:52:40','EditableRadioField6','Is this voicemail message a custom recorded voice message? ',NULL,4,0,NULL,'a:1:{i:0;a:4:{s:7:\"Display\";s:4:\"Show\";s:14:\"ConditionField\";s:20:\"EditableRadioField10\";s:15:\"ConditionOption\";s:8:\"HasValue\";s:5:\"Value\";s:23:\"No, a voicemail answers\";}}','a:3:{s:10:\"ExtraClass\";s:0:\"\";s:10:\"RightTitle\";s:0:\"\";s:10:\"ShowOnLoad\";s:4:\"Hide\";}',NULL,7),(214,9,19,1,1,1,'EditableRadioField','2013-12-30 20:23:12','2013-12-31 23:52:40','EditableRadioField9','Is the voice on the away message a man\'s voice or a woman\'s?',NULL,7,0,NULL,'a:1:{i:0;a:4:{s:7:\"Display\";s:4:\"Show\";s:14:\"ConditionField\";s:19:\"EditableRadioField6\";s:15:\"ConditionOption\";s:8:\"HasValue\";s:5:\"Value\";s:45:\"Yes, the owner recorded a custom away message\";}}','a:3:{s:10:\"ExtraClass\";s:0:\"\";s:10:\"RightTitle\";s:0:\"\";s:10:\"ShowOnLoad\";s:4:\"Hide\";}',NULL,7),(215,11,17,1,1,1,'EditableRadioField','2013-12-30 20:53:57','2013-12-31 23:52:41','EditableRadioField11','What type of phone number is this?',NULL,8,0,NULL,'a:1:{i:0;a:4:{s:7:\"Display\";s:4:\"Show\";s:14:\"ConditionField\";s:19:\"EditableRadioField6\";s:15:\"ConditionOption\";s:8:\"HasValue\";s:5:\"Value\";s:45:\"Yes, the owner recorded a custom away message\";}}','a:3:{s:10:\"ExtraClass\";s:0:\"\";s:10:\"RightTitle\";s:0:\"\";s:10:\"ShowOnLoad\";s:4:\"Hide\";}',NULL,7),(216,12,13,1,1,1,'EditableRadioField','2013-12-30 21:12:05','2013-12-31 23:52:41','EditableRadioField12','Does a man or a woman answer? ',NULL,9,0,NULL,'a:1:{i:0;a:4:{s:7:\"Display\";s:4:\"Show\";s:14:\"ConditionField\";s:20:\"EditableRadioField10\";s:15:\"ConditionOption\";s:8:\"HasValue\";s:5:\"Value\";s:20:\"Yes, a human answers\";}}','a:3:{s:10:\"ExtraClass\";s:0:\"\";s:10:\"RightTitle\";s:0:\"\";s:10:\"ShowOnLoad\";s:4:\"Hide\";}',NULL,7),(217,14,11,1,1,1,'EditableRadioField','2013-12-30 21:18:21','2013-12-31 23:52:41','EditableRadioField14','Does the man say his name? ',NULL,10,0,NULL,'a:1:{i:0;a:4:{s:7:\"Display\";s:4:\"Show\";s:14:\"ConditionField\";s:20:\"EditableRadioField12\";s:15:\"ConditionOption\";s:8:\"HasValue\";s:5:\"Value\";s:13:\"A man answers\";}}','a:3:{s:10:\"ExtraClass\";s:0:\"\";s:10:\"RightTitle\";s:0:\"\";s:10:\"ShowOnLoad\";s:4:\"Hide\";}',NULL,7),(218,15,11,1,1,1,'EditableRadioField','2013-12-30 21:18:55','2013-12-31 23:52:42','EditableRadioField15','Does the woman say her name? ',NULL,11,0,NULL,'a:2:{i:0;a:4:{s:7:\"Display\";s:4:\"Show\";s:14:\"ConditionField\";s:20:\"EditableRadioField14\";s:15:\"ConditionOption\";s:8:\"HasValue\";s:5:\"Value\";s:3:\"yes\";}i:1;a:4:{s:7:\"Display\";s:4:\"Show\";s:14:\"ConditionField\";s:20:\"EditableRadioField15\";s:15:\"ConditionOption\";s:8:\"HasValue\";s:5:\"Value\";s:3:\"yes\";}}','a:3:{s:10:\"ExtraClass\";s:0:\"\";s:10:\"RightTitle\";s:0:\"\";s:10:\"ShowOnLoad\";s:4:\"Hide\";}',NULL,7),(219,17,6,1,1,1,'EditableTextField','2013-12-30 22:53:18','2013-12-31 23:52:42','EditableTextField17',NULL,NULL,12,0,NULL,'a:0:{}','a:6:{s:10:\"ExtraClass\";s:0:\"\";s:10:\"RightTitle\";s:5:\"Notes\";s:9:\"MinLength\";s:0:\"\";s:9:\"MaxLength\";s:0:\"\";s:4:\"Rows\";s:1:\"1\";s:10:\"ShowOnLoad\";s:4:\"Show\";}',NULL,7),(220,18,6,1,1,1,'EditableTextField','2013-12-30 23:05:18','2013-12-31 23:52:42','EditableTextField18',NULL,NULL,13,0,NULL,'a:2:{i:0;a:4:{s:7:\"Display\";s:4:\"Show\";s:14:\"ConditionField\";s:20:\"EditableRadioField14\";s:15:\"ConditionOption\";s:8:\"HasValue\";s:5:\"Value\";s:3:\"Yes\";}i:1;a:4:{s:7:\"Display\";s:4:\"Show\";s:14:\"ConditionField\";s:20:\"EditableRadioField15\";s:15:\"ConditionOption\";s:8:\"HasValue\";s:5:\"Value\";s:3:\"Yes\";}}','a:6:{s:10:\"ExtraClass\";s:0:\"\";s:10:\"RightTitle\";s:20:\"What name was said? \";s:9:\"MinLength\";s:0:\"\";s:9:\"MaxLength\";s:0:\"\";s:4:\"Rows\";s:1:\"1\";s:10:\"ShowOnLoad\";s:4:\"Hide\";}',NULL,7),(221,4,43,1,1,1,'EditableRadioField','2013-12-28 05:58:06','2013-12-31 23:54:34','EditableRadioField4','Is this phone number in service? ',NULL,1,0,NULL,'a:1:{i:0;a:4:{s:7:\"Display\";s:4:\"Show\";s:14:\"ConditionField\";s:0:\"\";s:15:\"ConditionOption\";s:7:\"IsBlank\";s:5:\"Value\";s:0:\"\";}}','a:3:{s:10:\"ExtraClass\";s:0:\"\";s:10:\"RightTitle\";s:0:\"\";s:10:\"ShowOnLoad\";s:4:\"Show\";}',NULL,7),(222,10,20,1,1,1,'EditableRadioField','2013-12-30 20:23:27','2013-12-31 23:54:34','EditableRadioField10','Does a human answer? ',NULL,2,0,NULL,'a:1:{i:0;a:4:{s:7:\"Display\";s:4:\"Show\";s:14:\"ConditionField\";s:19:\"EditableRadioField4\";s:15:\"ConditionOption\";s:8:\"HasValue\";s:5:\"Value\";s:36:\"Yes, this phone number is in service\";}}','a:3:{s:10:\"ExtraClass\";s:0:\"\";s:10:\"RightTitle\";s:0:\"\";s:10:\"ShowOnLoad\";s:4:\"Hide\";}',NULL,7),(223,6,40,1,1,1,'EditableRadioField','2013-12-28 06:04:32','2013-12-31 23:54:35','EditableRadioField6','Is this voicemail message a custom recorded voice message? ',NULL,4,0,NULL,'a:1:{i:0;a:4:{s:7:\"Display\";s:4:\"Show\";s:14:\"ConditionField\";s:20:\"EditableRadioField10\";s:15:\"ConditionOption\";s:8:\"HasValue\";s:5:\"Value\";s:23:\"No, a voicemail answers\";}}','a:3:{s:10:\"ExtraClass\";s:0:\"\";s:10:\"RightTitle\";s:0:\"\";s:10:\"ShowOnLoad\";s:4:\"Hide\";}',NULL,7),(224,9,20,1,1,1,'EditableRadioField','2013-12-30 20:23:12','2013-12-31 23:54:35','EditableRadioField9','Is the voice on the away message a man\'s voice or a woman\'s?',NULL,7,0,NULL,'a:1:{i:0;a:4:{s:7:\"Display\";s:4:\"Show\";s:14:\"ConditionField\";s:19:\"EditableRadioField6\";s:15:\"ConditionOption\";s:8:\"HasValue\";s:5:\"Value\";s:45:\"Yes, the owner recorded a custom away message\";}}','a:3:{s:10:\"ExtraClass\";s:0:\"\";s:10:\"RightTitle\";s:0:\"\";s:10:\"ShowOnLoad\";s:4:\"Hide\";}',NULL,7),(225,11,18,1,1,1,'EditableRadioField','2013-12-30 20:53:57','2013-12-31 23:54:35','EditableRadioField11','What type of phone number is this?',NULL,8,0,NULL,'a:1:{i:0;a:4:{s:7:\"Display\";s:4:\"Show\";s:14:\"ConditionField\";s:19:\"EditableRadioField6\";s:15:\"ConditionOption\";s:8:\"HasValue\";s:5:\"Value\";s:45:\"Yes, the owner recorded a custom away message\";}}','a:3:{s:10:\"ExtraClass\";s:0:\"\";s:10:\"RightTitle\";s:0:\"\";s:10:\"ShowOnLoad\";s:4:\"Hide\";}',NULL,7),(226,12,14,1,1,1,'EditableRadioField','2013-12-30 21:12:05','2013-12-31 23:54:35','EditableRadioField12','Does a man or a woman answer? ',NULL,9,0,NULL,'a:1:{i:0;a:4:{s:7:\"Display\";s:4:\"Show\";s:14:\"ConditionField\";s:20:\"EditableRadioField10\";s:15:\"ConditionOption\";s:8:\"HasValue\";s:5:\"Value\";s:20:\"Yes, a human answers\";}}','a:3:{s:10:\"ExtraClass\";s:0:\"\";s:10:\"RightTitle\";s:0:\"\";s:10:\"ShowOnLoad\";s:4:\"Hide\";}',NULL,7),(227,14,12,1,1,1,'EditableRadioField','2013-12-30 21:18:21','2013-12-31 23:54:35','EditableRadioField14','Does the man say his name? ',NULL,10,0,NULL,'a:1:{i:0;a:4:{s:7:\"Display\";s:4:\"Show\";s:14:\"ConditionField\";s:20:\"EditableRadioField12\";s:15:\"ConditionOption\";s:8:\"HasValue\";s:5:\"Value\";s:13:\"A man answers\";}}','a:3:{s:10:\"ExtraClass\";s:0:\"\";s:10:\"RightTitle\";s:0:\"\";s:10:\"ShowOnLoad\";s:4:\"Hide\";}',NULL,7),(228,15,12,1,1,1,'EditableRadioField','2013-12-30 21:18:55','2013-12-31 23:54:36','EditableRadioField15','Does the woman say her name? ',NULL,11,0,NULL,'a:1:{i:0;a:4:{s:7:\"Display\";s:4:\"Show\";s:14:\"ConditionField\";s:20:\"EditableRadioField12\";s:15:\"ConditionOption\";s:8:\"HasValue\";s:5:\"Value\";s:15:\"A woman answers\";}}','a:3:{s:10:\"ExtraClass\";s:0:\"\";s:10:\"RightTitle\";s:0:\"\";s:10:\"ShowOnLoad\";s:4:\"Hide\";}',NULL,7),(229,17,7,1,1,1,'EditableTextField','2013-12-30 22:53:18','2013-12-31 23:54:36','EditableTextField17',NULL,NULL,12,0,NULL,'a:0:{}','a:6:{s:10:\"ExtraClass\";s:0:\"\";s:10:\"RightTitle\";s:5:\"Notes\";s:9:\"MinLength\";s:0:\"\";s:9:\"MaxLength\";s:0:\"\";s:4:\"Rows\";s:1:\"1\";s:10:\"ShowOnLoad\";s:4:\"Show\";}',NULL,7),(230,18,7,1,1,1,'EditableTextField','2013-12-30 23:05:18','2013-12-31 23:54:36','EditableTextField18',NULL,NULL,13,0,NULL,'a:2:{i:0;a:4:{s:7:\"Display\";s:4:\"Show\";s:14:\"ConditionField\";s:20:\"EditableRadioField14\";s:15:\"ConditionOption\";s:8:\"HasValue\";s:5:\"Value\";s:3:\"Yes\";}i:1;a:4:{s:7:\"Display\";s:4:\"Show\";s:14:\"ConditionField\";s:20:\"EditableRadioField15\";s:15:\"ConditionOption\";s:8:\"HasValue\";s:5:\"Value\";s:3:\"Yes\";}}','a:6:{s:10:\"ExtraClass\";s:0:\"\";s:10:\"RightTitle\";s:20:\"What name was said? \";s:9:\"MinLength\";s:0:\"\";s:9:\"MaxLength\";s:0:\"\";s:4:\"Rows\";s:1:\"1\";s:10:\"ShowOnLoad\";s:4:\"Hide\";}',NULL,7),(231,4,44,1,1,1,'EditableRadioField','2013-12-28 05:58:06','2013-12-31 23:56:33','EditableRadioField4','Is this phone number in service? ',NULL,1,0,NULL,'a:1:{i:0;a:4:{s:7:\"Display\";s:4:\"Show\";s:14:\"ConditionField\";s:0:\"\";s:15:\"ConditionOption\";s:7:\"IsBlank\";s:5:\"Value\";s:0:\"\";}}','a:3:{s:10:\"ExtraClass\";s:0:\"\";s:10:\"RightTitle\";s:0:\"\";s:10:\"ShowOnLoad\";s:4:\"Show\";}',NULL,7),(232,10,21,1,1,1,'EditableRadioField','2013-12-30 20:23:27','2013-12-31 23:56:33','EditableRadioField10','Does a human answer? ',NULL,2,0,NULL,'a:1:{i:0;a:4:{s:7:\"Display\";s:4:\"Show\";s:14:\"ConditionField\";s:19:\"EditableRadioField4\";s:15:\"ConditionOption\";s:8:\"HasValue\";s:5:\"Value\";s:36:\"Yes, this phone number is in service\";}}','a:3:{s:10:\"ExtraClass\";s:0:\"\";s:10:\"RightTitle\";s:0:\"\";s:10:\"ShowOnLoad\";s:4:\"Hide\";}',NULL,7),(233,6,41,1,1,1,'EditableRadioField','2013-12-28 06:04:32','2013-12-31 23:56:33','EditableRadioField6','Is this voicemail message a custom recorded voice message? ',NULL,4,0,NULL,'a:1:{i:0;a:4:{s:7:\"Display\";s:4:\"Show\";s:14:\"ConditionField\";s:20:\"EditableRadioField10\";s:15:\"ConditionOption\";s:8:\"HasValue\";s:5:\"Value\";s:23:\"No, a voicemail answers\";}}','a:3:{s:10:\"ExtraClass\";s:0:\"\";s:10:\"RightTitle\";s:0:\"\";s:10:\"ShowOnLoad\";s:4:\"Hide\";}',NULL,7),(234,9,21,1,1,1,'EditableRadioField','2013-12-30 20:23:12','2013-12-31 23:56:33','EditableRadioField9','Is the voice on the away message a man\'s voice or a woman\'s?',NULL,7,0,NULL,'a:1:{i:0;a:4:{s:7:\"Display\";s:4:\"Show\";s:14:\"ConditionField\";s:19:\"EditableRadioField6\";s:15:\"ConditionOption\";s:8:\"HasValue\";s:5:\"Value\";s:45:\"Yes, the owner recorded a custom away message\";}}','a:3:{s:10:\"ExtraClass\";s:0:\"\";s:10:\"RightTitle\";s:0:\"\";s:10:\"ShowOnLoad\";s:4:\"Hide\";}',NULL,7),(235,11,19,1,1,1,'EditableRadioField','2013-12-30 20:53:57','2013-12-31 23:56:34','EditableRadioField11','What type of phone number is this?',NULL,8,0,NULL,'a:1:{i:0;a:4:{s:7:\"Display\";s:4:\"Show\";s:14:\"ConditionField\";s:19:\"EditableRadioField6\";s:15:\"ConditionOption\";s:8:\"HasValue\";s:5:\"Value\";s:45:\"Yes, the owner recorded a custom away message\";}}','a:3:{s:10:\"ExtraClass\";s:0:\"\";s:10:\"RightTitle\";s:0:\"\";s:10:\"ShowOnLoad\";s:4:\"Hide\";}',NULL,7),(236,12,15,1,1,1,'EditableRadioField','2013-12-30 21:12:05','2013-12-31 23:56:34','EditableRadioField12','Does a man or a woman answer? ',NULL,9,0,NULL,'a:1:{i:0;a:4:{s:7:\"Display\";s:4:\"Show\";s:14:\"ConditionField\";s:20:\"EditableRadioField10\";s:15:\"ConditionOption\";s:8:\"HasValue\";s:5:\"Value\";s:20:\"Yes, a human answers\";}}','a:3:{s:10:\"ExtraClass\";s:0:\"\";s:10:\"RightTitle\";s:0:\"\";s:10:\"ShowOnLoad\";s:4:\"Hide\";}',NULL,7),(237,14,13,1,1,1,'EditableRadioField','2013-12-30 21:18:21','2013-12-31 23:56:34','EditableRadioField14','Does the man say his name? ',NULL,10,0,NULL,'a:1:{i:0;a:4:{s:7:\"Display\";s:4:\"Show\";s:14:\"ConditionField\";s:20:\"EditableRadioField12\";s:15:\"ConditionOption\";s:8:\"HasValue\";s:5:\"Value\";s:13:\"A man answers\";}}','a:3:{s:10:\"ExtraClass\";s:0:\"\";s:10:\"RightTitle\";s:0:\"\";s:10:\"ShowOnLoad\";s:4:\"Hide\";}',NULL,7),(238,15,13,1,1,1,'EditableRadioField','2013-12-30 21:18:55','2013-12-31 23:56:34','EditableRadioField15','Does the woman say her name? ',NULL,11,0,NULL,'a:1:{i:0;a:4:{s:7:\"Display\";s:4:\"Show\";s:14:\"ConditionField\";s:20:\"EditableRadioField12\";s:15:\"ConditionOption\";s:8:\"HasValue\";s:5:\"Value\";s:15:\"A woman answers\";}}','a:3:{s:10:\"ExtraClass\";s:0:\"\";s:10:\"RightTitle\";s:0:\"\";s:10:\"ShowOnLoad\";s:4:\"Hide\";}',NULL,7),(239,17,8,1,1,1,'EditableTextField','2013-12-30 22:53:18','2013-12-31 23:56:34','EditableTextField17',NULL,NULL,12,0,NULL,'a:0:{}','a:6:{s:10:\"ExtraClass\";s:0:\"\";s:10:\"RightTitle\";s:0:\"\";s:9:\"MinLength\";s:0:\"\";s:9:\"MaxLength\";s:0:\"\";s:4:\"Rows\";s:1:\"1\";s:10:\"ShowOnLoad\";s:4:\"Show\";}',NULL,7),(240,18,8,1,1,1,'EditableTextField','2013-12-30 23:05:18','2013-12-31 23:56:34','EditableTextField18',NULL,NULL,13,0,NULL,'a:2:{i:0;a:4:{s:7:\"Display\";s:4:\"Show\";s:14:\"ConditionField\";s:20:\"EditableRadioField14\";s:15:\"ConditionOption\";s:8:\"HasValue\";s:5:\"Value\";s:3:\"Yes\";}i:1;a:4:{s:7:\"Display\";s:4:\"Show\";s:14:\"ConditionField\";s:20:\"EditableRadioField15\";s:15:\"ConditionOption\";s:8:\"HasValue\";s:5:\"Value\";s:3:\"Yes\";}}','a:6:{s:10:\"ExtraClass\";s:0:\"\";s:10:\"RightTitle\";s:20:\"What name was said? \";s:9:\"MinLength\";s:0:\"\";s:9:\"MaxLength\";s:0:\"\";s:4:\"Rows\";s:1:\"1\";s:10:\"ShowOnLoad\";s:4:\"Hide\";}',NULL,7),(241,4,45,1,1,1,'EditableRadioField','2013-12-28 05:58:06','2013-12-31 23:57:29','EditableRadioField4','Is this phone number in service? ',NULL,1,0,NULL,'a:1:{i:0;a:4:{s:7:\"Display\";s:4:\"Show\";s:14:\"ConditionField\";s:0:\"\";s:15:\"ConditionOption\";s:7:\"IsBlank\";s:5:\"Value\";s:0:\"\";}}','a:3:{s:10:\"ExtraClass\";s:0:\"\";s:10:\"RightTitle\";s:0:\"\";s:10:\"ShowOnLoad\";s:4:\"Show\";}',NULL,7),(242,10,22,1,1,1,'EditableRadioField','2013-12-30 20:23:27','2013-12-31 23:57:29','EditableRadioField10','Does a human answer? ',NULL,2,0,NULL,'a:1:{i:0;a:4:{s:7:\"Display\";s:4:\"Show\";s:14:\"ConditionField\";s:19:\"EditableRadioField4\";s:15:\"ConditionOption\";s:8:\"HasValue\";s:5:\"Value\";s:36:\"Yes, this phone number is in service\";}}','a:3:{s:10:\"ExtraClass\";s:0:\"\";s:10:\"RightTitle\";s:0:\"\";s:10:\"ShowOnLoad\";s:4:\"Hide\";}',NULL,7),(243,6,42,1,1,1,'EditableRadioField','2013-12-28 06:04:32','2013-12-31 23:57:30','EditableRadioField6','Is this voicemail message a custom recorded voice message? ',NULL,4,0,NULL,'a:1:{i:0;a:4:{s:7:\"Display\";s:4:\"Show\";s:14:\"ConditionField\";s:20:\"EditableRadioField10\";s:15:\"ConditionOption\";s:8:\"HasValue\";s:5:\"Value\";s:23:\"No, a voicemail answers\";}}','a:3:{s:10:\"ExtraClass\";s:0:\"\";s:10:\"RightTitle\";s:0:\"\";s:10:\"ShowOnLoad\";s:4:\"Hide\";}',NULL,7),(244,9,22,1,1,1,'EditableRadioField','2013-12-30 20:23:12','2013-12-31 23:57:30','EditableRadioField9','Is the voice on the away message a man\'s voice or a woman\'s?',NULL,7,0,NULL,'a:1:{i:0;a:4:{s:7:\"Display\";s:4:\"Show\";s:14:\"ConditionField\";s:19:\"EditableRadioField6\";s:15:\"ConditionOption\";s:8:\"HasValue\";s:5:\"Value\";s:45:\"Yes, the owner recorded a custom away message\";}}','a:3:{s:10:\"ExtraClass\";s:0:\"\";s:10:\"RightTitle\";s:0:\"\";s:10:\"ShowOnLoad\";s:4:\"Hide\";}',NULL,7),(245,11,20,1,1,1,'EditableRadioField','2013-12-30 20:53:57','2013-12-31 23:57:30','EditableRadioField11','What type of phone number is this?',NULL,8,0,NULL,'a:1:{i:0;a:4:{s:7:\"Display\";s:4:\"Show\";s:14:\"ConditionField\";s:19:\"EditableRadioField6\";s:15:\"ConditionOption\";s:8:\"HasValue\";s:5:\"Value\";s:45:\"Yes, the owner recorded a custom away message\";}}','a:3:{s:10:\"ExtraClass\";s:0:\"\";s:10:\"RightTitle\";s:0:\"\";s:10:\"ShowOnLoad\";s:4:\"Hide\";}',NULL,7),(246,12,16,1,1,1,'EditableRadioField','2013-12-30 21:12:05','2013-12-31 23:57:30','EditableRadioField12','Does a man or a woman answer? ',NULL,9,0,NULL,'a:1:{i:0;a:4:{s:7:\"Display\";s:4:\"Show\";s:14:\"ConditionField\";s:20:\"EditableRadioField10\";s:15:\"ConditionOption\";s:8:\"HasValue\";s:5:\"Value\";s:20:\"Yes, a human answers\";}}','a:3:{s:10:\"ExtraClass\";s:0:\"\";s:10:\"RightTitle\";s:0:\"\";s:10:\"ShowOnLoad\";s:4:\"Hide\";}',NULL,7),(247,14,14,1,1,1,'EditableRadioField','2013-12-30 21:18:21','2013-12-31 23:57:30','EditableRadioField14','Does the man say his name? ',NULL,10,0,NULL,'a:1:{i:0;a:4:{s:7:\"Display\";s:4:\"Show\";s:14:\"ConditionField\";s:20:\"EditableRadioField12\";s:15:\"ConditionOption\";s:8:\"HasValue\";s:5:\"Value\";s:13:\"A man answers\";}}','a:3:{s:10:\"ExtraClass\";s:0:\"\";s:10:\"RightTitle\";s:0:\"\";s:10:\"ShowOnLoad\";s:4:\"Hide\";}',NULL,7),(248,15,14,1,1,1,'EditableRadioField','2013-12-30 21:18:55','2013-12-31 23:57:30','EditableRadioField15','Does the woman say her name? ',NULL,11,0,NULL,'a:1:{i:0;a:4:{s:7:\"Display\";s:4:\"Show\";s:14:\"ConditionField\";s:20:\"EditableRadioField12\";s:15:\"ConditionOption\";s:8:\"HasValue\";s:5:\"Value\";s:15:\"A woman answers\";}}','a:3:{s:10:\"ExtraClass\";s:0:\"\";s:10:\"RightTitle\";s:0:\"\";s:10:\"ShowOnLoad\";s:4:\"Hide\";}',NULL,7),(249,17,9,1,1,1,'EditableTextField','2013-12-30 22:53:18','2013-12-31 23:57:30','EditableTextField17',NULL,NULL,12,0,NULL,'a:0:{}','a:6:{s:10:\"ExtraClass\";s:0:\"\";s:10:\"RightTitle\";s:0:\"\";s:9:\"MinLength\";s:0:\"\";s:9:\"MaxLength\";s:0:\"\";s:4:\"Rows\";s:1:\"1\";s:10:\"ShowOnLoad\";s:4:\"Show\";}',NULL,7),(250,18,9,1,1,1,'EditableTextField','2013-12-30 23:05:18','2013-12-31 23:57:30','EditableTextField18',NULL,NULL,13,0,NULL,'a:2:{i:0;a:4:{s:7:\"Display\";s:4:\"Show\";s:14:\"ConditionField\";s:20:\"EditableRadioField14\";s:15:\"ConditionOption\";s:8:\"HasValue\";s:5:\"Value\";s:3:\"Yes\";}i:1;a:4:{s:7:\"Display\";s:4:\"Show\";s:14:\"ConditionField\";s:20:\"EditableRadioField15\";s:15:\"ConditionOption\";s:8:\"HasValue\";s:5:\"Value\";s:3:\"Yes\";}}','a:6:{s:10:\"ExtraClass\";s:0:\"\";s:10:\"RightTitle\";s:20:\"What name was said? \";s:9:\"MinLength\";s:0:\"\";s:9:\"MaxLength\";s:0:\"\";s:4:\"Rows\";s:1:\"1\";s:10:\"ShowOnLoad\";s:4:\"Hide\";}',NULL,7),(251,4,46,1,1,1,'EditableRadioField','2013-12-28 05:58:06','2013-12-31 23:58:32','EditableRadioField4','Is this phone number in service? ',NULL,1,0,NULL,'a:1:{i:0;a:4:{s:7:\"Display\";s:4:\"Show\";s:14:\"ConditionField\";s:0:\"\";s:15:\"ConditionOption\";s:7:\"IsBlank\";s:5:\"Value\";s:0:\"\";}}','a:3:{s:10:\"ExtraClass\";s:0:\"\";s:10:\"RightTitle\";s:0:\"\";s:10:\"ShowOnLoad\";s:4:\"Show\";}',NULL,7),(252,10,23,1,1,1,'EditableRadioField','2013-12-30 20:23:27','2013-12-31 23:58:32','EditableRadioField10','Does a human answer? ',NULL,2,0,NULL,'a:1:{i:0;a:4:{s:7:\"Display\";s:4:\"Show\";s:14:\"ConditionField\";s:19:\"EditableRadioField4\";s:15:\"ConditionOption\";s:8:\"HasValue\";s:5:\"Value\";s:36:\"Yes, this phone number is in service\";}}','a:3:{s:10:\"ExtraClass\";s:0:\"\";s:10:\"RightTitle\";s:0:\"\";s:10:\"ShowOnLoad\";s:4:\"Hide\";}',NULL,7),(253,6,43,1,1,1,'EditableRadioField','2013-12-28 06:04:32','2013-12-31 23:58:32','EditableRadioField6','Is this voicemail message a custom recorded voice message? ',NULL,4,0,NULL,'a:1:{i:0;a:4:{s:7:\"Display\";s:4:\"Show\";s:14:\"ConditionField\";s:20:\"EditableRadioField10\";s:15:\"ConditionOption\";s:8:\"HasValue\";s:5:\"Value\";s:23:\"No, a voicemail answers\";}}','a:3:{s:10:\"ExtraClass\";s:0:\"\";s:10:\"RightTitle\";s:0:\"\";s:10:\"ShowOnLoad\";s:4:\"Hide\";}',NULL,7),(254,9,23,1,1,1,'EditableRadioField','2013-12-30 20:23:12','2013-12-31 23:58:33','EditableRadioField9','Is the voice on the away message a man\'s voice or a woman\'s?',NULL,7,0,NULL,'a:1:{i:0;a:4:{s:7:\"Display\";s:4:\"Show\";s:14:\"ConditionField\";s:19:\"EditableRadioField6\";s:15:\"ConditionOption\";s:8:\"HasValue\";s:5:\"Value\";s:45:\"Yes, the owner recorded a custom away message\";}}','a:3:{s:10:\"ExtraClass\";s:0:\"\";s:10:\"RightTitle\";s:0:\"\";s:10:\"ShowOnLoad\";s:4:\"Hide\";}',NULL,7),(255,11,21,1,1,1,'EditableRadioField','2013-12-30 20:53:57','2013-12-31 23:58:33','EditableRadioField11','What type of phone number is this?',NULL,8,0,NULL,'a:1:{i:0;a:4:{s:7:\"Display\";s:4:\"Show\";s:14:\"ConditionField\";s:19:\"EditableRadioField6\";s:15:\"ConditionOption\";s:8:\"HasValue\";s:5:\"Value\";s:45:\"Yes, the owner recorded a custom away message\";}}','a:3:{s:10:\"ExtraClass\";s:0:\"\";s:10:\"RightTitle\";s:0:\"\";s:10:\"ShowOnLoad\";s:4:\"Hide\";}',NULL,7),(256,12,17,1,1,1,'EditableRadioField','2013-12-30 21:12:05','2013-12-31 23:58:33','EditableRadioField12','Does a man or a woman answer? ',NULL,9,0,NULL,'a:1:{i:0;a:4:{s:7:\"Display\";s:4:\"Show\";s:14:\"ConditionField\";s:20:\"EditableRadioField10\";s:15:\"ConditionOption\";s:8:\"HasValue\";s:5:\"Value\";s:20:\"Yes, a human answers\";}}','a:3:{s:10:\"ExtraClass\";s:0:\"\";s:10:\"RightTitle\";s:0:\"\";s:10:\"ShowOnLoad\";s:4:\"Hide\";}',NULL,7),(257,14,15,1,1,1,'EditableRadioField','2013-12-30 21:18:21','2013-12-31 23:58:33','EditableRadioField14','Does the man say his name? ',NULL,10,0,NULL,'a:1:{i:0;a:4:{s:7:\"Display\";s:4:\"Show\";s:14:\"ConditionField\";s:20:\"EditableRadioField12\";s:15:\"ConditionOption\";s:8:\"HasValue\";s:5:\"Value\";s:13:\"A man answers\";}}','a:3:{s:10:\"ExtraClass\";s:0:\"\";s:10:\"RightTitle\";s:0:\"\";s:10:\"ShowOnLoad\";s:4:\"Hide\";}',NULL,7),(258,15,15,1,1,1,'EditableRadioField','2013-12-30 21:18:55','2013-12-31 23:58:33','EditableRadioField15','Does the woman say her name? ',NULL,11,0,NULL,'a:1:{i:0;a:4:{s:7:\"Display\";s:4:\"Show\";s:14:\"ConditionField\";s:20:\"EditableRadioField12\";s:15:\"ConditionOption\";s:8:\"HasValue\";s:5:\"Value\";s:15:\"A woman answers\";}}','a:3:{s:10:\"ExtraClass\";s:0:\"\";s:10:\"RightTitle\";s:0:\"\";s:10:\"ShowOnLoad\";s:4:\"Hide\";}',NULL,7),(259,17,10,1,1,1,'EditableTextField','2013-12-30 22:53:18','2013-12-31 23:58:33','EditableTextField17',NULL,NULL,12,0,NULL,'a:0:{}','a:6:{s:10:\"ExtraClass\";s:0:\"\";s:10:\"RightTitle\";s:0:\"\";s:9:\"MinLength\";s:0:\"\";s:9:\"MaxLength\";s:0:\"\";s:4:\"Rows\";s:1:\"1\";s:10:\"ShowOnLoad\";s:4:\"Show\";}',NULL,7),(260,18,10,1,1,1,'EditableTextField','2013-12-30 23:05:18','2013-12-31 23:58:33','EditableTextField18',NULL,NULL,13,0,NULL,'a:2:{i:0;a:4:{s:7:\"Display\";s:4:\"Show\";s:14:\"ConditionField\";s:20:\"EditableRadioField14\";s:15:\"ConditionOption\";s:8:\"HasValue\";s:5:\"Value\";s:3:\"Yes\";}i:1;a:4:{s:7:\"Display\";s:4:\"Show\";s:14:\"ConditionField\";s:20:\"EditableRadioField15\";s:15:\"ConditionOption\";s:8:\"HasValue\";s:5:\"Value\";s:3:\"Yes\";}}','a:6:{s:10:\"ExtraClass\";s:0:\"\";s:10:\"RightTitle\";s:20:\"What name was said? \";s:9:\"MinLength\";s:0:\"\";s:9:\"MaxLength\";s:0:\"\";s:4:\"Rows\";s:1:\"1\";s:10:\"ShowOnLoad\";s:4:\"Hide\";}',NULL,7),(261,4,47,1,1,1,'EditableRadioField','2013-12-28 05:58:06','2014-01-01 00:00:11','EditableRadioField4','Is this phone number in service? ',NULL,1,0,NULL,'a:1:{i:0;a:4:{s:7:\"Display\";s:4:\"Show\";s:14:\"ConditionField\";s:0:\"\";s:15:\"ConditionOption\";s:7:\"IsBlank\";s:5:\"Value\";s:0:\"\";}}','a:3:{s:10:\"ExtraClass\";s:0:\"\";s:10:\"RightTitle\";s:0:\"\";s:10:\"ShowOnLoad\";s:4:\"Show\";}',NULL,7),(262,10,24,1,1,1,'EditableRadioField','2013-12-30 20:23:27','2014-01-01 00:00:11','EditableRadioField10','Does a human answer? ',NULL,2,0,NULL,'a:1:{i:0;a:4:{s:7:\"Display\";s:4:\"Show\";s:14:\"ConditionField\";s:19:\"EditableRadioField4\";s:15:\"ConditionOption\";s:8:\"HasValue\";s:5:\"Value\";s:36:\"Yes, this phone number is in service\";}}','a:3:{s:10:\"ExtraClass\";s:0:\"\";s:10:\"RightTitle\";s:0:\"\";s:10:\"ShowOnLoad\";s:4:\"Hide\";}',NULL,7),(263,6,44,1,1,1,'EditableRadioField','2013-12-28 06:04:32','2014-01-01 00:00:12','EditableRadioField6','Is this voicemail message a custom recorded voice message? ',NULL,4,0,NULL,'a:1:{i:0;a:4:{s:7:\"Display\";s:4:\"Show\";s:14:\"ConditionField\";s:20:\"EditableRadioField10\";s:15:\"ConditionOption\";s:8:\"HasValue\";s:5:\"Value\";s:23:\"No, a voicemail answers\";}}','a:3:{s:10:\"ExtraClass\";s:0:\"\";s:10:\"RightTitle\";s:0:\"\";s:10:\"ShowOnLoad\";s:4:\"Hide\";}',NULL,7),(264,9,24,1,1,1,'EditableRadioField','2013-12-30 20:23:12','2014-01-01 00:00:12','EditableRadioField9','Is the voice on the away message a man\'s voice or a woman\'s?',NULL,7,0,NULL,'a:1:{i:0;a:4:{s:7:\"Display\";s:4:\"Show\";s:14:\"ConditionField\";s:19:\"EditableRadioField6\";s:15:\"ConditionOption\";s:8:\"HasValue\";s:5:\"Value\";s:45:\"Yes, the owner recorded a custom away message\";}}','a:3:{s:10:\"ExtraClass\";s:0:\"\";s:10:\"RightTitle\";s:0:\"\";s:10:\"ShowOnLoad\";s:4:\"Hide\";}',NULL,7),(265,11,22,1,1,1,'EditableRadioField','2013-12-30 20:53:57','2014-01-01 00:00:12','EditableRadioField11','What type of phone number is this?',NULL,8,0,NULL,'a:1:{i:0;a:4:{s:7:\"Display\";s:4:\"Show\";s:14:\"ConditionField\";s:19:\"EditableRadioField6\";s:15:\"ConditionOption\";s:8:\"HasValue\";s:5:\"Value\";s:45:\"Yes, the owner recorded a custom away message\";}}','a:3:{s:10:\"ExtraClass\";s:0:\"\";s:10:\"RightTitle\";s:0:\"\";s:10:\"ShowOnLoad\";s:4:\"Hide\";}',NULL,7),(266,12,18,1,1,1,'EditableRadioField','2013-12-30 21:12:05','2014-01-01 00:00:12','EditableRadioField12','Does a man or a woman answer? ',NULL,9,0,NULL,'a:1:{i:0;a:4:{s:7:\"Display\";s:4:\"Show\";s:14:\"ConditionField\";s:20:\"EditableRadioField10\";s:15:\"ConditionOption\";s:8:\"HasValue\";s:5:\"Value\";s:20:\"Yes, a human answers\";}}','a:3:{s:10:\"ExtraClass\";s:0:\"\";s:10:\"RightTitle\";s:0:\"\";s:10:\"ShowOnLoad\";s:4:\"Hide\";}',NULL,7),(267,14,16,1,1,1,'EditableRadioField','2013-12-30 21:18:21','2014-01-01 00:00:13','EditableRadioField14','Does the man say his name? ',NULL,10,0,NULL,'a:1:{i:0;a:4:{s:7:\"Display\";s:4:\"Show\";s:14:\"ConditionField\";s:20:\"EditableRadioField12\";s:15:\"ConditionOption\";s:8:\"HasValue\";s:5:\"Value\";s:13:\"A man answers\";}}','a:3:{s:10:\"ExtraClass\";s:0:\"\";s:10:\"RightTitle\";s:0:\"\";s:10:\"ShowOnLoad\";s:4:\"Hide\";}',NULL,7),(268,15,16,1,1,1,'EditableRadioField','2013-12-30 21:18:55','2014-01-01 00:00:13','EditableRadioField15','Does the woman say her name? ',NULL,11,0,NULL,'a:1:{i:0;a:4:{s:7:\"Display\";s:4:\"Show\";s:14:\"ConditionField\";s:20:\"EditableRadioField12\";s:15:\"ConditionOption\";s:8:\"HasValue\";s:5:\"Value\";s:15:\"A woman answers\";}}','a:3:{s:10:\"ExtraClass\";s:0:\"\";s:10:\"RightTitle\";s:0:\"\";s:10:\"ShowOnLoad\";s:4:\"Hide\";}',NULL,7),(269,17,11,1,1,1,'EditableTextField','2013-12-30 22:53:18','2014-01-01 00:00:13','EditableTextField17',NULL,NULL,12,0,NULL,'a:0:{}','a:6:{s:10:\"ExtraClass\";s:0:\"\";s:10:\"RightTitle\";s:0:\"\";s:9:\"MinLength\";s:0:\"\";s:9:\"MaxLength\";s:0:\"\";s:4:\"Rows\";s:1:\"1\";s:10:\"ShowOnLoad\";s:4:\"Show\";}',NULL,7),(270,18,11,1,1,1,'EditableTextField','2013-12-30 23:05:18','2014-01-01 00:00:13','EditableTextField18',NULL,NULL,13,0,NULL,'a:2:{i:0;a:4:{s:7:\"Display\";s:4:\"Show\";s:14:\"ConditionField\";s:20:\"EditableRadioField14\";s:15:\"ConditionOption\";s:8:\"HasValue\";s:5:\"Value\";s:3:\"Yes\";}i:1;a:4:{s:7:\"Display\";s:4:\"Show\";s:14:\"ConditionField\";s:20:\"EditableRadioField15\";s:15:\"ConditionOption\";s:8:\"HasValue\";s:5:\"Value\";s:3:\"Yes\";}}','a:6:{s:10:\"ExtraClass\";s:0:\"\";s:10:\"RightTitle\";s:20:\"What name was said? \";s:9:\"MinLength\";s:0:\"\";s:9:\"MaxLength\";s:0:\"\";s:4:\"Rows\";s:1:\"1\";s:10:\"ShowOnLoad\";s:4:\"Hide\";}',NULL,7),(271,4,48,1,1,1,'EditableRadioField','2013-12-28 05:58:06','2014-01-01 00:04:50','EditableRadioField4','Is this phone number in service? ',NULL,1,0,NULL,'a:1:{i:0;a:4:{s:7:\"Display\";s:4:\"Show\";s:14:\"ConditionField\";s:0:\"\";s:15:\"ConditionOption\";s:7:\"IsBlank\";s:5:\"Value\";s:0:\"\";}}','a:3:{s:10:\"ExtraClass\";s:0:\"\";s:10:\"RightTitle\";s:0:\"\";s:10:\"ShowOnLoad\";s:4:\"Show\";}',NULL,7),(272,10,25,1,1,1,'EditableRadioField','2013-12-30 20:23:27','2014-01-01 00:04:50','EditableRadioField10','Does a human answer? ',NULL,2,0,NULL,'a:1:{i:0;a:4:{s:7:\"Display\";s:4:\"Show\";s:14:\"ConditionField\";s:19:\"EditableRadioField4\";s:15:\"ConditionOption\";s:8:\"HasValue\";s:5:\"Value\";s:36:\"Yes, this phone number is in service\";}}','a:3:{s:10:\"ExtraClass\";s:0:\"\";s:10:\"RightTitle\";s:0:\"\";s:10:\"ShowOnLoad\";s:4:\"Hide\";}',NULL,7),(273,6,45,1,1,1,'EditableRadioField','2013-12-28 06:04:32','2014-01-01 00:04:50','EditableRadioField6','Is this voicemail message a custom recorded voice message? ',NULL,4,0,NULL,'a:1:{i:0;a:4:{s:7:\"Display\";s:4:\"Show\";s:14:\"ConditionField\";s:20:\"EditableRadioField10\";s:15:\"ConditionOption\";s:8:\"HasValue\";s:5:\"Value\";s:23:\"No, a voicemail answers\";}}','a:3:{s:10:\"ExtraClass\";s:0:\"\";s:10:\"RightTitle\";s:0:\"\";s:10:\"ShowOnLoad\";s:4:\"Hide\";}',NULL,7),(274,9,25,1,1,1,'EditableRadioField','2013-12-30 20:23:12','2014-01-01 00:04:50','EditableRadioField9','Is the voice on the away message a man\'s voice or a woman\'s?',NULL,7,0,NULL,'a:1:{i:0;a:4:{s:7:\"Display\";s:4:\"Show\";s:14:\"ConditionField\";s:19:\"EditableRadioField6\";s:15:\"ConditionOption\";s:8:\"HasValue\";s:5:\"Value\";s:45:\"Yes, the owner recorded a custom away message\";}}','a:3:{s:10:\"ExtraClass\";s:0:\"\";s:10:\"RightTitle\";s:0:\"\";s:10:\"ShowOnLoad\";s:4:\"Hide\";}',NULL,7),(275,11,23,1,1,1,'EditableRadioField','2013-12-30 20:53:57','2014-01-01 00:04:50','EditableRadioField11','What type of phone number is this?',NULL,8,0,NULL,'a:1:{i:0;a:4:{s:7:\"Display\";s:4:\"Show\";s:14:\"ConditionField\";s:19:\"EditableRadioField6\";s:15:\"ConditionOption\";s:8:\"HasValue\";s:5:\"Value\";s:45:\"Yes, the owner recorded a custom away message\";}}','a:3:{s:10:\"ExtraClass\";s:0:\"\";s:10:\"RightTitle\";s:0:\"\";s:10:\"ShowOnLoad\";s:4:\"Hide\";}',NULL,7),(276,12,19,1,1,1,'EditableRadioField','2013-12-30 21:12:05','2014-01-01 00:04:51','EditableRadioField12','Does a man or a woman answer? ',NULL,9,0,NULL,'a:1:{i:0;a:4:{s:7:\"Display\";s:4:\"Show\";s:14:\"ConditionField\";s:20:\"EditableRadioField10\";s:15:\"ConditionOption\";s:8:\"HasValue\";s:5:\"Value\";s:20:\"Yes, a human answers\";}}','a:3:{s:10:\"ExtraClass\";s:0:\"\";s:10:\"RightTitle\";s:0:\"\";s:10:\"ShowOnLoad\";s:4:\"Hide\";}',NULL,7),(277,14,17,1,1,1,'EditableRadioField','2013-12-30 21:18:21','2014-01-01 00:04:51','EditableRadioField14','Does the man say his name? ',NULL,10,0,NULL,'a:1:{i:0;a:4:{s:7:\"Display\";s:4:\"Show\";s:14:\"ConditionField\";s:20:\"EditableRadioField12\";s:15:\"ConditionOption\";s:8:\"HasValue\";s:5:\"Value\";s:13:\"A man answers\";}}','a:3:{s:10:\"ExtraClass\";s:0:\"\";s:10:\"RightTitle\";s:0:\"\";s:10:\"ShowOnLoad\";s:4:\"Hide\";}',NULL,7),(278,15,17,1,1,1,'EditableRadioField','2013-12-30 21:18:55','2014-01-01 00:04:51','EditableRadioField15','Does the woman say her name? ',NULL,11,0,NULL,'a:1:{i:0;a:4:{s:7:\"Display\";s:4:\"Show\";s:14:\"ConditionField\";s:20:\"EditableRadioField12\";s:15:\"ConditionOption\";s:8:\"HasValue\";s:5:\"Value\";s:15:\"A woman answers\";}}','a:3:{s:10:\"ExtraClass\";s:0:\"\";s:10:\"RightTitle\";s:0:\"\";s:10:\"ShowOnLoad\";s:4:\"Hide\";}',NULL,7),(279,17,12,1,1,1,'EditableTextField','2013-12-30 22:53:18','2014-01-01 00:04:51','EditableTextField17',NULL,NULL,12,0,NULL,'a:0:{}','a:6:{s:10:\"ExtraClass\";s:0:\"\";s:10:\"RightTitle\";s:0:\"\";s:9:\"MinLength\";s:0:\"\";s:9:\"MaxLength\";s:0:\"\";s:4:\"Rows\";s:1:\"1\";s:10:\"ShowOnLoad\";s:4:\"Show\";}',NULL,7),(280,18,12,1,1,1,'EditableTextField','2013-12-30 23:05:18','2014-01-01 00:04:52','EditableTextField18',NULL,NULL,13,0,NULL,'a:2:{i:0;a:4:{s:7:\"Display\";s:4:\"Show\";s:14:\"ConditionField\";s:20:\"EditableRadioField14\";s:15:\"ConditionOption\";s:8:\"HasValue\";s:5:\"Value\";s:3:\"Yes\";}i:1;a:4:{s:7:\"Display\";s:4:\"Show\";s:14:\"ConditionField\";s:20:\"EditableRadioField15\";s:15:\"ConditionOption\";s:8:\"HasValue\";s:5:\"Value\";s:3:\"Yes\";}}','a:6:{s:10:\"ExtraClass\";s:0:\"\";s:10:\"RightTitle\";s:20:\"What name was said? \";s:9:\"MinLength\";s:0:\"\";s:9:\"MaxLength\";s:0:\"\";s:4:\"Rows\";s:1:\"1\";s:10:\"ShowOnLoad\";s:4:\"Show\";}',NULL,7),(281,4,49,1,1,1,'EditableRadioField','2013-12-28 05:58:06','2014-01-01 00:07:39','EditableRadioField4','Is this phone number in service? ',NULL,1,0,NULL,'a:1:{i:0;a:4:{s:7:\"Display\";s:4:\"Show\";s:14:\"ConditionField\";s:0:\"\";s:15:\"ConditionOption\";s:7:\"IsBlank\";s:5:\"Value\";s:0:\"\";}}','a:3:{s:10:\"ExtraClass\";s:0:\"\";s:10:\"RightTitle\";s:0:\"\";s:10:\"ShowOnLoad\";s:4:\"Show\";}',NULL,7),(282,10,26,1,1,1,'EditableRadioField','2013-12-30 20:23:27','2014-01-01 00:07:39','EditableRadioField10','Does a human answer? ',NULL,2,0,NULL,'a:1:{i:0;a:4:{s:7:\"Display\";s:4:\"Show\";s:14:\"ConditionField\";s:19:\"EditableRadioField4\";s:15:\"ConditionOption\";s:8:\"HasValue\";s:5:\"Value\";s:36:\"Yes, this phone number is in service\";}}','a:3:{s:10:\"ExtraClass\";s:0:\"\";s:10:\"RightTitle\";s:0:\"\";s:10:\"ShowOnLoad\";s:4:\"Hide\";}',NULL,7),(283,6,46,1,1,1,'EditableRadioField','2013-12-28 06:04:32','2014-01-01 00:07:40','EditableRadioField6','Is this voicemail message a custom recorded voice message? ',NULL,4,0,NULL,'a:1:{i:0;a:4:{s:7:\"Display\";s:4:\"Show\";s:14:\"ConditionField\";s:20:\"EditableRadioField10\";s:15:\"ConditionOption\";s:8:\"HasValue\";s:5:\"Value\";s:23:\"No, a voicemail answers\";}}','a:3:{s:10:\"ExtraClass\";s:0:\"\";s:10:\"RightTitle\";s:0:\"\";s:10:\"ShowOnLoad\";s:4:\"Hide\";}',NULL,7),(284,9,26,1,1,1,'EditableRadioField','2013-12-30 20:23:12','2014-01-01 00:07:40','EditableRadioField9','Is the voice on the away message a man\'s voice or a woman\'s?',NULL,7,0,NULL,'a:1:{i:0;a:4:{s:7:\"Display\";s:4:\"Show\";s:14:\"ConditionField\";s:19:\"EditableRadioField6\";s:15:\"ConditionOption\";s:8:\"HasValue\";s:5:\"Value\";s:45:\"Yes, the owner recorded a custom away message\";}}','a:3:{s:10:\"ExtraClass\";s:0:\"\";s:10:\"RightTitle\";s:0:\"\";s:10:\"ShowOnLoad\";s:4:\"Hide\";}',NULL,7),(285,11,24,1,1,1,'EditableRadioField','2013-12-30 20:53:57','2014-01-01 00:07:40','EditableRadioField11','What type of phone number is this?',NULL,8,0,NULL,'a:1:{i:0;a:4:{s:7:\"Display\";s:4:\"Show\";s:14:\"ConditionField\";s:19:\"EditableRadioField6\";s:15:\"ConditionOption\";s:8:\"HasValue\";s:5:\"Value\";s:45:\"Yes, the owner recorded a custom away message\";}}','a:3:{s:10:\"ExtraClass\";s:0:\"\";s:10:\"RightTitle\";s:0:\"\";s:10:\"ShowOnLoad\";s:4:\"Hide\";}',NULL,7),(286,12,20,1,1,1,'EditableRadioField','2013-12-30 21:12:05','2014-01-01 00:07:40','EditableRadioField12','Does a man or a woman answer? ',NULL,9,0,NULL,'a:1:{i:0;a:4:{s:7:\"Display\";s:4:\"Show\";s:14:\"ConditionField\";s:20:\"EditableRadioField10\";s:15:\"ConditionOption\";s:8:\"HasValue\";s:5:\"Value\";s:20:\"Yes, a human answers\";}}','a:3:{s:10:\"ExtraClass\";s:0:\"\";s:10:\"RightTitle\";s:0:\"\";s:10:\"ShowOnLoad\";s:4:\"Hide\";}',NULL,7),(287,14,18,1,1,1,'EditableRadioField','2013-12-30 21:18:21','2014-01-01 00:07:40','EditableRadioField14','Does the man say his name? ',NULL,10,0,NULL,'a:1:{i:0;a:4:{s:7:\"Display\";s:4:\"Show\";s:14:\"ConditionField\";s:20:\"EditableRadioField12\";s:15:\"ConditionOption\";s:8:\"HasValue\";s:5:\"Value\";s:13:\"A man answers\";}}','a:3:{s:10:\"ExtraClass\";s:0:\"\";s:10:\"RightTitle\";s:0:\"\";s:10:\"ShowOnLoad\";s:4:\"Hide\";}',NULL,7),(288,15,18,1,1,1,'EditableRadioField','2013-12-30 21:18:55','2014-01-01 00:07:40','EditableRadioField15','Does the woman say her name? ',NULL,11,0,NULL,'a:1:{i:0;a:4:{s:7:\"Display\";s:4:\"Show\";s:14:\"ConditionField\";s:20:\"EditableRadioField12\";s:15:\"ConditionOption\";s:8:\"HasValue\";s:5:\"Value\";s:15:\"A woman answers\";}}','a:3:{s:10:\"ExtraClass\";s:0:\"\";s:10:\"RightTitle\";s:0:\"\";s:10:\"ShowOnLoad\";s:4:\"Hide\";}',NULL,7),(289,17,13,1,1,1,'EditableTextField','2013-12-30 22:53:18','2014-01-01 00:07:41','EditableTextField17',NULL,NULL,12,0,NULL,'a:0:{}','a:6:{s:10:\"ExtraClass\";s:0:\"\";s:10:\"RightTitle\";s:0:\"\";s:9:\"MinLength\";s:0:\"\";s:9:\"MaxLength\";s:0:\"\";s:4:\"Rows\";s:1:\"1\";s:10:\"ShowOnLoad\";s:4:\"Show\";}',NULL,7),(290,18,13,1,1,1,'EditableTextField','2013-12-30 23:05:18','2014-01-01 00:07:41','EditableTextField18',NULL,NULL,13,0,NULL,'a:0:{}','a:6:{s:10:\"ExtraClass\";s:0:\"\";s:10:\"RightTitle\";s:20:\"What name was said? \";s:9:\"MinLength\";s:0:\"\";s:9:\"MaxLength\";s:0:\"\";s:4:\"Rows\";s:1:\"1\";s:10:\"ShowOnLoad\";s:4:\"Hide\";}',NULL,7),(291,4,50,1,1,1,'EditableRadioField','2013-12-28 05:58:06','2014-01-01 00:15:54','EditableRadioField4','Is this phone number in service? ',NULL,1,0,NULL,'a:1:{i:0;a:4:{s:7:\"Display\";s:4:\"Show\";s:14:\"ConditionField\";s:0:\"\";s:15:\"ConditionOption\";s:7:\"IsBlank\";s:5:\"Value\";s:0:\"\";}}','a:3:{s:10:\"ExtraClass\";s:0:\"\";s:10:\"RightTitle\";s:0:\"\";s:10:\"ShowOnLoad\";s:4:\"Show\";}',NULL,7),(292,10,27,1,1,1,'EditableRadioField','2013-12-30 20:23:27','2014-01-01 00:15:55','EditableRadioField10','Does a human answer? ',NULL,2,0,NULL,'a:1:{i:0;a:4:{s:7:\"Display\";s:4:\"Show\";s:14:\"ConditionField\";s:19:\"EditableRadioField4\";s:15:\"ConditionOption\";s:8:\"HasValue\";s:5:\"Value\";s:36:\"Yes, this phone number is in service\";}}','a:3:{s:10:\"ExtraClass\";s:0:\"\";s:10:\"RightTitle\";s:0:\"\";s:10:\"ShowOnLoad\";s:4:\"Hide\";}',NULL,7),(293,6,47,1,1,1,'EditableRadioField','2013-12-28 06:04:32','2014-01-01 00:15:55','EditableRadioField6','Is this voicemail message a custom recorded voice message? ',NULL,4,0,NULL,'a:1:{i:0;a:4:{s:7:\"Display\";s:4:\"Show\";s:14:\"ConditionField\";s:20:\"EditableRadioField10\";s:15:\"ConditionOption\";s:8:\"HasValue\";s:5:\"Value\";s:23:\"No, a voicemail answers\";}}','a:3:{s:10:\"ExtraClass\";s:0:\"\";s:10:\"RightTitle\";s:0:\"\";s:10:\"ShowOnLoad\";s:4:\"Hide\";}',NULL,7),(294,9,27,1,1,1,'EditableRadioField','2013-12-30 20:23:12','2014-01-01 00:15:55','EditableRadioField9','Is the voice on the away message a man\'s voice or a woman\'s?',NULL,7,0,NULL,'a:1:{i:0;a:4:{s:7:\"Display\";s:4:\"Show\";s:14:\"ConditionField\";s:19:\"EditableRadioField6\";s:15:\"ConditionOption\";s:8:\"HasValue\";s:5:\"Value\";s:45:\"Yes, the owner recorded a custom away message\";}}','a:3:{s:10:\"ExtraClass\";s:0:\"\";s:10:\"RightTitle\";s:0:\"\";s:10:\"ShowOnLoad\";s:4:\"Hide\";}',NULL,7),(295,11,25,1,1,1,'EditableRadioField','2013-12-30 20:53:57','2014-01-01 00:15:56','EditableRadioField11','What type of phone number is this?',NULL,8,0,NULL,'a:1:{i:0;a:4:{s:7:\"Display\";s:4:\"Show\";s:14:\"ConditionField\";s:19:\"EditableRadioField6\";s:15:\"ConditionOption\";s:8:\"HasValue\";s:5:\"Value\";s:45:\"Yes, the owner recorded a custom away message\";}}','a:3:{s:10:\"ExtraClass\";s:0:\"\";s:10:\"RightTitle\";s:0:\"\";s:10:\"ShowOnLoad\";s:4:\"Hide\";}',NULL,7),(296,12,21,1,1,1,'EditableRadioField','2013-12-30 21:12:05','2014-01-01 00:15:56','EditableRadioField12','Does a man or a woman answer? ',NULL,9,0,NULL,'a:1:{i:0;a:4:{s:7:\"Display\";s:4:\"Show\";s:14:\"ConditionField\";s:20:\"EditableRadioField10\";s:15:\"ConditionOption\";s:8:\"HasValue\";s:5:\"Value\";s:20:\"Yes, a human answers\";}}','a:3:{s:10:\"ExtraClass\";s:0:\"\";s:10:\"RightTitle\";s:0:\"\";s:10:\"ShowOnLoad\";s:4:\"Hide\";}',NULL,7),(297,14,19,1,1,1,'EditableRadioField','2013-12-30 21:18:21','2014-01-01 00:15:56','EditableRadioField14','Does the man say his name? ',NULL,10,0,NULL,'a:1:{i:0;a:4:{s:7:\"Display\";s:4:\"Show\";s:14:\"ConditionField\";s:20:\"EditableRadioField12\";s:15:\"ConditionOption\";s:8:\"HasValue\";s:5:\"Value\";s:13:\"A man answers\";}}','a:3:{s:10:\"ExtraClass\";s:0:\"\";s:10:\"RightTitle\";s:0:\"\";s:10:\"ShowOnLoad\";s:4:\"Hide\";}',NULL,7),(298,15,19,1,1,1,'EditableRadioField','2013-12-30 21:18:55','2014-01-01 00:15:57','EditableRadioField15','Does the woman say her name? ',NULL,11,0,NULL,'a:1:{i:0;a:4:{s:7:\"Display\";s:4:\"Show\";s:14:\"ConditionField\";s:20:\"EditableRadioField12\";s:15:\"ConditionOption\";s:8:\"HasValue\";s:5:\"Value\";s:15:\"A woman answers\";}}','a:3:{s:10:\"ExtraClass\";s:0:\"\";s:10:\"RightTitle\";s:0:\"\";s:10:\"ShowOnLoad\";s:4:\"Hide\";}',NULL,7),(299,17,14,1,1,1,'EditableTextField','2013-12-30 22:53:18','2014-01-01 00:15:57','EditableTextField17',NULL,NULL,12,0,NULL,'a:0:{}','a:6:{s:10:\"ExtraClass\";s:0:\"\";s:10:\"RightTitle\";s:0:\"\";s:9:\"MinLength\";s:0:\"\";s:9:\"MaxLength\";s:0:\"\";s:4:\"Rows\";s:1:\"1\";s:10:\"ShowOnLoad\";s:4:\"Show\";}',NULL,7),(300,18,14,1,1,1,'EditableTextField','2013-12-30 23:05:18','2014-01-01 00:15:57','EditableTextField18',NULL,NULL,13,0,NULL,'a:0:{}','a:6:{s:10:\"ExtraClass\";s:0:\"\";s:10:\"RightTitle\";s:20:\"What name was said? \";s:9:\"MinLength\";s:0:\"\";s:9:\"MaxLength\";s:0:\"\";s:4:\"Rows\";s:1:\"1\";s:10:\"ShowOnLoad\";s:4:\"Show\";}',NULL,7),(301,4,51,1,1,1,'EditableRadioField','2013-12-28 05:58:06','2014-01-02 21:52:00','EditableRadioField4','Is this phone number in service? ',NULL,1,0,NULL,'a:1:{i:0;a:4:{s:7:\"Display\";s:4:\"Show\";s:14:\"ConditionField\";s:0:\"\";s:15:\"ConditionOption\";s:7:\"IsBlank\";s:5:\"Value\";s:0:\"\";}}','a:3:{s:10:\"ExtraClass\";s:0:\"\";s:10:\"RightTitle\";s:0:\"\";s:10:\"ShowOnLoad\";s:4:\"Show\";}',NULL,7),(302,10,28,1,1,1,'EditableRadioField','2013-12-30 20:23:27','2014-01-02 21:52:01','EditableRadioField10','Does a human answer? ',NULL,2,0,NULL,'a:1:{i:0;a:4:{s:7:\"Display\";s:4:\"Show\";s:14:\"ConditionField\";s:19:\"EditableRadioField4\";s:15:\"ConditionOption\";s:8:\"HasValue\";s:5:\"Value\";s:36:\"Yes, this phone number is in service\";}}','a:3:{s:10:\"ExtraClass\";s:0:\"\";s:10:\"RightTitle\";s:0:\"\";s:10:\"ShowOnLoad\";s:4:\"Hide\";}',NULL,7),(303,6,48,1,1,1,'EditableRadioField','2013-12-28 06:04:32','2014-01-02 21:52:01','EditableRadioField6','Is this voicemail message a custom recorded voice message? ',NULL,4,0,NULL,'a:1:{i:0;a:4:{s:7:\"Display\";s:4:\"Show\";s:14:\"ConditionField\";s:20:\"EditableRadioField10\";s:15:\"ConditionOption\";s:8:\"HasValue\";s:5:\"Value\";s:23:\"No, a voicemail answers\";}}','a:3:{s:10:\"ExtraClass\";s:0:\"\";s:10:\"RightTitle\";s:0:\"\";s:10:\"ShowOnLoad\";s:4:\"Hide\";}',NULL,7),(304,9,28,1,1,1,'EditableRadioField','2013-12-30 20:23:12','2014-01-02 21:52:01','EditableRadioField9','Is the voice on the away message a man\'s voice or a woman\'s?',NULL,7,0,NULL,'a:1:{i:0;a:4:{s:7:\"Display\";s:4:\"Show\";s:14:\"ConditionField\";s:19:\"EditableRadioField6\";s:15:\"ConditionOption\";s:8:\"HasValue\";s:5:\"Value\";s:45:\"Yes, the owner recorded a custom away message\";}}','a:3:{s:10:\"ExtraClass\";s:0:\"\";s:10:\"RightTitle\";s:0:\"\";s:10:\"ShowOnLoad\";s:4:\"Hide\";}',NULL,7),(305,11,26,1,1,1,'EditableRadioField','2013-12-30 20:53:57','2014-01-02 21:52:03','EditableRadioField11','What type of phone number is this?',NULL,8,0,NULL,'a:1:{i:0;a:4:{s:7:\"Display\";s:4:\"Show\";s:14:\"ConditionField\";s:19:\"EditableRadioField6\";s:15:\"ConditionOption\";s:8:\"HasValue\";s:5:\"Value\";s:45:\"Yes, the owner recorded a custom away message\";}}','a:3:{s:10:\"ExtraClass\";s:0:\"\";s:10:\"RightTitle\";s:0:\"\";s:10:\"ShowOnLoad\";s:4:\"Hide\";}',NULL,7),(306,12,22,1,1,1,'EditableRadioField','2013-12-30 21:12:05','2014-01-02 21:52:04','EditableRadioField12','Does a man or a woman answer? ',NULL,9,0,NULL,'a:1:{i:0;a:4:{s:7:\"Display\";s:4:\"Show\";s:14:\"ConditionField\";s:20:\"EditableRadioField10\";s:15:\"ConditionOption\";s:8:\"HasValue\";s:5:\"Value\";s:20:\"Yes, a human answers\";}}','a:3:{s:10:\"ExtraClass\";s:0:\"\";s:10:\"RightTitle\";s:0:\"\";s:10:\"ShowOnLoad\";s:4:\"Hide\";}',NULL,7),(307,14,20,1,1,1,'EditableRadioField','2013-12-30 21:18:21','2014-01-02 21:52:04','EditableRadioField14','Does the man say his name? ',NULL,10,0,NULL,'a:1:{i:0;a:4:{s:7:\"Display\";s:4:\"Show\";s:14:\"ConditionField\";s:20:\"EditableRadioField12\";s:15:\"ConditionOption\";s:8:\"HasValue\";s:5:\"Value\";s:13:\"A man answers\";}}','a:3:{s:10:\"ExtraClass\";s:0:\"\";s:10:\"RightTitle\";s:0:\"\";s:10:\"ShowOnLoad\";s:4:\"Hide\";}',NULL,7),(308,15,20,1,1,1,'EditableRadioField','2013-12-30 21:18:55','2014-01-02 21:52:04','EditableRadioField15','Does the woman say her name? ',NULL,11,0,NULL,'a:1:{i:0;a:4:{s:7:\"Display\";s:4:\"Show\";s:14:\"ConditionField\";s:20:\"EditableRadioField12\";s:15:\"ConditionOption\";s:8:\"HasValue\";s:5:\"Value\";s:15:\"A woman answers\";}}','a:3:{s:10:\"ExtraClass\";s:0:\"\";s:10:\"RightTitle\";s:0:\"\";s:10:\"ShowOnLoad\";s:4:\"Hide\";}',NULL,7),(309,17,15,1,1,1,'EditableTextField','2013-12-30 22:53:18','2014-01-02 21:52:05','EditableTextField17',NULL,NULL,12,0,NULL,'a:0:{}','a:6:{s:10:\"ExtraClass\";s:0:\"\";s:10:\"RightTitle\";s:0:\"\";s:9:\"MinLength\";s:0:\"\";s:9:\"MaxLength\";s:0:\"\";s:4:\"Rows\";s:1:\"1\";s:10:\"ShowOnLoad\";s:4:\"Show\";}',NULL,7),(310,18,15,1,1,1,'EditableTextField','2013-12-30 23:05:18','2014-01-02 21:52:05','EditableTextField18',NULL,NULL,13,0,NULL,'a:0:{}','a:6:{s:10:\"ExtraClass\";s:0:\"\";s:10:\"RightTitle\";s:20:\"What name was said? \";s:9:\"MinLength\";s:0:\"\";s:9:\"MaxLength\";s:0:\"\";s:4:\"Rows\";s:1:\"1\";s:10:\"ShowOnLoad\";s:4:\"Hide\";}',NULL,7),(311,4,52,1,1,1,'EditableRadioField','2013-12-28 05:58:06','2014-01-02 21:56:24','EditableRadioField4','Is this phone number in service? ',NULL,1,0,NULL,'a:1:{i:0;a:4:{s:7:\"Display\";s:4:\"Show\";s:14:\"ConditionField\";s:0:\"\";s:15:\"ConditionOption\";s:7:\"IsBlank\";s:5:\"Value\";s:0:\"\";}}','a:3:{s:10:\"ExtraClass\";s:0:\"\";s:10:\"RightTitle\";s:0:\"\";s:10:\"ShowOnLoad\";s:4:\"Show\";}',NULL,7),(312,10,29,1,1,1,'EditableRadioField','2013-12-30 20:23:27','2014-01-02 21:56:25','EditableRadioField10','Does a human answer? ',NULL,2,0,NULL,'a:1:{i:0;a:4:{s:7:\"Display\";s:4:\"Show\";s:14:\"ConditionField\";s:19:\"EditableRadioField4\";s:15:\"ConditionOption\";s:8:\"HasValue\";s:5:\"Value\";s:36:\"Yes, this phone number is in service\";}}','a:3:{s:10:\"ExtraClass\";s:0:\"\";s:10:\"RightTitle\";s:0:\"\";s:10:\"ShowOnLoad\";s:4:\"Hide\";}',NULL,7),(313,6,49,1,1,1,'EditableRadioField','2013-12-28 06:04:32','2014-01-02 21:56:25','EditableRadioField6','Is this voicemail message a custom recorded voice message? ',NULL,4,0,NULL,'a:1:{i:0;a:4:{s:7:\"Display\";s:4:\"Show\";s:14:\"ConditionField\";s:20:\"EditableRadioField10\";s:15:\"ConditionOption\";s:8:\"HasValue\";s:5:\"Value\";s:23:\"No, a voicemail answers\";}}','a:3:{s:10:\"ExtraClass\";s:0:\"\";s:10:\"RightTitle\";s:0:\"\";s:10:\"ShowOnLoad\";s:4:\"Hide\";}',NULL,7),(314,9,29,1,1,1,'EditableRadioField','2013-12-30 20:23:12','2014-01-02 21:56:25','EditableRadioField9','Is the voice on the away message a man\'s voice or a woman\'s?',NULL,7,0,NULL,'a:1:{i:0;a:4:{s:7:\"Display\";s:4:\"Show\";s:14:\"ConditionField\";s:19:\"EditableRadioField6\";s:15:\"ConditionOption\";s:8:\"HasValue\";s:5:\"Value\";s:45:\"Yes, the owner recorded a custom away message\";}}','a:3:{s:10:\"ExtraClass\";s:0:\"\";s:10:\"RightTitle\";s:0:\"\";s:10:\"ShowOnLoad\";s:4:\"Hide\";}',NULL,7),(315,11,27,1,1,1,'EditableRadioField','2013-12-30 20:53:57','2014-01-02 21:56:26','EditableRadioField11','What type of phone number is this?',NULL,8,0,NULL,'a:1:{i:0;a:4:{s:7:\"Display\";s:4:\"Show\";s:14:\"ConditionField\";s:19:\"EditableRadioField6\";s:15:\"ConditionOption\";s:8:\"HasValue\";s:5:\"Value\";s:45:\"Yes, the owner recorded a custom away message\";}}','a:3:{s:10:\"ExtraClass\";s:0:\"\";s:10:\"RightTitle\";s:0:\"\";s:10:\"ShowOnLoad\";s:4:\"Hide\";}',NULL,7),(316,12,23,1,1,1,'EditableRadioField','2013-12-30 21:12:05','2014-01-02 21:56:27','EditableRadioField12','Does a man or a woman answer? ',NULL,9,0,NULL,'a:1:{i:0;a:4:{s:7:\"Display\";s:4:\"Show\";s:14:\"ConditionField\";s:20:\"EditableRadioField10\";s:15:\"ConditionOption\";s:8:\"HasValue\";s:5:\"Value\";s:20:\"Yes, a human answers\";}}','a:3:{s:10:\"ExtraClass\";s:0:\"\";s:10:\"RightTitle\";s:0:\"\";s:10:\"ShowOnLoad\";s:4:\"Hide\";}',NULL,7),(317,14,21,1,1,1,'EditableRadioField','2013-12-30 21:18:21','2014-01-02 21:56:28','EditableRadioField14','Does the man say his name? ',NULL,10,0,NULL,'a:1:{i:0;a:4:{s:7:\"Display\";s:4:\"Show\";s:14:\"ConditionField\";s:20:\"EditableRadioField12\";s:15:\"ConditionOption\";s:8:\"HasValue\";s:5:\"Value\";s:13:\"A man answers\";}}','a:3:{s:10:\"ExtraClass\";s:0:\"\";s:10:\"RightTitle\";s:0:\"\";s:10:\"ShowOnLoad\";s:4:\"Hide\";}',NULL,7),(318,15,21,1,1,1,'EditableRadioField','2013-12-30 21:18:55','2014-01-02 21:56:28','EditableRadioField15','Does the woman say her name? ',NULL,11,0,NULL,'a:1:{i:0;a:4:{s:7:\"Display\";s:4:\"Show\";s:14:\"ConditionField\";s:20:\"EditableRadioField12\";s:15:\"ConditionOption\";s:8:\"HasValue\";s:5:\"Value\";s:15:\"A woman answers\";}}','a:3:{s:10:\"ExtraClass\";s:0:\"\";s:10:\"RightTitle\";s:0:\"\";s:10:\"ShowOnLoad\";s:4:\"Hide\";}',NULL,7),(319,17,16,1,1,1,'EditableTextField','2013-12-30 22:53:18','2014-01-02 21:56:28','EditableTextField17',NULL,NULL,12,0,NULL,'a:0:{}','a:6:{s:10:\"ExtraClass\";s:0:\"\";s:10:\"RightTitle\";s:0:\"\";s:9:\"MinLength\";s:0:\"\";s:9:\"MaxLength\";s:0:\"\";s:4:\"Rows\";s:1:\"1\";s:10:\"ShowOnLoad\";s:4:\"Hide\";}',NULL,7),(320,19,1,0,1,0,'EditableTextField','2014-01-02 21:57:10','2014-01-02 21:57:10','EditableTextField0',NULL,NULL,13,0,NULL,NULL,NULL,NULL,7),(321,4,53,1,1,1,'EditableRadioField','2013-12-28 05:58:06','2014-01-02 21:59:04','EditableRadioField4','Is this phone number in service? ',NULL,1,0,NULL,'a:1:{i:0;a:4:{s:7:\"Display\";s:4:\"Show\";s:14:\"ConditionField\";s:0:\"\";s:15:\"ConditionOption\";s:7:\"IsBlank\";s:5:\"Value\";s:0:\"\";}}','a:3:{s:10:\"ExtraClass\";s:0:\"\";s:10:\"RightTitle\";s:0:\"\";s:10:\"ShowOnLoad\";s:4:\"Show\";}',NULL,7),(322,10,30,1,1,1,'EditableRadioField','2013-12-30 20:23:27','2014-01-02 21:59:04','EditableRadioField10','Does a human answer? ',NULL,2,0,NULL,'a:1:{i:0;a:4:{s:7:\"Display\";s:4:\"Show\";s:14:\"ConditionField\";s:19:\"EditableRadioField4\";s:15:\"ConditionOption\";s:8:\"HasValue\";s:5:\"Value\";s:36:\"Yes, this phone number is in service\";}}','a:3:{s:10:\"ExtraClass\";s:0:\"\";s:10:\"RightTitle\";s:0:\"\";s:10:\"ShowOnLoad\";s:4:\"Hide\";}',NULL,7),(323,6,50,1,1,1,'EditableRadioField','2013-12-28 06:04:32','2014-01-02 21:59:05','EditableRadioField6','Is this voicemail message a custom recorded voice message? ',NULL,4,0,NULL,'a:1:{i:0;a:4:{s:7:\"Display\";s:4:\"Show\";s:14:\"ConditionField\";s:20:\"EditableRadioField10\";s:15:\"ConditionOption\";s:8:\"HasValue\";s:5:\"Value\";s:23:\"No, a voicemail answers\";}}','a:3:{s:10:\"ExtraClass\";s:0:\"\";s:10:\"RightTitle\";s:0:\"\";s:10:\"ShowOnLoad\";s:4:\"Hide\";}',NULL,7),(324,9,30,1,1,1,'EditableRadioField','2013-12-30 20:23:12','2014-01-02 21:59:05','EditableRadioField9','Is the voice on the away message a man\'s voice or a woman\'s?',NULL,7,0,NULL,'a:1:{i:0;a:4:{s:7:\"Display\";s:4:\"Show\";s:14:\"ConditionField\";s:19:\"EditableRadioField6\";s:15:\"ConditionOption\";s:8:\"HasValue\";s:5:\"Value\";s:45:\"Yes, the owner recorded a custom away message\";}}','a:3:{s:10:\"ExtraClass\";s:0:\"\";s:10:\"RightTitle\";s:0:\"\";s:10:\"ShowOnLoad\";s:4:\"Hide\";}',NULL,7),(325,11,28,1,1,1,'EditableRadioField','2013-12-30 20:53:57','2014-01-02 21:59:05','EditableRadioField11','What type of phone number is this?',NULL,8,0,NULL,'a:1:{i:0;a:4:{s:7:\"Display\";s:4:\"Show\";s:14:\"ConditionField\";s:19:\"EditableRadioField6\";s:15:\"ConditionOption\";s:8:\"HasValue\";s:5:\"Value\";s:45:\"Yes, the owner recorded a custom away message\";}}','a:3:{s:10:\"ExtraClass\";s:0:\"\";s:10:\"RightTitle\";s:0:\"\";s:10:\"ShowOnLoad\";s:4:\"Hide\";}',NULL,7),(326,12,24,1,1,1,'EditableRadioField','2013-12-30 21:12:05','2014-01-02 21:59:05','EditableRadioField12','Does a man or a woman answer? ',NULL,9,0,NULL,'a:1:{i:0;a:4:{s:7:\"Display\";s:4:\"Show\";s:14:\"ConditionField\";s:20:\"EditableRadioField10\";s:15:\"ConditionOption\";s:8:\"HasValue\";s:5:\"Value\";s:20:\"Yes, a human answers\";}}','a:3:{s:10:\"ExtraClass\";s:0:\"\";s:10:\"RightTitle\";s:0:\"\";s:10:\"ShowOnLoad\";s:4:\"Hide\";}',NULL,7),(327,14,22,1,1,1,'EditableRadioField','2013-12-30 21:18:21','2014-01-02 21:59:05','EditableRadioField14','Does the man say his name? ',NULL,10,0,NULL,'a:1:{i:0;a:4:{s:7:\"Display\";s:4:\"Show\";s:14:\"ConditionField\";s:20:\"EditableRadioField12\";s:15:\"ConditionOption\";s:8:\"HasValue\";s:5:\"Value\";s:13:\"A man answers\";}}','a:3:{s:10:\"ExtraClass\";s:0:\"\";s:10:\"RightTitle\";s:0:\"\";s:10:\"ShowOnLoad\";s:4:\"Hide\";}',NULL,7),(328,15,22,1,1,1,'EditableRadioField','2013-12-30 21:18:55','2014-01-02 21:59:05','EditableRadioField15','Does the woman say her name? ',NULL,11,0,NULL,'a:1:{i:0;a:4:{s:7:\"Display\";s:4:\"Show\";s:14:\"ConditionField\";s:20:\"EditableRadioField12\";s:15:\"ConditionOption\";s:8:\"HasValue\";s:5:\"Value\";s:15:\"A woman answers\";}}','a:3:{s:10:\"ExtraClass\";s:0:\"\";s:10:\"RightTitle\";s:0:\"\";s:10:\"ShowOnLoad\";s:4:\"Hide\";}',NULL,7),(329,17,17,1,1,1,'EditableTextField','2013-12-30 22:53:18','2014-01-02 21:59:06','EditableTextField17',NULL,NULL,12,0,NULL,'a:0:{}','a:6:{s:10:\"ExtraClass\";s:0:\"\";s:10:\"RightTitle\";s:0:\"\";s:9:\"MinLength\";s:0:\"\";s:9:\"MaxLength\";s:0:\"\";s:4:\"Rows\";s:1:\"1\";s:10:\"ShowOnLoad\";s:4:\"Hide\";}',NULL,7),(330,19,2,1,1,1,'EditableTextField','2014-01-02 21:57:10','2014-01-02 21:59:06','EditableTextField19',NULL,NULL,13,0,NULL,'a:0:{}','a:6:{s:10:\"ExtraClass\";s:0:\"\";s:10:\"RightTitle\";s:19:\"What name is said? \";s:9:\"MinLength\";s:0:\"\";s:9:\"MaxLength\";s:0:\"\";s:4:\"Rows\";s:1:\"1\";s:10:\"ShowOnLoad\";s:4:\"Hide\";}',NULL,7);
/*!40000 ALTER TABLE `EditableFormField_versions` ENABLE KEYS */;
UNLOCK TABLES;

--
-- Table structure for table `EditableOption`
--

DROP TABLE IF EXISTS `EditableOption`;
/*!40101 SET @saved_cs_client     = @@character_set_client */;
/*!40101 SET character_set_client = utf8 */;
CREATE TABLE `EditableOption` (
  `ID` int(11) NOT NULL AUTO_INCREMENT,
  `ClassName` enum('EditableOption') DEFAULT 'EditableOption',
  `Created` datetime DEFAULT NULL,
  `LastEdited` datetime DEFAULT NULL,
  `Name` varchar(255) DEFAULT NULL,
  `Title` varchar(255) DEFAULT NULL,
  `Default` tinyint(1) unsigned NOT NULL DEFAULT '0',
  `Sort` int(11) NOT NULL DEFAULT '0',
  `Version` int(11) NOT NULL DEFAULT '0',
  `ParentID` int(11) NOT NULL DEFAULT '0',
  PRIMARY KEY (`ID`),
  KEY `ParentID` (`ParentID`),
  KEY `ClassName` (`ClassName`)
) ENGINE=InnoDB AUTO_INCREMENT=31 DEFAULT CHARSET=utf8;
/*!40101 SET character_set_client = @saved_cs_client */;

--
-- Dumping data for table `EditableOption`
--

LOCK TABLES `EditableOption` WRITE;
/*!40000 ALTER TABLE `EditableOption` DISABLE KEYS */;
INSERT INTO `EditableOption` VALUES (1,'EditableOption','2013-12-28 05:58:25','2014-01-02 21:59:04','option1','No, this phone number is not in service',0,1,54,4),(2,'EditableOption','2013-12-28 05:58:32','2014-01-02 21:59:04','option2','Yes, this phone number is in service',0,2,54,4),(5,'EditableOption','2013-12-28 06:04:53','2014-01-02 21:59:05','option5','Yes, the owner recorded a custom away message',0,8,51,6),(6,'EditableOption','2013-12-28 06:05:39','2014-01-02 21:59:05','option6','No, the message is generic and machine',0,9,51,6),(7,'EditableOption','2013-12-30 20:25:22','2014-01-02 21:59:04','option7','No, a voicemail answers',0,4,31,10),(9,'EditableOption','2013-12-30 20:26:16','2014-01-02 21:59:04','option9','Other, something else happens, i.e. it rings and rings...',0,6,31,10),(10,'EditableOption','2013-12-30 20:30:03','2014-01-02 21:59:04','option10','Yes, a human answers',0,5,30,10),(11,'EditableOption','2013-12-30 20:51:33','2014-01-02 21:59:05','option11','Unclear what gender the speaker is',0,13,29,9),(12,'EditableOption','2013-12-30 20:52:03','2014-01-02 21:59:05','option12','Both a man and a woman speak',0,14,29,9),(13,'EditableOption','2013-12-30 20:55:11','2014-01-02 21:59:05','option13','Other ',0,19,29,11),(14,'EditableOption','2013-12-30 21:03:05','2014-01-02 21:59:05','option14','Woman\'s voice',0,11,28,9),(15,'EditableOption','2013-12-30 21:05:14','2014-01-02 21:59:05','option15','Man\'s voice',0,12,27,9),(16,'EditableOption','2013-12-30 21:05:48','2014-01-02 21:59:05','option16','Home Phone / Residence',0,17,27,11),(17,'EditableOption','2013-12-30 21:06:14','2014-01-02 21:59:05','option17','Business Phone',0,18,27,11),(18,'EditableOption','2013-12-30 21:08:25','2014-01-02 21:59:05','option18','Personal Cell Phone',0,16,26,11),(19,'EditableOption','2013-12-30 21:12:49','2014-01-02 21:59:05','option19','Unclear, the gender of the person who answers',0,23,25,12),(20,'EditableOption','2013-12-30 21:15:57','2014-01-02 21:59:05','option20','A man answers',0,21,24,12),(21,'EditableOption','2013-12-30 21:16:18','2014-01-02 21:59:05','option21','A woman answers',0,22,24,12),(23,'EditableOption','2013-12-30 21:21:10','2014-01-02 21:59:06','option23','Yes',0,28,23,15),(25,'EditableOption','2013-12-30 21:27:42','2014-01-02 21:59:05','option25','No',0,26,22,14),(27,'EditableOption','2013-12-30 21:32:09','2014-01-02 21:59:05','option27','Yes',0,25,21,14),(30,'EditableOption','2013-12-30 22:15:54','2014-01-02 21:59:06','option30','No',0,29,20,15);
/*!40000 ALTER TABLE `EditableOption` ENABLE KEYS */;
UNLOCK TABLES;

--
-- Table structure for table `EditableOption_Live`
--

DROP TABLE IF EXISTS `EditableOption_Live`;
/*!40101 SET @saved_cs_client     = @@character_set_client */;
/*!40101 SET character_set_client = utf8 */;
CREATE TABLE `EditableOption_Live` (
  `ID` int(11) NOT NULL AUTO_INCREMENT,
  `ClassName` enum('EditableOption') DEFAULT 'EditableOption',
  `Created` datetime DEFAULT NULL,
  `LastEdited` datetime DEFAULT NULL,
  `Name` varchar(255) DEFAULT NULL,
  `Title` varchar(255) DEFAULT NULL,
  `Default` tinyint(1) unsigned NOT NULL DEFAULT '0',
  `Sort` int(11) NOT NULL DEFAULT '0',
  `Version` int(11) NOT NULL DEFAULT '0',
  `ParentID` int(11) NOT NULL DEFAULT '0',
  PRIMARY KEY (`ID`),
  KEY `ParentID` (`ParentID`),
  KEY `ClassName` (`ClassName`)
) ENGINE=InnoDB AUTO_INCREMENT=31 DEFAULT CHARSET=utf8;
/*!40101 SET character_set_client = @saved_cs_client */;

--
-- Dumping data for table `EditableOption_Live`
--

LOCK TABLES `EditableOption_Live` WRITE;
/*!40000 ALTER TABLE `EditableOption_Live` DISABLE KEYS */;
INSERT INTO `EditableOption_Live` VALUES (1,'EditableOption','2013-12-28 05:58:25','2014-01-02 21:59:07','option1','No, this phone number is not in service',0,1,54,4),(2,'EditableOption','2013-12-28 05:58:32','2014-01-02 21:59:07','option2','Yes, this phone number is in service',0,2,54,4),(5,'EditableOption','2013-12-28 06:04:53','2014-01-02 21:59:08','option5','Yes, the owner recorded a custom away message',0,8,51,6),(6,'EditableOption','2013-12-28 06:05:39','2014-01-02 21:59:08','option6','No, the message is generic and machine',0,9,51,6),(7,'EditableOption','2013-12-30 20:25:22','2014-01-02 21:59:07','option7','No, a voicemail answers',0,4,31,10),(9,'EditableOption','2013-12-30 20:26:16','2014-01-02 21:59:07','option9','Other, something else happens, i.e. it rings and rings...',0,6,31,10),(10,'EditableOption','2013-12-30 20:30:03','2014-01-02 21:59:07','option10','Yes, a human answers',0,5,30,10),(11,'EditableOption','2013-12-30 20:51:33','2014-01-02 21:59:09','option11','Unclear what gender the speaker is',0,13,29,9),(12,'EditableOption','2013-12-30 20:52:03','2014-01-02 21:59:09','option12','Both a man and a woman speak',0,14,29,9),(13,'EditableOption','2013-12-30 20:55:11','2014-01-02 21:59:10','option13','Other ',0,19,29,11),(14,'EditableOption','2013-12-30 21:03:05','2014-01-02 21:59:08','option14','Woman\'s voice',0,11,28,9),(15,'EditableOption','2013-12-30 21:05:14','2014-01-02 21:59:09','option15','Man\'s voice',0,12,27,9),(16,'EditableOption','2013-12-30 21:05:48','2014-01-02 21:59:10','option16','Home Phone / Residence',0,17,27,11),(17,'EditableOption','2013-12-30 21:06:14','2014-01-02 21:59:10','option17','Business Phone',0,18,27,11),(18,'EditableOption','2013-12-30 21:08:25','2014-01-02 21:59:09','option18','Personal Cell Phone',0,16,26,11),(19,'EditableOption','2013-12-30 21:12:49','2014-01-02 21:59:10','option19','Unclear, the gender of the person who answers',0,23,25,12),(20,'EditableOption','2013-12-30 21:15:57','2014-01-02 21:59:10','option20','A man answers',0,21,24,12),(21,'EditableOption','2013-12-30 21:16:18','2014-01-02 21:59:10','option21','A woman answers',0,22,24,12),(23,'EditableOption','2013-12-30 21:21:10','2014-01-02 21:59:10','option23','Yes',0,28,23,15),(25,'EditableOption','2013-12-30 21:27:42','2014-01-02 21:59:10','option25','No',0,26,22,14),(27,'EditableOption','2013-12-30 21:32:09','2014-01-02 21:59:10','option27','Yes',0,25,21,14),(30,'EditableOption','2013-12-30 22:15:54','2014-01-02 21:59:10','option30','No',0,29,20,15);
/*!40000 ALTER TABLE `EditableOption_Live` ENABLE KEYS */;
UNLOCK TABLES;

--
-- Table structure for table `EditableOption_versions`
--

DROP TABLE IF EXISTS `EditableOption_versions`;
/*!40101 SET @saved_cs_client     = @@character_set_client */;
/*!40101 SET character_set_client = utf8 */;
CREATE TABLE `EditableOption_versions` (
  `ID` int(11) NOT NULL AUTO_INCREMENT,
  `RecordID` int(11) NOT NULL DEFAULT '0',
  `Version` int(11) NOT NULL DEFAULT '0',
  `WasPublished` tinyint(1) unsigned NOT NULL DEFAULT '0',
  `AuthorID` int(11) NOT NULL DEFAULT '0',
  `PublisherID` int(11) NOT NULL DEFAULT '0',
  `ClassName` enum('EditableOption') DEFAULT 'EditableOption',
  `Created` datetime DEFAULT NULL,
  `LastEdited` datetime DEFAULT NULL,
  `Name` varchar(255) DEFAULT NULL,
  `Title` varchar(255) DEFAULT NULL,
  `Default` tinyint(1) unsigned NOT NULL DEFAULT '0',
  `Sort` int(11) NOT NULL DEFAULT '0',
  `ParentID` int(11) NOT NULL DEFAULT '0',
  PRIMARY KEY (`ID`),
  KEY `RecordID_Version` (`RecordID`,`Version`),
  KEY `RecordID` (`RecordID`),
  KEY `Version` (`Version`),
  KEY `AuthorID` (`AuthorID`),
  KEY `PublisherID` (`PublisherID`),
  KEY `ParentID` (`ParentID`),
  KEY `ClassName` (`ClassName`)
) ENGINE=InnoDB AUTO_INCREMENT=742 DEFAULT CHARSET=utf8;
/*!40101 SET character_set_client = @saved_cs_client */;

--
-- Dumping data for table `EditableOption_versions`
--

LOCK TABLES `EditableOption_versions` WRITE;
/*!40000 ALTER TABLE `EditableOption_versions` DISABLE KEYS */;
INSERT INTO `EditableOption_versions` VALUES (1,1,1,0,1,0,'EditableOption','2013-12-28 05:58:25','2013-12-28 05:58:25',NULL,NULL,0,0,0),(2,1,2,0,1,0,'EditableOption','2013-12-28 05:58:25','2013-12-28 05:58:25','option1',NULL,0,1,4),(3,2,1,0,1,0,'EditableOption','2013-12-28 05:58:32','2013-12-28 05:58:32',NULL,NULL,0,0,0),(4,2,2,0,1,0,'EditableOption','2013-12-28 05:58:32','2013-12-28 05:58:33','option2',NULL,0,2,4),(5,1,3,1,1,1,'EditableOption','2013-12-28 05:58:25','2013-12-28 06:01:07','option1','No',0,1,4),(6,2,3,1,1,1,'EditableOption','2013-12-28 05:58:32','2013-12-28 06:01:07','option2','Yes',0,2,4),(7,1,4,1,1,1,'EditableOption','2013-12-28 05:58:25','2013-12-28 06:01:50','option1','No',0,1,4),(8,2,4,1,1,1,'EditableOption','2013-12-28 05:58:32','2013-12-28 06:01:51','option2','Yes',0,2,4),(9,1,5,1,1,1,'EditableOption','2013-12-28 05:58:25','2013-12-28 06:03:01','option1','No',0,1,4),(10,2,5,1,1,1,'EditableOption','2013-12-28 05:58:32','2013-12-28 06:03:01','option2','Yes',0,2,4),(11,3,1,0,1,0,'EditableOption','2013-12-28 06:03:36','2013-12-28 06:03:36',NULL,NULL,0,0,0),(12,3,2,0,1,0,'EditableOption','2013-12-28 06:03:36','2013-12-28 06:03:36','option3',NULL,0,1,5),(13,4,1,0,1,0,'EditableOption','2013-12-28 06:03:40','2013-12-28 06:03:40',NULL,NULL,0,0,0),(14,4,2,0,1,0,'EditableOption','2013-12-28 06:03:40','2013-12-28 06:03:40','option4',NULL,0,2,5),(15,5,1,0,1,0,'EditableOption','2013-12-28 06:04:53','2013-12-28 06:04:53',NULL,NULL,0,0,0),(16,5,2,0,1,0,'EditableOption','2013-12-28 06:04:53','2013-12-28 06:04:53','option5',NULL,0,1,6),(17,6,1,0,1,0,'EditableOption','2013-12-28 06:05:39','2013-12-28 06:05:39',NULL,NULL,0,0,0),(18,6,2,0,1,0,'EditableOption','2013-12-28 06:05:39','2013-12-28 06:05:40','option6',NULL,0,2,6),(19,1,6,1,1,1,'EditableOption','2013-12-28 05:58:25','2013-12-28 06:09:50','option1','No',0,1,4),(20,2,6,1,1,1,'EditableOption','2013-12-28 05:58:32','2013-12-28 06:09:50','option2','Yes',0,2,4),(21,3,3,1,1,1,'EditableOption','2013-12-28 06:03:36','2013-12-28 06:09:50','option3','Yes',0,1,5),(22,4,3,1,1,1,'EditableOption','2013-12-28 06:03:40','2013-12-28 06:09:50','option4','No',0,2,5),(23,5,3,1,1,1,'EditableOption','2013-12-28 06:04:53','2013-12-28 06:09:50','option5','generic',0,1,6),(24,6,3,1,1,1,'EditableOption','2013-12-28 06:05:39','2013-12-28 06:09:50','option6','custom',0,2,6),(25,1,7,1,1,1,'EditableOption','2013-12-28 05:58:25','2013-12-28 06:11:52','option1','No',0,1,4),(26,2,7,1,1,1,'EditableOption','2013-12-28 05:58:32','2013-12-28 06:11:52','option2','Yes',0,2,4),(27,3,4,1,1,1,'EditableOption','2013-12-28 06:03:36','2013-12-28 06:11:52','option3','Yes',0,1,5),(28,4,4,1,1,1,'EditableOption','2013-12-28 06:03:40','2013-12-28 06:11:52','option4','No',0,2,5),(29,5,4,1,1,1,'EditableOption','2013-12-28 06:04:53','2013-12-28 06:11:53','option5','generic',0,1,6),(30,6,4,1,1,1,'EditableOption','2013-12-28 06:05:39','2013-12-28 06:11:53','option6','custom',0,2,6),(31,1,8,1,1,1,'EditableOption','2013-12-28 05:58:25','2013-12-28 06:13:27','option1','No',0,1,4),(32,2,8,1,1,1,'EditableOption','2013-12-28 05:58:32','2013-12-28 06:13:27','option2','Yes',0,2,4),(33,3,5,1,1,1,'EditableOption','2013-12-28 06:03:36','2013-12-28 06:13:27','option3','Yes',0,1,5),(34,4,5,1,1,1,'EditableOption','2013-12-28 06:03:40','2013-12-28 06:13:27','option4','No',0,2,5),(35,5,5,1,1,1,'EditableOption','2013-12-28 06:04:53','2013-12-28 06:13:27','option5','generic',0,1,6),(36,6,5,1,1,1,'EditableOption','2013-12-28 06:05:39','2013-12-28 06:13:27','option6','custom',0,2,6),(37,1,9,1,1,1,'EditableOption','2013-12-28 05:58:25','2013-12-28 06:14:19','option1','No',0,1,4),(38,2,9,1,1,1,'EditableOption','2013-12-28 05:58:32','2013-12-28 06:14:19','option2','Yes',0,2,4),(39,3,6,1,1,1,'EditableOption','2013-12-28 06:03:36','2013-12-28 06:14:19','option3','Yes',0,1,5),(40,4,6,1,1,1,'EditableOption','2013-12-28 06:03:40','2013-12-28 06:14:20','option4','No',0,2,5),(41,5,6,1,1,1,'EditableOption','2013-12-28 06:04:53','2013-12-28 06:14:20','option5','generic',0,1,6),(42,6,6,1,1,1,'EditableOption','2013-12-28 06:05:39','2013-12-28 06:14:20','option6','custom',0,2,6),(43,1,10,1,1,1,'EditableOption','2013-12-28 05:58:25','2013-12-28 06:14:56','option1','No',0,1,4),(44,2,10,1,1,1,'EditableOption','2013-12-28 05:58:32','2013-12-28 06:14:56','option2','Yes',0,2,4),(45,3,7,1,1,1,'EditableOption','2013-12-28 06:03:36','2013-12-28 06:14:56','option3','Yes',0,1,5),(46,4,7,1,1,1,'EditableOption','2013-12-28 06:03:40','2013-12-28 06:14:56','option4','No',0,2,5),(47,5,7,1,1,1,'EditableOption','2013-12-28 06:04:53','2013-12-28 06:14:56','option5','generic',0,1,6),(48,6,7,1,1,1,'EditableOption','2013-12-28 06:05:39','2013-12-28 06:14:56','option6','custom',0,2,6),(49,1,11,1,1,1,'EditableOption','2013-12-28 05:58:25','2013-12-28 06:15:37','option1','No',0,1,4),(50,2,11,1,1,1,'EditableOption','2013-12-28 05:58:32','2013-12-28 06:15:37','option2','Yes',0,2,4),(51,3,8,1,1,1,'EditableOption','2013-12-28 06:03:36','2013-12-28 06:15:37','option3','Yes',0,1,5),(52,4,8,1,1,1,'EditableOption','2013-12-28 06:03:40','2013-12-28 06:15:37','option4','No',0,2,5),(53,5,8,1,1,1,'EditableOption','2013-12-28 06:04:53','2013-12-28 06:15:38','option5','generic',0,1,6),(54,6,8,1,1,1,'EditableOption','2013-12-28 06:05:39','2013-12-28 06:15:38','option6','custom',0,2,6),(55,1,12,1,1,1,'EditableOption','2013-12-28 05:58:25','2013-12-28 06:17:02','option1','No',0,1,4),(56,2,12,1,1,1,'EditableOption','2013-12-28 05:58:32','2013-12-28 06:17:02','option2','Yes',0,2,4),(57,3,9,1,1,1,'EditableOption','2013-12-28 06:03:36','2013-12-28 06:17:02','option3','Yes',0,1,5),(58,4,9,1,1,1,'EditableOption','2013-12-28 06:03:40','2013-12-28 06:17:02','option4','No',0,2,5),(59,5,9,1,1,1,'EditableOption','2013-12-28 06:04:53','2013-12-28 06:17:02','option5','generic number or voice',0,1,6),(60,6,9,1,1,1,'EditableOption','2013-12-28 06:05:39','2013-12-28 06:17:02','option6','custom voice',0,2,6),(61,1,13,1,1,1,'EditableOption','2013-12-28 05:58:25','2013-12-28 06:18:12','option1','No',0,1,4),(62,2,13,1,1,1,'EditableOption','2013-12-28 05:58:32','2013-12-28 06:18:12','option2','Yes',0,2,4),(63,3,10,1,1,1,'EditableOption','2013-12-28 06:03:36','2013-12-28 06:18:12','option3','Yes',0,1,5),(64,4,10,1,1,1,'EditableOption','2013-12-28 06:03:40','2013-12-28 06:18:12','option4','No',0,2,5),(65,5,10,1,1,1,'EditableOption','2013-12-28 06:04:53','2013-12-28 06:18:12','option5','generic number or voice',0,1,6),(66,6,10,1,1,1,'EditableOption','2013-12-28 06:05:39','2013-12-28 06:18:12','option6','custom voice',0,2,6),(67,1,14,1,1,1,'EditableOption','2013-12-28 05:58:25','2013-12-30 19:44:15','option1','No',0,1,4),(68,2,14,1,1,1,'EditableOption','2013-12-28 05:58:32','2013-12-30 19:44:15','option2','Yes',0,2,4),(69,3,11,1,1,1,'EditableOption','2013-12-28 06:03:36','2013-12-30 19:44:16','option3','Yes',0,1,5),(70,4,11,1,1,1,'EditableOption','2013-12-28 06:03:40','2013-12-30 19:44:16','option4','No',0,2,5),(71,5,11,1,1,1,'EditableOption','2013-12-28 06:04:53','2013-12-30 19:44:16','option5','generic number or voice',0,1,6),(72,6,11,1,1,1,'EditableOption','2013-12-28 06:05:39','2013-12-30 19:44:17','option6','custom voice',0,2,6),(73,1,15,1,1,1,'EditableOption','2013-12-28 05:58:25','2013-12-30 19:47:20','option1','No',0,1,4),(74,2,15,1,1,1,'EditableOption','2013-12-28 05:58:32','2013-12-30 19:47:20','option2','Yes',0,2,4),(75,3,12,1,1,1,'EditableOption','2013-12-28 06:03:36','2013-12-30 19:47:21','option3','Yes',0,1,5),(76,4,12,1,1,1,'EditableOption','2013-12-28 06:03:40','2013-12-30 19:47:21','option4','No',0,2,5),(77,5,12,1,1,1,'EditableOption','2013-12-28 06:04:53','2013-12-30 19:47:21','option5','generic number or voice',0,1,6),(78,6,12,1,1,1,'EditableOption','2013-12-28 06:05:39','2013-12-30 19:47:21','option6','custom voice',0,2,6),(79,1,16,1,1,1,'EditableOption','2013-12-28 05:58:25','2013-12-30 19:48:16','option1','No',0,1,4),(80,2,16,1,1,1,'EditableOption','2013-12-28 05:58:32','2013-12-30 19:48:17','option2','Yes',0,2,4),(81,3,13,1,1,1,'EditableOption','2013-12-28 06:03:36','2013-12-30 19:48:17','option3','Yes',0,1,5),(82,4,13,1,1,1,'EditableOption','2013-12-28 06:03:40','2013-12-30 19:48:18','option4','No',0,2,5),(83,5,13,1,1,1,'EditableOption','2013-12-28 06:04:53','2013-12-30 19:48:18','option5','generic number or voice',0,1,6),(84,6,13,1,1,1,'EditableOption','2013-12-28 06:05:39','2013-12-30 19:48:18','option6','custom voice',0,2,6),(85,1,17,1,1,1,'EditableOption','2013-12-28 05:58:25','2013-12-30 19:48:52','option1','No',0,1,4),(86,2,17,1,1,1,'EditableOption','2013-12-28 05:58:32','2013-12-30 19:48:52','option2','Yes',0,2,4),(87,3,14,1,1,1,'EditableOption','2013-12-28 06:03:36','2013-12-30 19:48:53','option3','Yes',0,1,5),(88,4,14,1,1,1,'EditableOption','2013-12-28 06:03:40','2013-12-30 19:48:53','option4','No',0,2,5),(89,5,14,1,1,1,'EditableOption','2013-12-28 06:04:53','2013-12-30 19:48:53','option5','generic number or voice',0,1,6),(90,6,14,1,1,1,'EditableOption','2013-12-28 06:05:39','2013-12-30 19:48:54','option6','custom voice',0,2,6),(91,1,18,1,1,1,'EditableOption','2013-12-28 05:58:25','2013-12-30 19:49:48','option1','No',0,1,4),(92,2,18,1,1,1,'EditableOption','2013-12-28 05:58:32','2013-12-30 19:49:48','option2','Yes',0,2,4),(93,3,15,1,1,1,'EditableOption','2013-12-28 06:03:36','2013-12-30 19:49:49','option3','Yes',0,1,5),(94,4,15,1,1,1,'EditableOption','2013-12-28 06:03:40','2013-12-30 19:49:49','option4','No',0,2,5),(95,5,15,1,1,1,'EditableOption','2013-12-28 06:04:53','2013-12-30 19:49:50','option5','generic number or voice',0,1,6),(96,6,15,1,1,1,'EditableOption','2013-12-28 06:05:39','2013-12-30 19:49:50','option6','custom voice',0,2,6),(97,1,19,1,1,1,'EditableOption','2013-12-28 05:58:25','2013-12-30 19:50:46','option1','No',0,1,4),(98,2,19,1,1,1,'EditableOption','2013-12-28 05:58:32','2013-12-30 19:50:46','option2','Yes',0,2,4),(99,3,16,1,1,1,'EditableOption','2013-12-28 06:03:36','2013-12-30 19:50:47','option3','Yes',0,1,5),(100,4,16,1,1,1,'EditableOption','2013-12-28 06:03:40','2013-12-30 19:50:47','option4','No',0,2,5),(101,5,16,1,1,1,'EditableOption','2013-12-28 06:04:53','2013-12-30 19:50:47','option5','generic number or voice',0,1,6),(102,6,16,1,1,1,'EditableOption','2013-12-28 06:05:39','2013-12-30 19:50:47','option6','custom voice',0,2,6),(103,1,20,1,1,1,'EditableOption','2013-12-28 05:58:25','2013-12-30 19:51:43','option1','No',0,1,4),(104,2,20,1,1,1,'EditableOption','2013-12-28 05:58:32','2013-12-30 19:51:43','option2','Yes',0,2,4),(105,3,17,1,1,1,'EditableOption','2013-12-28 06:03:36','2013-12-30 19:51:44','option3','Yes',0,1,5),(106,4,17,1,1,1,'EditableOption','2013-12-28 06:03:40','2013-12-30 19:51:44','option4','No',0,2,5),(107,5,17,1,1,1,'EditableOption','2013-12-28 06:04:53','2013-12-30 19:51:46','option5','generic number or voice',0,1,6),(108,6,17,1,1,1,'EditableOption','2013-12-28 06:05:39','2013-12-30 19:51:46','option6','custom voice',0,2,6),(109,1,21,1,1,1,'EditableOption','2013-12-28 05:58:25','2013-12-30 19:52:37','option1','No',0,1,4),(110,2,21,1,1,1,'EditableOption','2013-12-28 05:58:32','2013-12-30 19:52:38','option2','Yes',0,2,4),(111,3,18,1,1,1,'EditableOption','2013-12-28 06:03:36','2013-12-30 19:52:38','option3','Yes',0,1,5),(112,4,18,1,1,1,'EditableOption','2013-12-28 06:03:40','2013-12-30 19:52:38','option4','No',0,2,5),(113,5,18,1,1,1,'EditableOption','2013-12-28 06:04:53','2013-12-30 19:52:38','option5','generic number or voice',0,1,6),(114,6,18,1,1,1,'EditableOption','2013-12-28 06:05:39','2013-12-30 19:52:39','option6','custom voice',0,2,6),(115,1,22,1,1,1,'EditableOption','2013-12-28 05:58:25','2013-12-30 19:53:34','option1','No',0,1,4),(116,2,22,1,1,1,'EditableOption','2013-12-28 05:58:32','2013-12-30 19:53:34','option2','Yes',0,2,4),(117,3,19,1,1,1,'EditableOption','2013-12-28 06:03:36','2013-12-30 19:53:35','option3','Yes',0,1,5),(118,4,19,1,1,1,'EditableOption','2013-12-28 06:03:40','2013-12-30 19:53:35','option4','No',0,2,5),(119,5,19,1,1,1,'EditableOption','2013-12-28 06:04:53','2013-12-30 19:53:35','option5','generic number or voice',0,1,6),(120,6,19,1,1,1,'EditableOption','2013-12-28 06:05:39','2013-12-30 19:53:36','option6','custom voice',0,2,6),(121,1,23,1,1,1,'EditableOption','2013-12-28 05:58:25','2013-12-30 19:54:29','option1','No',0,1,4),(122,2,23,1,1,1,'EditableOption','2013-12-28 05:58:32','2013-12-30 19:54:30','option2','Yes',0,2,4),(123,3,20,1,1,1,'EditableOption','2013-12-28 06:03:36','2013-12-30 19:54:30','option3','Yes',0,1,5),(124,4,20,1,1,1,'EditableOption','2013-12-28 06:03:40','2013-12-30 19:54:30','option4','No',0,2,5),(125,5,20,1,1,1,'EditableOption','2013-12-28 06:04:53','2013-12-30 19:54:31','option5','generic number or voice',0,1,6),(126,6,20,1,1,1,'EditableOption','2013-12-28 06:05:39','2013-12-30 19:54:31','option6','custom voice',0,2,6),(127,1,24,1,1,1,'EditableOption','2013-12-28 05:58:25','2013-12-30 19:55:12','option1','No',0,1,4),(128,2,24,1,1,1,'EditableOption','2013-12-28 05:58:32','2013-12-30 19:55:12','option2','Yes',0,2,4),(129,3,21,1,1,1,'EditableOption','2013-12-28 06:03:36','2013-12-30 19:55:13','option3','Yes',0,1,5),(130,4,21,1,1,1,'EditableOption','2013-12-28 06:03:40','2013-12-30 19:55:13','option4','No',0,2,5),(131,5,21,1,1,1,'EditableOption','2013-12-28 06:04:53','2013-12-30 19:55:13','option5','generic number or voice',0,1,6),(132,6,21,1,1,1,'EditableOption','2013-12-28 06:05:39','2013-12-30 19:55:13','option6','custom voice',0,2,6),(133,1,25,1,1,1,'EditableOption','2013-12-28 05:58:25','2013-12-30 19:59:55','option1','No',0,1,4),(134,2,25,1,1,1,'EditableOption','2013-12-28 05:58:32','2013-12-30 19:59:55','option2','Yes',0,2,4),(135,3,22,1,1,1,'EditableOption','2013-12-28 06:03:36','2013-12-30 19:59:56','option3','Yes',0,1,5),(136,4,22,1,1,1,'EditableOption','2013-12-28 06:03:40','2013-12-30 19:59:57','option4','No',0,2,5),(137,5,22,1,1,1,'EditableOption','2013-12-28 06:04:53','2013-12-30 19:59:58','option5','generic number or voice',0,1,6),(138,6,22,1,1,1,'EditableOption','2013-12-28 06:05:39','2013-12-30 19:59:58','option6','custom voice',0,2,6),(139,7,1,0,1,0,'EditableOption','2013-12-30 20:25:22','2013-12-30 20:25:22',NULL,NULL,0,0,0),(140,7,2,0,1,0,'EditableOption','2013-12-30 20:25:22','2013-12-30 20:25:22','option7',NULL,0,1,10),(141,8,1,0,1,0,'EditableOption','2013-12-30 20:25:51','2013-12-30 20:25:51',NULL,NULL,0,0,0),(142,8,2,0,1,0,'EditableOption','2013-12-30 20:25:51','2013-12-30 20:25:52','option8',NULL,0,2,10),(143,9,1,0,1,0,'EditableOption','2013-12-30 20:26:16','2013-12-30 20:26:16',NULL,NULL,0,0,0),(144,9,2,0,1,0,'EditableOption','2013-12-30 20:26:16','2013-12-30 20:26:17','option9',NULL,0,3,10),(145,1,26,1,1,1,'EditableOption','2013-12-28 05:58:25','2013-12-30 20:26:43','option1','No, it is not in service',0,1,4),(146,2,26,1,1,1,'EditableOption','2013-12-28 05:58:32','2013-12-30 20:26:43','option2','Yes, it is in service',0,2,4),(147,7,3,1,1,1,'EditableOption','2013-12-30 20:25:22','2013-12-30 20:26:44','option7','No, a voicemail answers',0,1,10),(148,9,3,1,1,1,'EditableOption','2013-12-30 20:26:16','2013-12-30 20:26:44','option9','Other, something else happens',0,3,10),(149,3,23,1,1,1,'EditableOption','2013-12-28 06:03:36','2013-12-30 20:26:45','option3','No, it just rings and rings....',0,1,5),(150,4,23,1,1,1,'EditableOption','2013-12-28 06:03:40','2013-12-30 20:26:45','option4','Yes, a voicemail picks up',0,2,5),(151,5,23,1,1,1,'EditableOption','2013-12-28 06:04:53','2013-12-30 20:26:45','option5','generic number or voice',0,1,6),(152,6,23,1,1,1,'EditableOption','2013-12-28 06:05:39','2013-12-30 20:26:45','option6','custom voice',0,2,6),(153,10,1,0,1,0,'EditableOption','2013-12-30 20:30:03','2013-12-30 20:30:03',NULL,NULL,0,0,0),(154,10,2,0,1,0,'EditableOption','2013-12-30 20:30:03','2013-12-30 20:30:03','option10',NULL,0,4,10),(155,1,27,1,1,1,'EditableOption','2013-12-28 05:58:25','2013-12-30 20:35:39','option1','No, this phone number is not in service',0,1,4),(156,2,27,1,1,1,'EditableOption','2013-12-28 05:58:32','2013-12-30 20:35:39','option2','Yes, this phone number is in service',0,2,4),(157,7,4,1,1,1,'EditableOption','2013-12-30 20:25:22','2013-12-30 20:35:39','option7','No, a voicemail answers',0,4,10),(158,9,4,1,1,1,'EditableOption','2013-12-30 20:26:16','2013-12-30 20:35:39','option9','Other, something else happens, i.e. it rings and rings...',0,6,10),(159,10,3,1,1,1,'EditableOption','2013-12-30 20:30:03','2013-12-30 20:35:39','option10','Yes, a human answers',0,5,10),(160,5,24,1,1,1,'EditableOption','2013-12-28 06:04:53','2013-12-30 20:35:39','option5','Yes, the owner recorded a custom away message',0,11,6),(161,6,24,1,1,1,'EditableOption','2013-12-28 06:05:39','2013-12-30 20:35:40','option6','No, the message is generic and machine',0,12,6),(162,11,1,0,1,0,'EditableOption','2013-12-30 20:51:33','2013-12-30 20:51:33',NULL,NULL,0,0,0),(163,11,2,0,1,0,'EditableOption','2013-12-30 20:51:33','2013-12-30 20:51:33','option11',NULL,0,1,9),(164,12,1,0,1,0,'EditableOption','2013-12-30 20:52:03','2013-12-30 20:52:03',NULL,NULL,0,0,0),(165,12,2,0,1,0,'EditableOption','2013-12-30 20:52:03','2013-12-30 20:52:03','option12',NULL,0,2,9),(166,13,1,0,1,0,'EditableOption','2013-12-30 20:55:11','2013-12-30 20:55:11',NULL,NULL,0,0,0),(167,13,2,0,1,0,'EditableOption','2013-12-30 20:55:11','2013-12-30 20:55:12','option13',NULL,0,1,11),(168,1,28,1,1,1,'EditableOption','2013-12-28 05:58:25','2013-12-30 20:59:52','option1','No, this phone number is not in service',0,1,4),(169,2,28,1,1,1,'EditableOption','2013-12-28 05:58:32','2013-12-30 20:59:52','option2','Yes, this phone number is in service',0,2,4),(170,7,5,1,1,1,'EditableOption','2013-12-30 20:25:22','2013-12-30 20:59:52','option7','No, a voicemail answers',0,4,10),(171,10,4,1,1,1,'EditableOption','2013-12-30 20:30:03','2013-12-30 20:59:52','option10','Yes, a human answers',0,5,10),(172,9,5,1,1,1,'EditableOption','2013-12-30 20:26:16','2013-12-30 20:59:52','option9','Other, something else happens, i.e. it rings and rings...',0,6,10),(173,5,25,1,1,1,'EditableOption','2013-12-28 06:04:53','2013-12-30 20:59:52','option5','Yes, the owner recorded a custom away message',0,11,6),(174,6,25,1,1,1,'EditableOption','2013-12-28 06:05:39','2013-12-30 20:59:53','option6','No, the message is generic and machine',0,12,6),(175,11,3,1,1,1,'EditableOption','2013-12-30 20:51:33','2013-12-30 20:59:54','option11','Unclear',0,1,9),(176,12,3,1,1,1,'EditableOption','2013-12-30 20:52:03','2013-12-30 20:59:54','option12','Both man and a woman',0,2,9),(177,13,3,1,1,1,'EditableOption','2013-12-30 20:55:11','2013-12-30 20:59:54','option13','Other ',0,1,11),(178,14,1,0,1,0,'EditableOption','2013-12-30 21:03:05','2013-12-30 21:03:05',NULL,NULL,0,0,0),(179,14,2,0,1,0,'EditableOption','2013-12-30 21:03:05','2013-12-30 21:03:05','option14',NULL,0,3,9),(180,1,29,1,1,1,'EditableOption','2013-12-28 05:58:25','2013-12-30 21:04:29','option1','No, this phone number is not in service',0,1,4),(181,2,29,1,1,1,'EditableOption','2013-12-28 05:58:32','2013-12-30 21:04:29','option2','Yes, this phone number is in service',0,2,4),(182,7,6,1,1,1,'EditableOption','2013-12-30 20:25:22','2013-12-30 21:04:30','option7','No, a voicemail answers',0,4,10),(183,10,5,1,1,1,'EditableOption','2013-12-30 20:30:03','2013-12-30 21:04:30','option10','Yes, a human answers',0,5,10),(184,9,6,1,1,1,'EditableOption','2013-12-30 20:26:16','2013-12-30 21:04:30','option9','Other, something else happens, i.e. it rings and rings...',0,6,10),(185,5,26,1,1,1,'EditableOption','2013-12-28 06:04:53','2013-12-30 21:04:30','option5','Yes, the owner recorded a custom away message',0,8,6),(186,6,26,1,1,1,'EditableOption','2013-12-28 06:05:39','2013-12-30 21:04:31','option6','No, the message is generic and machine',0,9,6),(187,11,4,1,1,1,'EditableOption','2013-12-30 20:51:33','2013-12-30 21:04:31','option11','Unclear what gender the speaker is',0,13,9),(188,12,4,1,1,1,'EditableOption','2013-12-30 20:52:03','2013-12-30 21:04:31','option12','Both a man and a woman speak',0,14,9),(189,14,3,1,1,1,'EditableOption','2013-12-30 21:03:05','2013-12-30 21:04:31','option14','Woman\'s voice',0,12,9),(190,13,4,1,1,1,'EditableOption','2013-12-30 20:55:11','2013-12-30 21:04:31','option13','Other ',0,16,11),(191,15,1,0,1,0,'EditableOption','2013-12-30 21:05:14','2013-12-30 21:05:14',NULL,NULL,0,0,0),(192,15,2,0,1,0,'EditableOption','2013-12-30 21:05:14','2013-12-30 21:05:16','option15',NULL,0,15,9),(193,16,1,0,1,0,'EditableOption','2013-12-30 21:05:48','2013-12-30 21:05:48',NULL,NULL,0,0,0),(194,16,2,0,1,0,'EditableOption','2013-12-30 21:05:48','2013-12-30 21:05:48','option16',NULL,0,17,11),(195,17,1,0,1,0,'EditableOption','2013-12-30 21:06:14','2013-12-30 21:06:14',NULL,NULL,0,0,0),(196,17,2,0,1,0,'EditableOption','2013-12-30 21:06:14','2013-12-30 21:06:14','option17',NULL,0,18,11),(197,1,30,1,1,1,'EditableOption','2013-12-28 05:58:25','2013-12-30 21:06:59','option1','No, this phone number is not in service',0,1,4),(198,2,30,1,1,1,'EditableOption','2013-12-28 05:58:32','2013-12-30 21:07:00','option2','Yes, this phone number is in service',0,2,4),(199,7,7,1,1,1,'EditableOption','2013-12-30 20:25:22','2013-12-30 21:07:00','option7','No, a voicemail answers',0,4,10),(200,10,6,1,1,1,'EditableOption','2013-12-30 20:30:03','2013-12-30 21:07:00','option10','Yes, a human answers',0,5,10),(201,9,7,1,1,1,'EditableOption','2013-12-30 20:26:16','2013-12-30 21:07:00','option9','Other, something else happens, i.e. it rings and rings...',0,6,10),(202,5,27,1,1,1,'EditableOption','2013-12-28 06:04:53','2013-12-30 21:07:01','option5','Yes, the owner recorded a custom away message',0,8,6),(203,6,27,1,1,1,'EditableOption','2013-12-28 06:05:39','2013-12-30 21:07:01','option6','No, the message is generic and machine',0,9,6),(204,14,4,1,1,1,'EditableOption','2013-12-30 21:03:05','2013-12-30 21:07:02','option14','Woman\'s voice',0,11,9),(205,11,5,1,1,1,'EditableOption','2013-12-30 20:51:33','2013-12-30 21:07:02','option11','Unclear what gender the speaker is',0,13,9),(206,12,5,1,1,1,'EditableOption','2013-12-30 20:52:03','2013-12-30 21:07:02','option12','Both a man and a woman speak',0,14,9),(207,15,3,1,1,1,'EditableOption','2013-12-30 21:05:14','2013-12-30 21:07:02','option15','Man\'s voice',0,12,9),(208,13,5,1,1,1,'EditableOption','2013-12-30 20:55:11','2013-12-30 21:07:02','option13','Other ',0,16,11),(209,16,3,1,1,1,'EditableOption','2013-12-30 21:05:48','2013-12-30 21:07:03','option16','Home phone / residence',0,17,11),(210,17,3,1,1,1,'EditableOption','2013-12-30 21:06:14','2013-12-30 21:07:03','option17','Business Phone',0,18,11),(211,18,1,0,1,0,'EditableOption','2013-12-30 21:08:25','2013-12-30 21:08:25',NULL,NULL,0,0,0),(212,18,2,0,1,0,'EditableOption','2013-12-30 21:08:25','2013-12-30 21:08:25','option18',NULL,0,19,11),(213,1,31,1,1,1,'EditableOption','2013-12-28 05:58:25','2013-12-30 21:09:50','option1','No, this phone number is not in service',0,1,4),(214,2,31,1,1,1,'EditableOption','2013-12-28 05:58:32','2013-12-30 21:09:51','option2','Yes, this phone number is in service',0,2,4),(215,7,8,1,1,1,'EditableOption','2013-12-30 20:25:22','2013-12-30 21:09:51','option7','No, a voicemail answers',0,4,10),(216,10,7,1,1,1,'EditableOption','2013-12-30 20:30:03','2013-12-30 21:09:51','option10','Yes, a human answers',0,5,10),(217,9,8,1,1,1,'EditableOption','2013-12-30 20:26:16','2013-12-30 21:09:51','option9','Other, something else happens, i.e. it rings and rings...',0,6,10),(218,5,28,1,1,1,'EditableOption','2013-12-28 06:04:53','2013-12-30 21:09:52','option5','Yes, the owner recorded a custom away message',0,8,6),(219,6,28,1,1,1,'EditableOption','2013-12-28 06:05:39','2013-12-30 21:09:52','option6','No, the message is generic and machine',0,9,6),(220,14,5,1,1,1,'EditableOption','2013-12-30 21:03:05','2013-12-30 21:09:53','option14','Woman\'s voice',0,11,9),(221,15,4,1,1,1,'EditableOption','2013-12-30 21:05:14','2013-12-30 21:09:53','option15','Man\'s voice',0,12,9),(222,11,6,1,1,1,'EditableOption','2013-12-30 20:51:33','2013-12-30 21:09:53','option11','Unclear what gender the speaker is',0,13,9),(223,12,6,1,1,1,'EditableOption','2013-12-30 20:52:03','2013-12-30 21:09:53','option12','Both a man and a woman speak',0,14,9),(224,13,6,1,1,1,'EditableOption','2013-12-30 20:55:11','2013-12-30 21:09:54','option13','Other ',0,19,11),(225,16,4,1,1,1,'EditableOption','2013-12-30 21:05:48','2013-12-30 21:09:54','option16','Home Phone / Residence',0,17,11),(226,17,4,1,1,1,'EditableOption','2013-12-30 21:06:14','2013-12-30 21:09:54','option17','Business Phone',0,18,11),(227,18,3,1,1,1,'EditableOption','2013-12-30 21:08:25','2013-12-30 21:09:54','option18','Personal Cell Phone',0,16,11),(228,19,1,0,1,0,'EditableOption','2013-12-30 21:12:49','2013-12-30 21:12:49',NULL,NULL,0,0,0),(229,19,2,0,1,0,'EditableOption','2013-12-30 21:12:49','2013-12-30 21:12:55','option19',NULL,0,1,12),(230,1,32,0,1,0,'EditableOption','2013-12-28 05:58:25','2013-12-30 21:14:33','option1','No, this phone number is not in service',0,1,4),(231,2,32,0,1,0,'EditableOption','2013-12-28 05:58:32','2013-12-30 21:14:33','option2','Yes, this phone number is in service',0,2,4),(232,7,9,0,1,0,'EditableOption','2013-12-30 20:25:22','2013-12-30 21:14:33','option7','No, a voicemail answers',0,4,10),(233,10,8,0,1,0,'EditableOption','2013-12-30 20:30:03','2013-12-30 21:14:33','option10','Yes, a human answers',0,5,10),(234,9,9,0,1,0,'EditableOption','2013-12-30 20:26:16','2013-12-30 21:14:33','option9','Other, something else happens, i.e. it rings and rings...',0,6,10),(235,5,29,0,1,0,'EditableOption','2013-12-28 06:04:53','2013-12-30 21:14:34','option5','Yes, the owner recorded a custom away message',0,8,6),(236,6,29,0,1,0,'EditableOption','2013-12-28 06:05:39','2013-12-30 21:14:34','option6','No, the message is generic and machine',0,9,6),(237,14,6,0,1,0,'EditableOption','2013-12-30 21:03:05','2013-12-30 21:14:34','option14','Woman\'s voice',0,11,9),(238,15,5,0,1,0,'EditableOption','2013-12-30 21:05:14','2013-12-30 21:14:34','option15','Man\'s voice',0,12,9),(239,11,7,0,1,0,'EditableOption','2013-12-30 20:51:33','2013-12-30 21:14:34','option11','Unclear what gender the speaker is',0,13,9),(240,12,7,0,1,0,'EditableOption','2013-12-30 20:52:03','2013-12-30 21:14:34','option12','Both a man and a woman speak',0,14,9),(241,18,4,0,1,0,'EditableOption','2013-12-30 21:08:25','2013-12-30 21:14:35','option18','Personal Cell Phone',0,16,11),(242,16,5,0,1,0,'EditableOption','2013-12-30 21:05:48','2013-12-30 21:14:35','option16','Home Phone / Residence',0,17,11),(243,17,5,0,1,0,'EditableOption','2013-12-30 21:06:14','2013-12-30 21:14:35','option17','Business Phone',0,18,11),(244,13,7,0,1,0,'EditableOption','2013-12-30 20:55:11','2013-12-30 21:14:38','option13','Other ',0,19,11),(245,19,3,0,1,0,'EditableOption','2013-12-30 21:12:49','2013-12-30 21:14:39','option19','Unclear, the gender of the person who answers',0,1,12),(246,20,1,0,1,0,'EditableOption','2013-12-30 21:15:57','2013-12-30 21:15:57',NULL,NULL,0,0,0),(247,20,2,0,1,0,'EditableOption','2013-12-30 21:15:57','2013-12-30 21:15:57','option20',NULL,0,2,12),(248,21,1,0,1,0,'EditableOption','2013-12-30 21:16:18','2013-12-30 21:16:18',NULL,NULL,0,0,0),(249,21,2,0,1,0,'EditableOption','2013-12-30 21:16:18','2013-12-30 21:16:18','option21',NULL,0,3,12),(250,1,33,1,1,1,'EditableOption','2013-12-28 05:58:25','2013-12-30 21:16:40','option1','No, this phone number is not in service',0,1,4),(251,2,33,1,1,1,'EditableOption','2013-12-28 05:58:32','2013-12-30 21:16:40','option2','Yes, this phone number is in service',0,2,4),(252,7,10,1,1,1,'EditableOption','2013-12-30 20:25:22','2013-12-30 21:16:41','option7','No, a voicemail answers',0,4,10),(253,10,9,1,1,1,'EditableOption','2013-12-30 20:30:03','2013-12-30 21:16:41','option10','Yes, a human answers',0,5,10),(254,9,10,1,1,1,'EditableOption','2013-12-30 20:26:16','2013-12-30 21:16:41','option9','Other, something else happens, i.e. it rings and rings...',0,6,10),(255,5,30,1,1,1,'EditableOption','2013-12-28 06:04:53','2013-12-30 21:16:41','option5','Yes, the owner recorded a custom away message',0,8,6),(256,6,30,1,1,1,'EditableOption','2013-12-28 06:05:39','2013-12-30 21:16:41','option6','No, the message is generic and machine',0,9,6),(257,14,7,1,1,1,'EditableOption','2013-12-30 21:03:05','2013-12-30 21:16:42','option14','Woman\'s voice',0,11,9),(258,15,6,1,1,1,'EditableOption','2013-12-30 21:05:14','2013-12-30 21:16:42','option15','Man\'s voice',0,12,9),(259,11,8,1,1,1,'EditableOption','2013-12-30 20:51:33','2013-12-30 21:16:42','option11','Unclear what gender the speaker is',0,13,9),(260,12,8,1,1,1,'EditableOption','2013-12-30 20:52:03','2013-12-30 21:16:42','option12','Both a man and a woman speak',0,14,9),(261,18,5,1,1,1,'EditableOption','2013-12-30 21:08:25','2013-12-30 21:16:42','option18','Personal Cell Phone',0,16,11),(262,16,6,1,1,1,'EditableOption','2013-12-30 21:05:48','2013-12-30 21:16:42','option16','Home Phone / Residence',0,17,11),(263,17,6,1,1,1,'EditableOption','2013-12-30 21:06:14','2013-12-30 21:16:42','option17','Business Phone',0,18,11),(264,13,8,1,1,1,'EditableOption','2013-12-30 20:55:11','2013-12-30 21:16:42','option13','Other ',0,19,11),(265,19,4,1,1,1,'EditableOption','2013-12-30 21:12:49','2013-12-30 21:16:43','option19','Unclear, the gender of the person who answers',0,23,12),(266,20,3,1,1,1,'EditableOption','2013-12-30 21:15:57','2013-12-30 21:16:43','option20','A man answers',0,21,12),(267,21,3,1,1,1,'EditableOption','2013-12-30 21:16:18','2013-12-30 21:16:43','option21','A woman answers',0,22,12),(268,22,1,0,1,0,'EditableOption','2013-12-30 21:19:39','2013-12-30 21:19:39',NULL,NULL,0,0,0),(269,22,2,0,1,0,'EditableOption','2013-12-30 21:19:39','2013-12-30 21:19:40','option22',NULL,0,1,14),(270,23,1,0,1,0,'EditableOption','2013-12-30 21:21:10','2013-12-30 21:21:10',NULL,NULL,0,0,0),(271,23,2,0,1,0,'EditableOption','2013-12-30 21:21:10','2013-12-30 21:21:18','option23',NULL,0,1,15),(272,24,1,0,1,0,'EditableOption','2013-12-30 21:22:09','2013-12-30 21:22:09',NULL,NULL,0,0,0),(273,24,2,0,1,0,'EditableOption','2013-12-30 21:22:09','2013-12-30 21:22:09','option24',NULL,0,1,16),(274,1,34,1,1,1,'EditableOption','2013-12-28 05:58:25','2013-12-30 21:22:41','option1','No, this phone number is not in service',0,1,4),(275,2,34,1,1,1,'EditableOption','2013-12-28 05:58:32','2013-12-30 21:22:42','option2','Yes, this phone number is in service',0,2,4),(276,7,11,1,1,1,'EditableOption','2013-12-30 20:25:22','2013-12-30 21:22:43','option7','No, a voicemail answers',0,4,10),(277,10,10,1,1,1,'EditableOption','2013-12-30 20:30:03','2013-12-30 21:22:43','option10','Yes, a human answers',0,5,10),(278,9,11,1,1,1,'EditableOption','2013-12-30 20:26:16','2013-12-30 21:22:44','option9','Other, something else happens, i.e. it rings and rings...',0,6,10),(279,5,31,1,1,1,'EditableOption','2013-12-28 06:04:53','2013-12-30 21:22:45','option5','Yes, the owner recorded a custom away message',0,8,6),(280,6,31,1,1,1,'EditableOption','2013-12-28 06:05:39','2013-12-30 21:22:45','option6','No, the message is generic and machine',0,9,6),(281,14,8,1,1,1,'EditableOption','2013-12-30 21:03:05','2013-12-30 21:22:45','option14','Woman\'s voice',0,11,9),(282,15,7,1,1,1,'EditableOption','2013-12-30 21:05:14','2013-12-30 21:22:46','option15','Man\'s voice',0,12,9),(283,11,9,1,1,1,'EditableOption','2013-12-30 20:51:33','2013-12-30 21:22:46','option11','Unclear what gender the speaker is',0,13,9),(284,12,9,1,1,1,'EditableOption','2013-12-30 20:52:03','2013-12-30 21:22:46','option12','Both a man and a woman speak',0,14,9),(285,18,6,1,1,1,'EditableOption','2013-12-30 21:08:25','2013-12-30 21:22:48','option18','Personal Cell Phone',0,16,11),(286,16,7,1,1,1,'EditableOption','2013-12-30 21:05:48','2013-12-30 21:22:48','option16','Home Phone / Residence',0,17,11),(287,17,7,1,1,1,'EditableOption','2013-12-30 21:06:14','2013-12-30 21:22:48','option17','Business Phone',0,18,11),(288,13,9,1,1,1,'EditableOption','2013-12-30 20:55:11','2013-12-30 21:22:49','option13','Other ',0,19,11),(289,20,4,1,1,1,'EditableOption','2013-12-30 21:15:57','2013-12-30 21:22:51','option20','A man answers',0,21,12),(290,21,4,1,1,1,'EditableOption','2013-12-30 21:16:18','2013-12-30 21:22:51','option21','A woman answers',0,22,12),(291,19,5,1,1,1,'EditableOption','2013-12-30 21:12:49','2013-12-30 21:22:51','option19','Unclear, the gender of the person who answers',0,23,12),(292,23,3,1,1,1,'EditableOption','2013-12-30 21:21:10','2013-12-30 21:22:56','option23',NULL,0,1,15),(293,25,1,0,1,0,'EditableOption','2013-12-30 21:27:42','2013-12-30 21:27:42',NULL,NULL,0,0,0),(294,25,2,0,1,0,'EditableOption','2013-12-30 21:27:42','2013-12-30 21:27:42','option25',NULL,0,1,14),(295,26,1,0,1,0,'EditableOption','2013-12-30 21:28:40','2013-12-30 21:28:40',NULL,NULL,0,0,0),(296,26,2,0,1,0,'EditableOption','2013-12-30 21:28:40','2013-12-30 21:28:40','option26',NULL,0,2,15),(297,1,35,1,1,1,'EditableOption','2013-12-28 05:58:25','2013-12-30 21:29:02','option1','No, this phone number is not in service',0,1,4),(298,2,35,1,1,1,'EditableOption','2013-12-28 05:58:32','2013-12-30 21:29:02','option2','Yes, this phone number is in service',0,2,4),(299,7,12,1,1,1,'EditableOption','2013-12-30 20:25:22','2013-12-30 21:29:03','option7','No, a voicemail answers',0,4,10),(300,10,11,1,1,1,'EditableOption','2013-12-30 20:30:03','2013-12-30 21:29:03','option10','Yes, a human answers',0,5,10),(301,9,12,1,1,1,'EditableOption','2013-12-30 20:26:16','2013-12-30 21:29:03','option9','Other, something else happens, i.e. it rings and rings...',0,6,10),(302,5,32,1,1,1,'EditableOption','2013-12-28 06:04:53','2013-12-30 21:29:04','option5','Yes, the owner recorded a custom away message',0,8,6),(303,6,32,1,1,1,'EditableOption','2013-12-28 06:05:39','2013-12-30 21:29:06','option6','No, the message is generic and machine',0,9,6),(304,14,9,1,1,1,'EditableOption','2013-12-30 21:03:05','2013-12-30 21:29:07','option14','Woman\'s voice',0,11,9),(305,15,8,1,1,1,'EditableOption','2013-12-30 21:05:14','2013-12-30 21:29:07','option15','Man\'s voice',0,12,9),(306,11,10,1,1,1,'EditableOption','2013-12-30 20:51:33','2013-12-30 21:29:08','option11','Unclear what gender the speaker is',0,13,9),(307,12,10,1,1,1,'EditableOption','2013-12-30 20:52:03','2013-12-30 21:29:08','option12','Both a man and a woman speak',0,14,9),(308,18,7,1,1,1,'EditableOption','2013-12-30 21:08:25','2013-12-30 21:29:08','option18','Personal Cell Phone',0,16,11),(309,16,8,1,1,1,'EditableOption','2013-12-30 21:05:48','2013-12-30 21:29:08','option16','Home Phone / Residence',0,17,11),(310,17,8,1,1,1,'EditableOption','2013-12-30 21:06:14','2013-12-30 21:29:09','option17','Business Phone',0,18,11),(311,13,10,1,1,1,'EditableOption','2013-12-30 20:55:11','2013-12-30 21:29:09','option13','Other ',0,19,11),(312,20,5,1,1,1,'EditableOption','2013-12-30 21:15:57','2013-12-30 21:29:10','option20','A man answers',0,21,12),(313,21,5,1,1,1,'EditableOption','2013-12-30 21:16:18','2013-12-30 21:29:10','option21','A woman answers',0,22,12),(314,19,6,1,1,1,'EditableOption','2013-12-30 21:12:49','2013-12-30 21:29:10','option19','Unclear, the gender of the person who answers',0,23,12),(315,25,3,1,1,1,'EditableOption','2013-12-30 21:27:42','2013-12-30 21:29:10','option25','No',0,1,14),(316,23,4,1,1,1,'EditableOption','2013-12-30 21:21:10','2013-12-30 21:29:14','option23','Yes',0,1,15),(317,27,1,0,1,0,'EditableOption','2013-12-30 21:32:09','2013-12-30 21:32:09',NULL,NULL,0,0,0),(318,27,2,0,1,0,'EditableOption','2013-12-30 21:32:09','2013-12-30 21:32:09','option27',NULL,0,2,14),(319,28,1,0,1,0,'EditableOption','2013-12-30 21:32:31','2013-12-30 21:32:31',NULL,NULL,0,0,0),(320,28,2,0,1,0,'EditableOption','2013-12-30 21:32:31','2013-12-30 21:32:31','option28',NULL,0,3,14),(321,29,1,0,1,0,'EditableOption','2013-12-30 21:32:42','2013-12-30 21:32:42',NULL,NULL,0,0,0),(322,29,2,0,1,0,'EditableOption','2013-12-30 21:32:42','2013-12-30 21:32:42','option29',NULL,0,2,15),(323,1,36,1,1,1,'EditableOption','2013-12-28 05:58:25','2013-12-30 22:07:52','option1','No, this phone number is not in service',0,1,4),(324,2,36,1,1,1,'EditableOption','2013-12-28 05:58:32','2013-12-30 22:07:52','option2','Yes, this phone number is in service',0,2,4),(325,7,13,1,1,1,'EditableOption','2013-12-30 20:25:22','2013-12-30 22:07:53','option7','No, a voicemail answers',0,4,10),(326,10,12,1,1,1,'EditableOption','2013-12-30 20:30:03','2013-12-30 22:07:54','option10','Yes, a human answers',0,5,10),(327,9,13,1,1,1,'EditableOption','2013-12-30 20:26:16','2013-12-30 22:07:54','option9','Other, something else happens, i.e. it rings and rings...',0,6,10),(328,5,33,1,1,1,'EditableOption','2013-12-28 06:04:53','2013-12-30 22:07:55','option5','Yes, the owner recorded a custom away message',0,8,6),(329,6,33,1,1,1,'EditableOption','2013-12-28 06:05:39','2013-12-30 22:07:55','option6','No, the message is generic and machine',0,9,6),(330,14,10,1,1,1,'EditableOption','2013-12-30 21:03:05','2013-12-30 22:07:55','option14','Woman\'s voice',0,11,9),(331,15,9,1,1,1,'EditableOption','2013-12-30 21:05:14','2013-12-30 22:07:55','option15','Man\'s voice',0,12,9),(332,11,11,1,1,1,'EditableOption','2013-12-30 20:51:33','2013-12-30 22:07:55','option11','Unclear what gender the speaker is',0,13,9),(333,12,11,1,1,1,'EditableOption','2013-12-30 20:52:03','2013-12-30 22:07:56','option12','Both a man and a woman speak',0,14,9),(334,18,8,1,1,1,'EditableOption','2013-12-30 21:08:25','2013-12-30 22:07:56','option18','Personal Cell Phone',0,16,11),(335,16,9,1,1,1,'EditableOption','2013-12-30 21:05:48','2013-12-30 22:07:56','option16','Home Phone / Residence',0,17,11),(336,17,9,1,1,1,'EditableOption','2013-12-30 21:06:14','2013-12-30 22:07:56','option17','Business Phone',0,18,11),(337,13,11,1,1,1,'EditableOption','2013-12-30 20:55:11','2013-12-30 22:07:57','option13','Other ',0,19,11),(338,20,6,1,1,1,'EditableOption','2013-12-30 21:15:57','2013-12-30 22:07:57','option20','A man answers',0,21,12),(339,21,6,1,1,1,'EditableOption','2013-12-30 21:16:18','2013-12-30 22:07:57','option21','A woman answers',0,22,12),(340,19,7,1,1,1,'EditableOption','2013-12-30 21:12:49','2013-12-30 22:07:57','option19','Unclear, the gender of the person who answers',0,23,12),(341,25,4,1,1,1,'EditableOption','2013-12-30 21:27:42','2013-12-30 22:07:58','option25','No',0,26,14),(342,27,3,1,1,1,'EditableOption','2013-12-30 21:32:09','2013-12-30 22:07:58','option27','Yes',0,25,14),(343,23,5,1,1,1,'EditableOption','2013-12-30 21:21:10','2013-12-30 22:07:58','option23','Yes',0,28,15),(344,30,1,0,1,0,'EditableOption','2013-12-30 22:15:54','2013-12-30 22:15:54',NULL,NULL,0,0,0),(345,30,2,0,1,0,'EditableOption','2013-12-30 22:15:54','2013-12-30 22:15:54','option30',NULL,0,29,15),(346,1,37,1,1,1,'EditableOption','2013-12-28 05:58:25','2013-12-30 22:21:44','option1','No, this phone number is not in service',0,1,4),(347,2,37,1,1,1,'EditableOption','2013-12-28 05:58:32','2013-12-30 22:21:44','option2','Yes, this phone number is in service',0,2,4),(348,7,14,1,1,1,'EditableOption','2013-12-30 20:25:22','2013-12-30 22:21:44','option7','No, a voicemail answers',0,4,10),(349,10,13,1,1,1,'EditableOption','2013-12-30 20:30:03','2013-12-30 22:21:45','option10','Yes, a human answers',0,5,10),(350,9,14,1,1,1,'EditableOption','2013-12-30 20:26:16','2013-12-30 22:21:45','option9','Other, something else happens, i.e. it rings and rings...',0,6,10),(351,5,34,1,1,1,'EditableOption','2013-12-28 06:04:53','2013-12-30 22:21:45','option5','Yes, the owner recorded a custom away message',0,8,6),(352,6,34,1,1,1,'EditableOption','2013-12-28 06:05:39','2013-12-30 22:21:45','option6','No, the message is generic and machine',0,9,6),(353,14,11,1,1,1,'EditableOption','2013-12-30 21:03:05','2013-12-30 22:21:46','option14','Woman\'s voice',0,11,9),(354,15,10,1,1,1,'EditableOption','2013-12-30 21:05:14','2013-12-30 22:21:46','option15','Man\'s voice',0,12,9),(355,11,12,1,1,1,'EditableOption','2013-12-30 20:51:33','2013-12-30 22:21:46','option11','Unclear what gender the speaker is',0,13,9),(356,12,12,1,1,1,'EditableOption','2013-12-30 20:52:03','2013-12-30 22:21:46','option12','Both a man and a woman speak',0,14,9),(357,18,9,1,1,1,'EditableOption','2013-12-30 21:08:25','2013-12-30 22:21:46','option18','Personal Cell Phone',0,16,11),(358,16,10,1,1,1,'EditableOption','2013-12-30 21:05:48','2013-12-30 22:21:46','option16','Home Phone / Residence',0,17,11),(359,17,10,1,1,1,'EditableOption','2013-12-30 21:06:14','2013-12-30 22:21:46','option17','Business Phone',0,18,11),(360,13,12,1,1,1,'EditableOption','2013-12-30 20:55:11','2013-12-30 22:21:47','option13','Other ',0,19,11),(361,20,7,1,1,1,'EditableOption','2013-12-30 21:15:57','2013-12-30 22:21:47','option20','A man answers',0,21,12),(362,21,7,1,1,1,'EditableOption','2013-12-30 21:16:18','2013-12-30 22:21:47','option21','A woman answers',0,22,12),(363,19,8,1,1,1,'EditableOption','2013-12-30 21:12:49','2013-12-30 22:21:47','option19','Unclear, the gender of the person who answers',0,23,12),(364,27,4,1,1,1,'EditableOption','2013-12-30 21:32:09','2013-12-30 22:21:48','option27','Yes',0,25,14),(365,25,5,1,1,1,'EditableOption','2013-12-30 21:27:42','2013-12-30 22:21:48','option25','No',0,26,14),(366,23,6,1,1,1,'EditableOption','2013-12-30 21:21:10','2013-12-30 22:21:49','option23','Yes',0,28,15),(367,30,3,1,1,1,'EditableOption','2013-12-30 22:15:54','2013-12-30 22:21:49','option30','No',0,29,15),(368,1,38,1,1,1,'EditableOption','2013-12-28 05:58:25','2013-12-30 22:48:34','option1','No, this phone number is not in service',0,1,4),(369,2,38,1,1,1,'EditableOption','2013-12-28 05:58:32','2013-12-30 22:48:34','option2','Yes, this phone number is in service',0,2,4),(370,7,15,1,1,1,'EditableOption','2013-12-30 20:25:22','2013-12-30 22:48:34','option7','No, a voicemail answers',0,4,10),(371,10,14,1,1,1,'EditableOption','2013-12-30 20:30:03','2013-12-30 22:48:34','option10','Yes, a human answers',0,5,10),(372,9,15,1,1,1,'EditableOption','2013-12-30 20:26:16','2013-12-30 22:48:34','option9','Other, something else happens, i.e. it rings and rings...',0,6,10),(373,5,35,1,1,1,'EditableOption','2013-12-28 06:04:53','2013-12-30 22:48:34','option5','Yes, the owner recorded a custom away message',0,8,6),(374,6,35,1,1,1,'EditableOption','2013-12-28 06:05:39','2013-12-30 22:48:34','option6','No, the message is generic and machine',0,9,6),(375,14,12,1,1,1,'EditableOption','2013-12-30 21:03:05','2013-12-30 22:48:35','option14','Woman\'s voice',0,11,9),(376,15,11,1,1,1,'EditableOption','2013-12-30 21:05:14','2013-12-30 22:48:35','option15','Man\'s voice',0,12,9),(377,11,13,1,1,1,'EditableOption','2013-12-30 20:51:33','2013-12-30 22:48:35','option11','Unclear what gender the speaker is',0,13,9),(378,12,13,1,1,1,'EditableOption','2013-12-30 20:52:03','2013-12-30 22:48:35','option12','Both a man and a woman speak',0,14,9),(379,18,10,1,1,1,'EditableOption','2013-12-30 21:08:25','2013-12-30 22:48:35','option18','Personal Cell Phone',0,16,11),(380,16,11,1,1,1,'EditableOption','2013-12-30 21:05:48','2013-12-30 22:48:35','option16','Home Phone / Residence',0,17,11),(381,17,11,1,1,1,'EditableOption','2013-12-30 21:06:14','2013-12-30 22:48:35','option17','Business Phone',0,18,11),(382,13,13,1,1,1,'EditableOption','2013-12-30 20:55:11','2013-12-30 22:48:35','option13','Other ',0,19,11),(383,20,8,1,1,1,'EditableOption','2013-12-30 21:15:57','2013-12-30 22:48:36','option20','A man answers',0,21,12),(384,21,8,1,1,1,'EditableOption','2013-12-30 21:16:18','2013-12-30 22:48:36','option21','A woman answers',0,22,12),(385,19,9,1,1,1,'EditableOption','2013-12-30 21:12:49','2013-12-30 22:48:36','option19','Unclear, the gender of the person who answers',0,23,12),(386,27,5,1,1,1,'EditableOption','2013-12-30 21:32:09','2013-12-30 22:48:37','option27','Yes',0,25,14),(387,25,6,1,1,1,'EditableOption','2013-12-30 21:27:42','2013-12-30 22:48:37','option25','No',0,26,14),(388,23,7,1,1,1,'EditableOption','2013-12-30 21:21:10','2013-12-30 22:48:37','option23','Yes',0,28,15),(389,30,4,1,1,1,'EditableOption','2013-12-30 22:15:54','2013-12-30 22:48:37','option30','No',0,29,15),(390,1,39,1,1,1,'EditableOption','2013-12-28 05:58:25','2013-12-31 23:43:29','option1','No, this phone number is not in service',0,1,4),(391,2,39,1,1,1,'EditableOption','2013-12-28 05:58:32','2013-12-31 23:43:29','option2','Yes, this phone number is in service',0,2,4),(392,7,16,1,1,1,'EditableOption','2013-12-30 20:25:22','2013-12-31 23:43:30','option7','No, a voicemail answers',0,4,10),(393,10,15,1,1,1,'EditableOption','2013-12-30 20:30:03','2013-12-31 23:43:30','option10','Yes, a human answers',0,5,10),(394,9,16,1,1,1,'EditableOption','2013-12-30 20:26:16','2013-12-31 23:43:30','option9','Other, something else happens, i.e. it rings and rings...',0,6,10),(395,5,36,1,1,1,'EditableOption','2013-12-28 06:04:53','2013-12-31 23:43:30','option5','Yes, the owner recorded a custom away message',0,8,6),(396,6,36,1,1,1,'EditableOption','2013-12-28 06:05:39','2013-12-31 23:43:30','option6','No, the message is generic and machine',0,9,6),(397,14,13,1,1,1,'EditableOption','2013-12-30 21:03:05','2013-12-31 23:43:30','option14','Woman\'s voice',0,11,9),(398,15,12,1,1,1,'EditableOption','2013-12-30 21:05:14','2013-12-31 23:43:30','option15','Man\'s voice',0,12,9),(399,11,14,1,1,1,'EditableOption','2013-12-30 20:51:33','2013-12-31 23:43:30','option11','Unclear what gender the speaker is',0,13,9),(400,12,14,1,1,1,'EditableOption','2013-12-30 20:52:03','2013-12-31 23:43:30','option12','Both a man and a woman speak',0,14,9),(401,18,11,1,1,1,'EditableOption','2013-12-30 21:08:25','2013-12-31 23:43:30','option18','Personal Cell Phone',0,16,11),(402,16,12,1,1,1,'EditableOption','2013-12-30 21:05:48','2013-12-31 23:43:30','option16','Home Phone / Residence',0,17,11),(403,17,12,1,1,1,'EditableOption','2013-12-30 21:06:14','2013-12-31 23:43:30','option17','Business Phone',0,18,11),(404,13,14,1,1,1,'EditableOption','2013-12-30 20:55:11','2013-12-31 23:43:30','option13','Other ',0,19,11),(405,20,9,1,1,1,'EditableOption','2013-12-30 21:15:57','2013-12-31 23:43:31','option20','A man answers',0,21,12),(406,21,9,1,1,1,'EditableOption','2013-12-30 21:16:18','2013-12-31 23:43:31','option21','A woman answers',0,22,12),(407,19,10,1,1,1,'EditableOption','2013-12-30 21:12:49','2013-12-31 23:43:31','option19','Unclear, the gender of the person who answers',0,23,12),(408,27,6,1,1,1,'EditableOption','2013-12-30 21:32:09','2013-12-31 23:43:31','option27','Yes',0,25,14),(409,25,7,1,1,1,'EditableOption','2013-12-30 21:27:42','2013-12-31 23:43:31','option25','No',0,26,14),(410,23,8,1,1,1,'EditableOption','2013-12-30 21:21:10','2013-12-31 23:43:31','option23','Yes',0,28,15),(411,30,5,1,1,1,'EditableOption','2013-12-30 22:15:54','2013-12-31 23:43:31','option30','No',0,29,15),(412,1,40,1,1,1,'EditableOption','2013-12-28 05:58:25','2013-12-31 23:45:27','option1','No, this phone number is not in service',0,1,4),(413,2,40,1,1,1,'EditableOption','2013-12-28 05:58:32','2013-12-31 23:45:27','option2','Yes, this phone number is in service',0,2,4),(414,7,17,1,1,1,'EditableOption','2013-12-30 20:25:22','2013-12-31 23:45:27','option7','No, a voicemail answers',0,4,10),(415,10,16,1,1,1,'EditableOption','2013-12-30 20:30:03','2013-12-31 23:45:27','option10','Yes, a human answers',0,5,10),(416,9,17,1,1,1,'EditableOption','2013-12-30 20:26:16','2013-12-31 23:45:27','option9','Other, something else happens, i.e. it rings and rings...',0,6,10),(417,5,37,1,1,1,'EditableOption','2013-12-28 06:04:53','2013-12-31 23:45:28','option5','Yes, the owner recorded a custom away message',0,8,6),(418,6,37,1,1,1,'EditableOption','2013-12-28 06:05:39','2013-12-31 23:45:28','option6','No, the message is generic and machine',0,9,6),(419,14,14,1,1,1,'EditableOption','2013-12-30 21:03:05','2013-12-31 23:45:29','option14','Woman\'s voice',0,11,9),(420,15,13,1,1,1,'EditableOption','2013-12-30 21:05:14','2013-12-31 23:45:29','option15','Man\'s voice',0,12,9),(421,11,15,1,1,1,'EditableOption','2013-12-30 20:51:33','2013-12-31 23:45:29','option11','Unclear what gender the speaker is',0,13,9),(422,12,15,1,1,1,'EditableOption','2013-12-30 20:52:03','2013-12-31 23:45:29','option12','Both a man and a woman speak',0,14,9),(423,18,12,1,1,1,'EditableOption','2013-12-30 21:08:25','2013-12-31 23:45:29','option18','Personal Cell Phone',0,16,11),(424,16,13,1,1,1,'EditableOption','2013-12-30 21:05:48','2013-12-31 23:45:29','option16','Home Phone / Residence',0,17,11),(425,17,13,1,1,1,'EditableOption','2013-12-30 21:06:14','2013-12-31 23:45:29','option17','Business Phone',0,18,11),(426,13,15,1,1,1,'EditableOption','2013-12-30 20:55:11','2013-12-31 23:45:29','option13','Other ',0,19,11),(427,20,10,1,1,1,'EditableOption','2013-12-30 21:15:57','2013-12-31 23:45:30','option20','A man answers',0,21,12),(428,21,10,1,1,1,'EditableOption','2013-12-30 21:16:18','2013-12-31 23:45:30','option21','A woman answers',0,22,12),(429,19,11,1,1,1,'EditableOption','2013-12-30 21:12:49','2013-12-31 23:45:30','option19','Unclear, the gender of the person who answers',0,23,12),(430,27,7,1,1,1,'EditableOption','2013-12-30 21:32:09','2013-12-31 23:45:30','option27','Yes',0,25,14),(431,25,8,1,1,1,'EditableOption','2013-12-30 21:27:42','2013-12-31 23:45:30','option25','No',0,26,14),(432,23,9,1,1,1,'EditableOption','2013-12-30 21:21:10','2013-12-31 23:45:30','option23','Yes',0,28,15),(433,30,6,1,1,1,'EditableOption','2013-12-30 22:15:54','2013-12-31 23:45:30','option30','No',0,29,15),(434,1,41,1,1,1,'EditableOption','2013-12-28 05:58:25','2013-12-31 23:49:19','option1','No, this phone number is not in service',0,1,4),(435,2,41,1,1,1,'EditableOption','2013-12-28 05:58:32','2013-12-31 23:49:19','option2','Yes, this phone number is in service',0,2,4),(436,7,18,1,1,1,'EditableOption','2013-12-30 20:25:22','2013-12-31 23:49:19','option7','No, a voicemail answers',0,4,10),(437,10,17,1,1,1,'EditableOption','2013-12-30 20:30:03','2013-12-31 23:49:19','option10','Yes, a human answers',0,5,10),(438,9,18,1,1,1,'EditableOption','2013-12-30 20:26:16','2013-12-31 23:49:19','option9','Other, something else happens, i.e. it rings and rings...',0,6,10),(439,5,38,1,1,1,'EditableOption','2013-12-28 06:04:53','2013-12-31 23:49:19','option5','Yes, the owner recorded a custom away message',0,8,6),(440,6,38,1,1,1,'EditableOption','2013-12-28 06:05:39','2013-12-31 23:49:19','option6','No, the message is generic and machine',0,9,6),(441,14,15,1,1,1,'EditableOption','2013-12-30 21:03:05','2013-12-31 23:49:19','option14','Woman\'s voice',0,11,9),(442,15,14,1,1,1,'EditableOption','2013-12-30 21:05:14','2013-12-31 23:49:19','option15','Man\'s voice',0,12,9),(443,11,16,1,1,1,'EditableOption','2013-12-30 20:51:33','2013-12-31 23:49:19','option11','Unclear what gender the speaker is',0,13,9),(444,12,16,1,1,1,'EditableOption','2013-12-30 20:52:03','2013-12-31 23:49:19','option12','Both a man and a woman speak',0,14,9),(445,18,13,1,1,1,'EditableOption','2013-12-30 21:08:25','2013-12-31 23:49:19','option18','Personal Cell Phone',0,16,11),(446,16,14,1,1,1,'EditableOption','2013-12-30 21:05:48','2013-12-31 23:49:19','option16','Home Phone / Residence',0,17,11),(447,17,14,1,1,1,'EditableOption','2013-12-30 21:06:14','2013-12-31 23:49:19','option17','Business Phone',0,18,11),(448,13,16,1,1,1,'EditableOption','2013-12-30 20:55:11','2013-12-31 23:49:19','option13','Other ',0,19,11),(449,20,11,1,1,1,'EditableOption','2013-12-30 21:15:57','2013-12-31 23:49:20','option20','A man answers',0,21,12),(450,21,11,1,1,1,'EditableOption','2013-12-30 21:16:18','2013-12-31 23:49:20','option21','A woman answers',0,22,12),(451,19,12,1,1,1,'EditableOption','2013-12-30 21:12:49','2013-12-31 23:49:20','option19','Unclear, the gender of the person who answers',0,23,12),(452,27,8,1,1,1,'EditableOption','2013-12-30 21:32:09','2013-12-31 23:49:20','option27','Yes',0,25,14),(453,25,9,1,1,1,'EditableOption','2013-12-30 21:27:42','2013-12-31 23:49:20','option25','No',0,26,14),(454,23,10,1,1,1,'EditableOption','2013-12-30 21:21:10','2013-12-31 23:49:20','option23','Yes',0,28,15),(455,30,7,1,1,1,'EditableOption','2013-12-30 22:15:54','2013-12-31 23:49:20','option30','No',0,29,15),(456,1,42,1,1,1,'EditableOption','2013-12-28 05:58:25','2013-12-31 23:50:04','option1','No, this phone number is not in service',0,1,4),(457,2,42,1,1,1,'EditableOption','2013-12-28 05:58:32','2013-12-31 23:50:04','option2','Yes, this phone number is in service',0,2,4),(458,7,19,1,1,1,'EditableOption','2013-12-30 20:25:22','2013-12-31 23:50:04','option7','No, a voicemail answers',0,4,10),(459,10,18,1,1,1,'EditableOption','2013-12-30 20:30:03','2013-12-31 23:50:04','option10','Yes, a human answers',0,5,10),(460,9,19,1,1,1,'EditableOption','2013-12-30 20:26:16','2013-12-31 23:50:04','option9','Other, something else happens, i.e. it rings and rings...',0,6,10),(461,5,39,1,1,1,'EditableOption','2013-12-28 06:04:53','2013-12-31 23:50:04','option5','Yes, the owner recorded a custom away message',0,8,6),(462,6,39,1,1,1,'EditableOption','2013-12-28 06:05:39','2013-12-31 23:50:05','option6','No, the message is generic and machine',0,9,6),(463,14,16,1,1,1,'EditableOption','2013-12-30 21:03:05','2013-12-31 23:50:05','option14','Woman\'s voice',0,11,9),(464,15,15,1,1,1,'EditableOption','2013-12-30 21:05:14','2013-12-31 23:50:05','option15','Man\'s voice',0,12,9),(465,11,17,1,1,1,'EditableOption','2013-12-30 20:51:33','2013-12-31 23:50:05','option11','Unclear what gender the speaker is',0,13,9),(466,12,17,1,1,1,'EditableOption','2013-12-30 20:52:03','2013-12-31 23:50:05','option12','Both a man and a woman speak',0,14,9),(467,18,14,1,1,1,'EditableOption','2013-12-30 21:08:25','2013-12-31 23:50:05','option18','Personal Cell Phone',0,16,11),(468,16,15,1,1,1,'EditableOption','2013-12-30 21:05:48','2013-12-31 23:50:05','option16','Home Phone / Residence',0,17,11),(469,17,15,1,1,1,'EditableOption','2013-12-30 21:06:14','2013-12-31 23:50:06','option17','Business Phone',0,18,11),(470,13,17,1,1,1,'EditableOption','2013-12-30 20:55:11','2013-12-31 23:50:06','option13','Other ',0,19,11),(471,20,12,1,1,1,'EditableOption','2013-12-30 21:15:57','2013-12-31 23:50:06','option20','A man answers',0,21,12),(472,21,12,1,1,1,'EditableOption','2013-12-30 21:16:18','2013-12-31 23:50:06','option21','A woman answers',0,22,12),(473,19,13,1,1,1,'EditableOption','2013-12-30 21:12:49','2013-12-31 23:50:06','option19','Unclear, the gender of the person who answers',0,23,12),(474,27,9,1,1,1,'EditableOption','2013-12-30 21:32:09','2013-12-31 23:50:06','option27','Yes',0,25,14),(475,25,10,1,1,1,'EditableOption','2013-12-30 21:27:42','2013-12-31 23:50:06','option25','No',0,26,14),(476,23,11,1,1,1,'EditableOption','2013-12-30 21:21:10','2013-12-31 23:50:07','option23','Yes',0,28,15),(477,30,8,1,1,1,'EditableOption','2013-12-30 22:15:54','2013-12-31 23:50:07','option30','No',0,29,15),(478,1,43,1,1,1,'EditableOption','2013-12-28 05:58:25','2013-12-31 23:52:39','option1','No, this phone number is not in service',0,1,4),(479,2,43,1,1,1,'EditableOption','2013-12-28 05:58:32','2013-12-31 23:52:39','option2','Yes, this phone number is in service',0,2,4),(480,7,20,1,1,1,'EditableOption','2013-12-30 20:25:22','2013-12-31 23:52:39','option7','No, a voicemail answers',0,4,10),(481,10,19,1,1,1,'EditableOption','2013-12-30 20:30:03','2013-12-31 23:52:39','option10','Yes, a human answers',0,5,10),(482,9,20,1,1,1,'EditableOption','2013-12-30 20:26:16','2013-12-31 23:52:39','option9','Other, something else happens, i.e. it rings and rings...',0,6,10),(483,5,40,1,1,1,'EditableOption','2013-12-28 06:04:53','2013-12-31 23:52:40','option5','Yes, the owner recorded a custom away message',0,8,6),(484,6,40,1,1,1,'EditableOption','2013-12-28 06:05:39','2013-12-31 23:52:40','option6','No, the message is generic and machine',0,9,6),(485,14,17,1,1,1,'EditableOption','2013-12-30 21:03:05','2013-12-31 23:52:40','option14','Woman\'s voice',0,11,9),(486,15,16,1,1,1,'EditableOption','2013-12-30 21:05:14','2013-12-31 23:52:40','option15','Man\'s voice',0,12,9),(487,11,18,1,1,1,'EditableOption','2013-12-30 20:51:33','2013-12-31 23:52:41','option11','Unclear what gender the speaker is',0,13,9),(488,12,18,1,1,1,'EditableOption','2013-12-30 20:52:03','2013-12-31 23:52:41','option12','Both a man and a woman speak',0,14,9),(489,18,15,1,1,1,'EditableOption','2013-12-30 21:08:25','2013-12-31 23:52:41','option18','Personal Cell Phone',0,16,11),(490,16,16,1,1,1,'EditableOption','2013-12-30 21:05:48','2013-12-31 23:52:41','option16','Home Phone / Residence',0,17,11),(491,17,16,1,1,1,'EditableOption','2013-12-30 21:06:14','2013-12-31 23:52:41','option17','Business Phone',0,18,11),(492,13,18,1,1,1,'EditableOption','2013-12-30 20:55:11','2013-12-31 23:52:41','option13','Other ',0,19,11),(493,20,13,1,1,1,'EditableOption','2013-12-30 21:15:57','2013-12-31 23:52:41','option20','A man answers',0,21,12),(494,21,13,1,1,1,'EditableOption','2013-12-30 21:16:18','2013-12-31 23:52:41','option21','A woman answers',0,22,12),(495,19,14,1,1,1,'EditableOption','2013-12-30 21:12:49','2013-12-31 23:52:41','option19','Unclear, the gender of the person who answers',0,23,12),(496,27,10,1,1,1,'EditableOption','2013-12-30 21:32:09','2013-12-31 23:52:42','option27','Yes',0,25,14),(497,25,11,1,1,1,'EditableOption','2013-12-30 21:27:42','2013-12-31 23:52:42','option25','No',0,26,14),(498,23,12,1,1,1,'EditableOption','2013-12-30 21:21:10','2013-12-31 23:52:42','option23','Yes',0,28,15),(499,30,9,1,1,1,'EditableOption','2013-12-30 22:15:54','2013-12-31 23:52:42','option30','No',0,29,15),(500,1,44,1,1,1,'EditableOption','2013-12-28 05:58:25','2013-12-31 23:54:34','option1','No, this phone number is not in service',0,1,4),(501,2,44,1,1,1,'EditableOption','2013-12-28 05:58:32','2013-12-31 23:54:34','option2','Yes, this phone number is in service',0,2,4),(502,7,21,1,1,1,'EditableOption','2013-12-30 20:25:22','2013-12-31 23:54:34','option7','No, a voicemail answers',0,4,10),(503,10,20,1,1,1,'EditableOption','2013-12-30 20:30:03','2013-12-31 23:54:35','option10','Yes, a human answers',0,5,10),(504,9,21,1,1,1,'EditableOption','2013-12-30 20:26:16','2013-12-31 23:54:35','option9','Other, something else happens, i.e. it rings and rings...',0,6,10),(505,5,41,1,1,1,'EditableOption','2013-12-28 06:04:53','2013-12-31 23:54:35','option5','Yes, the owner recorded a custom away message',0,8,6),(506,6,41,1,1,1,'EditableOption','2013-12-28 06:05:39','2013-12-31 23:54:35','option6','No, the message is generic and machine',0,9,6),(507,14,18,1,1,1,'EditableOption','2013-12-30 21:03:05','2013-12-31 23:54:35','option14','Woman\'s voice',0,11,9),(508,15,17,1,1,1,'EditableOption','2013-12-30 21:05:14','2013-12-31 23:54:35','option15','Man\'s voice',0,12,9),(509,11,19,1,1,1,'EditableOption','2013-12-30 20:51:33','2013-12-31 23:54:35','option11','Unclear what gender the speaker is',0,13,9),(510,12,19,1,1,1,'EditableOption','2013-12-30 20:52:03','2013-12-31 23:54:35','option12','Both a man and a woman speak',0,14,9),(511,18,16,1,1,1,'EditableOption','2013-12-30 21:08:25','2013-12-31 23:54:35','option18','Personal Cell Phone',0,16,11),(512,16,17,1,1,1,'EditableOption','2013-12-30 21:05:48','2013-12-31 23:54:35','option16','Home Phone / Residence',0,17,11),(513,17,17,1,1,1,'EditableOption','2013-12-30 21:06:14','2013-12-31 23:54:35','option17','Business Phone',0,18,11),(514,13,19,1,1,1,'EditableOption','2013-12-30 20:55:11','2013-12-31 23:54:35','option13','Other ',0,19,11),(515,20,14,1,1,1,'EditableOption','2013-12-30 21:15:57','2013-12-31 23:54:35','option20','A man answers',0,21,12),(516,21,14,1,1,1,'EditableOption','2013-12-30 21:16:18','2013-12-31 23:54:35','option21','A woman answers',0,22,12),(517,19,15,1,1,1,'EditableOption','2013-12-30 21:12:49','2013-12-31 23:54:35','option19','Unclear, the gender of the person who answers',0,23,12),(518,27,11,1,1,1,'EditableOption','2013-12-30 21:32:09','2013-12-31 23:54:35','option27','Yes',0,25,14),(519,25,12,1,1,1,'EditableOption','2013-12-30 21:27:42','2013-12-31 23:54:35','option25','No',0,26,14),(520,23,13,1,1,1,'EditableOption','2013-12-30 21:21:10','2013-12-31 23:54:36','option23','Yes',0,28,15),(521,30,10,1,1,1,'EditableOption','2013-12-30 22:15:54','2013-12-31 23:54:36','option30','No',0,29,15),(522,1,45,1,1,1,'EditableOption','2013-12-28 05:58:25','2013-12-31 23:56:33','option1','No, this phone number is not in service',0,1,4),(523,2,45,1,1,1,'EditableOption','2013-12-28 05:58:32','2013-12-31 23:56:33','option2','Yes, this phone number is in service',0,2,4),(524,7,22,1,1,1,'EditableOption','2013-12-30 20:25:22','2013-12-31 23:56:33','option7','No, a voicemail answers',0,4,10),(525,10,21,1,1,1,'EditableOption','2013-12-30 20:30:03','2013-12-31 23:56:33','option10','Yes, a human answers',0,5,10),(526,9,22,1,1,1,'EditableOption','2013-12-30 20:26:16','2013-12-31 23:56:33','option9','Other, something else happens, i.e. it rings and rings...',0,6,10),(527,5,42,1,1,1,'EditableOption','2013-12-28 06:04:53','2013-12-31 23:56:33','option5','Yes, the owner recorded a custom away message',0,8,6),(528,6,42,1,1,1,'EditableOption','2013-12-28 06:05:39','2013-12-31 23:56:33','option6','No, the message is generic and machine',0,9,6),(529,14,19,1,1,1,'EditableOption','2013-12-30 21:03:05','2013-12-31 23:56:33','option14','Woman\'s voice',0,11,9),(530,15,18,1,1,1,'EditableOption','2013-12-30 21:05:14','2013-12-31 23:56:33','option15','Man\'s voice',0,12,9),(531,11,20,1,1,1,'EditableOption','2013-12-30 20:51:33','2013-12-31 23:56:33','option11','Unclear what gender the speaker is',0,13,9),(532,12,20,1,1,1,'EditableOption','2013-12-30 20:52:03','2013-12-31 23:56:34','option12','Both a man and a woman speak',0,14,9),(533,18,17,1,1,1,'EditableOption','2013-12-30 21:08:25','2013-12-31 23:56:34','option18','Personal Cell Phone',0,16,11),(534,16,18,1,1,1,'EditableOption','2013-12-30 21:05:48','2013-12-31 23:56:34','option16','Home Phone / Residence',0,17,11),(535,17,18,1,1,1,'EditableOption','2013-12-30 21:06:14','2013-12-31 23:56:34','option17','Business Phone',0,18,11),(536,13,20,1,1,1,'EditableOption','2013-12-30 20:55:11','2013-12-31 23:56:34','option13','Other ',0,19,11),(537,20,15,1,1,1,'EditableOption','2013-12-30 21:15:57','2013-12-31 23:56:34','option20','A man answers',0,21,12),(538,21,15,1,1,1,'EditableOption','2013-12-30 21:16:18','2013-12-31 23:56:34','option21','A woman answers',0,22,12),(539,19,16,1,1,1,'EditableOption','2013-12-30 21:12:49','2013-12-31 23:56:34','option19','Unclear, the gender of the person who answers',0,23,12),(540,27,12,1,1,1,'EditableOption','2013-12-30 21:32:09','2013-12-31 23:56:34','option27','Yes',0,25,14),(541,25,13,1,1,1,'EditableOption','2013-12-30 21:27:42','2013-12-31 23:56:34','option25','No',0,26,14),(542,23,14,1,1,1,'EditableOption','2013-12-30 21:21:10','2013-12-31 23:56:34','option23','Yes',0,28,15),(543,30,11,1,1,1,'EditableOption','2013-12-30 22:15:54','2013-12-31 23:56:34','option30','No',0,29,15),(544,1,46,1,1,1,'EditableOption','2013-12-28 05:58:25','2013-12-31 23:57:29','option1','No, this phone number is not in service',0,1,4),(545,2,46,1,1,1,'EditableOption','2013-12-28 05:58:32','2013-12-31 23:57:29','option2','Yes, this phone number is in service',0,2,4),(546,7,23,1,1,1,'EditableOption','2013-12-30 20:25:22','2013-12-31 23:57:29','option7','No, a voicemail answers',0,4,10),(547,10,22,1,1,1,'EditableOption','2013-12-30 20:30:03','2013-12-31 23:57:29','option10','Yes, a human answers',0,5,10),(548,9,23,1,1,1,'EditableOption','2013-12-30 20:26:16','2013-12-31 23:57:30','option9','Other, something else happens, i.e. it rings and rings...',0,6,10),(549,5,43,1,1,1,'EditableOption','2013-12-28 06:04:53','2013-12-31 23:57:30','option5','Yes, the owner recorded a custom away message',0,8,6),(550,6,43,1,1,1,'EditableOption','2013-12-28 06:05:39','2013-12-31 23:57:30','option6','No, the message is generic and machine',0,9,6),(551,14,20,1,1,1,'EditableOption','2013-12-30 21:03:05','2013-12-31 23:57:30','option14','Woman\'s voice',0,11,9),(552,15,19,1,1,1,'EditableOption','2013-12-30 21:05:14','2013-12-31 23:57:30','option15','Man\'s voice',0,12,9),(553,11,21,1,1,1,'EditableOption','2013-12-30 20:51:33','2013-12-31 23:57:30','option11','Unclear what gender the speaker is',0,13,9),(554,12,21,1,1,1,'EditableOption','2013-12-30 20:52:03','2013-12-31 23:57:30','option12','Both a man and a woman speak',0,14,9),(555,18,18,1,1,1,'EditableOption','2013-12-30 21:08:25','2013-12-31 23:57:30','option18','Personal Cell Phone',0,16,11),(556,16,19,1,1,1,'EditableOption','2013-12-30 21:05:48','2013-12-31 23:57:30','option16','Home Phone / Residence',0,17,11),(557,17,19,1,1,1,'EditableOption','2013-12-30 21:06:14','2013-12-31 23:57:30','option17','Business Phone',0,18,11),(558,13,21,1,1,1,'EditableOption','2013-12-30 20:55:11','2013-12-31 23:57:30','option13','Other ',0,19,11),(559,20,16,1,1,1,'EditableOption','2013-12-30 21:15:57','2013-12-31 23:57:30','option20','A man answers',0,21,12),(560,21,16,1,1,1,'EditableOption','2013-12-30 21:16:18','2013-12-31 23:57:30','option21','A woman answers',0,22,12),(561,19,17,1,1,1,'EditableOption','2013-12-30 21:12:49','2013-12-31 23:57:30','option19','Unclear, the gender of the person who answers',0,23,12),(562,27,13,1,1,1,'EditableOption','2013-12-30 21:32:09','2013-12-31 23:57:30','option27','Yes',0,25,14),(563,25,14,1,1,1,'EditableOption','2013-12-30 21:27:42','2013-12-31 23:57:30','option25','No',0,26,14),(564,23,15,1,1,1,'EditableOption','2013-12-30 21:21:10','2013-12-31 23:57:30','option23','Yes',0,28,15),(565,30,12,1,1,1,'EditableOption','2013-12-30 22:15:54','2013-12-31 23:57:30','option30','No',0,29,15),(566,1,47,1,1,1,'EditableOption','2013-12-28 05:58:25','2013-12-31 23:58:32','option1','No, this phone number is not in service',0,1,4),(567,2,47,1,1,1,'EditableOption','2013-12-28 05:58:32','2013-12-31 23:58:32','option2','Yes, this phone number is in service',0,2,4),(568,7,24,1,1,1,'EditableOption','2013-12-30 20:25:22','2013-12-31 23:58:32','option7','No, a voicemail answers',0,4,10),(569,10,23,1,1,1,'EditableOption','2013-12-30 20:30:03','2013-12-31 23:58:32','option10','Yes, a human answers',0,5,10),(570,9,24,1,1,1,'EditableOption','2013-12-30 20:26:16','2013-12-31 23:58:32','option9','Other, something else happens, i.e. it rings and rings...',0,6,10),(571,5,44,1,1,1,'EditableOption','2013-12-28 06:04:53','2013-12-31 23:58:32','option5','Yes, the owner recorded a custom away message',0,8,6),(572,6,44,1,1,1,'EditableOption','2013-12-28 06:05:39','2013-12-31 23:58:32','option6','No, the message is generic and machine',0,9,6),(573,14,21,1,1,1,'EditableOption','2013-12-30 21:03:05','2013-12-31 23:58:33','option14','Woman\'s voice',0,11,9),(574,15,20,1,1,1,'EditableOption','2013-12-30 21:05:14','2013-12-31 23:58:33','option15','Man\'s voice',0,12,9),(575,11,22,1,1,1,'EditableOption','2013-12-30 20:51:33','2013-12-31 23:58:33','option11','Unclear what gender the speaker is',0,13,9),(576,12,22,1,1,1,'EditableOption','2013-12-30 20:52:03','2013-12-31 23:58:33','option12','Both a man and a woman speak',0,14,9),(577,18,19,1,1,1,'EditableOption','2013-12-30 21:08:25','2013-12-31 23:58:33','option18','Personal Cell Phone',0,16,11),(578,16,20,1,1,1,'EditableOption','2013-12-30 21:05:48','2013-12-31 23:58:33','option16','Home Phone / Residence',0,17,11),(579,17,20,1,1,1,'EditableOption','2013-12-30 21:06:14','2013-12-31 23:58:33','option17','Business Phone',0,18,11),(580,13,22,1,1,1,'EditableOption','2013-12-30 20:55:11','2013-12-31 23:58:33','option13','Other ',0,19,11),(581,20,17,1,1,1,'EditableOption','2013-12-30 21:15:57','2013-12-31 23:58:33','option20','A man answers',0,21,12),(582,21,17,1,1,1,'EditableOption','2013-12-30 21:16:18','2013-12-31 23:58:33','option21','A woman answers',0,22,12),(583,19,18,1,1,1,'EditableOption','2013-12-30 21:12:49','2013-12-31 23:58:33','option19','Unclear, the gender of the person who answers',0,23,12),(584,27,14,1,1,1,'EditableOption','2013-12-30 21:32:09','2013-12-31 23:58:33','option27','Yes',0,25,14),(585,25,15,1,1,1,'EditableOption','2013-12-30 21:27:42','2013-12-31 23:58:33','option25','No',0,26,14),(586,23,16,1,1,1,'EditableOption','2013-12-30 21:21:10','2013-12-31 23:58:33','option23','Yes',0,28,15),(587,30,13,1,1,1,'EditableOption','2013-12-30 22:15:54','2013-12-31 23:58:33','option30','No',0,29,15),(588,1,48,1,1,1,'EditableOption','2013-12-28 05:58:25','2014-01-01 00:00:11','option1','No, this phone number is not in service',0,1,4),(589,2,48,1,1,1,'EditableOption','2013-12-28 05:58:32','2014-01-01 00:00:11','option2','Yes, this phone number is in service',0,2,4),(590,7,25,1,1,1,'EditableOption','2013-12-30 20:25:22','2014-01-01 00:00:12','option7','No, a voicemail answers',0,4,10),(591,10,24,1,1,1,'EditableOption','2013-12-30 20:30:03','2014-01-01 00:00:12','option10','Yes, a human answers',0,5,10),(592,9,25,1,1,1,'EditableOption','2013-12-30 20:26:16','2014-01-01 00:00:12','option9','Other, something else happens, i.e. it rings and rings...',0,6,10),(593,5,45,1,1,1,'EditableOption','2013-12-28 06:04:53','2014-01-01 00:00:12','option5','Yes, the owner recorded a custom away message',0,8,6),(594,6,45,1,1,1,'EditableOption','2013-12-28 06:05:39','2014-01-01 00:00:12','option6','No, the message is generic and machine',0,9,6),(595,14,22,1,1,1,'EditableOption','2013-12-30 21:03:05','2014-01-01 00:00:12','option14','Woman\'s voice',0,11,9),(596,15,21,1,1,1,'EditableOption','2013-12-30 21:05:14','2014-01-01 00:00:12','option15','Man\'s voice',0,12,9),(597,11,23,1,1,1,'EditableOption','2013-12-30 20:51:33','2014-01-01 00:00:12','option11','Unclear what gender the speaker is',0,13,9),(598,12,23,1,1,1,'EditableOption','2013-12-30 20:52:03','2014-01-01 00:00:12','option12','Both a man and a woman speak',0,14,9),(599,18,20,1,1,1,'EditableOption','2013-12-30 21:08:25','2014-01-01 00:00:12','option18','Personal Cell Phone',0,16,11),(600,16,21,1,1,1,'EditableOption','2013-12-30 21:05:48','2014-01-01 00:00:12','option16','Home Phone / Residence',0,17,11),(601,17,21,1,1,1,'EditableOption','2013-12-30 21:06:14','2014-01-01 00:00:12','option17','Business Phone',0,18,11),(602,13,23,1,1,1,'EditableOption','2013-12-30 20:55:11','2014-01-01 00:00:12','option13','Other ',0,19,11),(603,20,18,1,1,1,'EditableOption','2013-12-30 21:15:57','2014-01-01 00:00:13','option20','A man answers',0,21,12),(604,21,18,1,1,1,'EditableOption','2013-12-30 21:16:18','2014-01-01 00:00:13','option21','A woman answers',0,22,12),(605,19,19,1,1,1,'EditableOption','2013-12-30 21:12:49','2014-01-01 00:00:13','option19','Unclear, the gender of the person who answers',0,23,12),(606,27,15,1,1,1,'EditableOption','2013-12-30 21:32:09','2014-01-01 00:00:13','option27','Yes',0,25,14),(607,25,16,1,1,1,'EditableOption','2013-12-30 21:27:42','2014-01-01 00:00:13','option25','No',0,26,14),(608,23,17,1,1,1,'EditableOption','2013-12-30 21:21:10','2014-01-01 00:00:13','option23','Yes',0,28,15),(609,30,14,1,1,1,'EditableOption','2013-12-30 22:15:54','2014-01-01 00:00:13','option30','No',0,29,15),(610,1,49,1,1,1,'EditableOption','2013-12-28 05:58:25','2014-01-01 00:04:50','option1','No, this phone number is not in service',0,1,4),(611,2,49,1,1,1,'EditableOption','2013-12-28 05:58:32','2014-01-01 00:04:50','option2','Yes, this phone number is in service',0,2,4),(612,7,26,1,1,1,'EditableOption','2013-12-30 20:25:22','2014-01-01 00:04:50','option7','No, a voicemail answers',0,4,10),(613,10,25,1,1,1,'EditableOption','2013-12-30 20:30:03','2014-01-01 00:04:50','option10','Yes, a human answers',0,5,10),(614,9,26,1,1,1,'EditableOption','2013-12-30 20:26:16','2014-01-01 00:04:50','option9','Other, something else happens, i.e. it rings and rings...',0,6,10),(615,5,46,1,1,1,'EditableOption','2013-12-28 06:04:53','2014-01-01 00:04:50','option5','Yes, the owner recorded a custom away message',0,8,6),(616,6,46,1,1,1,'EditableOption','2013-12-28 06:05:39','2014-01-01 00:04:50','option6','No, the message is generic and machine',0,9,6),(617,14,23,1,1,1,'EditableOption','2013-12-30 21:03:05','2014-01-01 00:04:50','option14','Woman\'s voice',0,11,9),(618,15,22,1,1,1,'EditableOption','2013-12-30 21:05:14','2014-01-01 00:04:50','option15','Man\'s voice',0,12,9),(619,11,24,1,1,1,'EditableOption','2013-12-30 20:51:33','2014-01-01 00:04:50','option11','Unclear what gender the speaker is',0,13,9),(620,12,24,1,1,1,'EditableOption','2013-12-30 20:52:03','2014-01-01 00:04:50','option12','Both a man and a woman speak',0,14,9),(621,18,21,1,1,1,'EditableOption','2013-12-30 21:08:25','2014-01-01 00:04:51','option18','Personal Cell Phone',0,16,11),(622,16,22,1,1,1,'EditableOption','2013-12-30 21:05:48','2014-01-01 00:04:51','option16','Home Phone / Residence',0,17,11),(623,17,22,1,1,1,'EditableOption','2013-12-30 21:06:14','2014-01-01 00:04:51','option17','Business Phone',0,18,11),(624,13,24,1,1,1,'EditableOption','2013-12-30 20:55:11','2014-01-01 00:04:51','option13','Other ',0,19,11),(625,20,19,1,1,1,'EditableOption','2013-12-30 21:15:57','2014-01-01 00:04:51','option20','A man answers',0,21,12),(626,21,19,1,1,1,'EditableOption','2013-12-30 21:16:18','2014-01-01 00:04:51','option21','A woman answers',0,22,12),(627,19,20,1,1,1,'EditableOption','2013-12-30 21:12:49','2014-01-01 00:04:51','option19','Unclear, the gender of the person who answers',0,23,12),(628,27,16,1,1,1,'EditableOption','2013-12-30 21:32:09','2014-01-01 00:04:51','option27','Yes',0,25,14),(629,25,17,1,1,1,'EditableOption','2013-12-30 21:27:42','2014-01-01 00:04:51','option25','No',0,26,14),(630,23,18,1,1,1,'EditableOption','2013-12-30 21:21:10','2014-01-01 00:04:51','option23','Yes',0,28,15),(631,30,15,1,1,1,'EditableOption','2013-12-30 22:15:54','2014-01-01 00:04:51','option30','No',0,29,15),(632,1,50,1,1,1,'EditableOption','2013-12-28 05:58:25','2014-01-01 00:07:39','option1','No, this phone number is not in service',0,1,4),(633,2,50,1,1,1,'EditableOption','2013-12-28 05:58:32','2014-01-01 00:07:39','option2','Yes, this phone number is in service',0,2,4),(634,7,27,1,1,1,'EditableOption','2013-12-30 20:25:22','2014-01-01 00:07:39','option7','No, a voicemail answers',0,4,10),(635,10,26,1,1,1,'EditableOption','2013-12-30 20:30:03','2014-01-01 00:07:39','option10','Yes, a human answers',0,5,10),(636,9,27,1,1,1,'EditableOption','2013-12-30 20:26:16','2014-01-01 00:07:40','option9','Other, something else happens, i.e. it rings and rings...',0,6,10),(637,5,47,1,1,1,'EditableOption','2013-12-28 06:04:53','2014-01-01 00:07:40','option5','Yes, the owner recorded a custom away message',0,8,6),(638,6,47,1,1,1,'EditableOption','2013-12-28 06:05:39','2014-01-01 00:07:40','option6','No, the message is generic and machine',0,9,6),(639,14,24,1,1,1,'EditableOption','2013-12-30 21:03:05','2014-01-01 00:07:40','option14','Woman\'s voice',0,11,9),(640,15,23,1,1,1,'EditableOption','2013-12-30 21:05:14','2014-01-01 00:07:40','option15','Man\'s voice',0,12,9),(641,11,25,1,1,1,'EditableOption','2013-12-30 20:51:33','2014-01-01 00:07:40','option11','Unclear what gender the speaker is',0,13,9),(642,12,25,1,1,1,'EditableOption','2013-12-30 20:52:03','2014-01-01 00:07:40','option12','Both a man and a woman speak',0,14,9),(643,18,22,1,1,1,'EditableOption','2013-12-30 21:08:25','2014-01-01 00:07:40','option18','Personal Cell Phone',0,16,11),(644,16,23,1,1,1,'EditableOption','2013-12-30 21:05:48','2014-01-01 00:07:40','option16','Home Phone / Residence',0,17,11),(645,17,23,1,1,1,'EditableOption','2013-12-30 21:06:14','2014-01-01 00:07:40','option17','Business Phone',0,18,11),(646,13,25,1,1,1,'EditableOption','2013-12-30 20:55:11','2014-01-01 00:07:40','option13','Other ',0,19,11),(647,20,20,1,1,1,'EditableOption','2013-12-30 21:15:57','2014-01-01 00:07:40','option20','A man answers',0,21,12),(648,21,20,1,1,1,'EditableOption','2013-12-30 21:16:18','2014-01-01 00:07:40','option21','A woman answers',0,22,12),(649,19,21,1,1,1,'EditableOption','2013-12-30 21:12:49','2014-01-01 00:07:40','option19','Unclear, the gender of the person who answers',0,23,12),(650,27,17,1,1,1,'EditableOption','2013-12-30 21:32:09','2014-01-01 00:07:40','option27','Yes',0,25,14),(651,25,18,1,1,1,'EditableOption','2013-12-30 21:27:42','2014-01-01 00:07:40','option25','No',0,26,14),(652,23,19,1,1,1,'EditableOption','2013-12-30 21:21:10','2014-01-01 00:07:41','option23','Yes',0,28,15),(653,30,16,1,1,1,'EditableOption','2013-12-30 22:15:54','2014-01-01 00:07:41','option30','No',0,29,15),(654,1,51,1,1,1,'EditableOption','2013-12-28 05:58:25','2014-01-01 00:15:54','option1','No, this phone number is not in service',0,1,4),(655,2,51,1,1,1,'EditableOption','2013-12-28 05:58:32','2014-01-01 00:15:54','option2','Yes, this phone number is in service',0,2,4),(656,7,28,1,1,1,'EditableOption','2013-12-30 20:25:22','2014-01-01 00:15:55','option7','No, a voicemail answers',0,4,10),(657,10,27,1,1,1,'EditableOption','2013-12-30 20:30:03','2014-01-01 00:15:55','option10','Yes, a human answers',0,5,10),(658,9,28,1,1,1,'EditableOption','2013-12-30 20:26:16','2014-01-01 00:15:55','option9','Other, something else happens, i.e. it rings and rings...',0,6,10),(659,5,48,1,1,1,'EditableOption','2013-12-28 06:04:53','2014-01-01 00:15:55','option5','Yes, the owner recorded a custom away message',0,8,6),(660,6,48,1,1,1,'EditableOption','2013-12-28 06:05:39','2014-01-01 00:15:55','option6','No, the message is generic and machine',0,9,6),(661,14,25,1,1,1,'EditableOption','2013-12-30 21:03:05','2014-01-01 00:15:55','option14','Woman\'s voice',0,11,9),(662,15,24,1,1,1,'EditableOption','2013-12-30 21:05:14','2014-01-01 00:15:56','option15','Man\'s voice',0,12,9),(663,11,26,1,1,1,'EditableOption','2013-12-30 20:51:33','2014-01-01 00:15:56','option11','Unclear what gender the speaker is',0,13,9),(664,12,26,1,1,1,'EditableOption','2013-12-30 20:52:03','2014-01-01 00:15:56','option12','Both a man and a woman speak',0,14,9),(665,18,23,1,1,1,'EditableOption','2013-12-30 21:08:25','2014-01-01 00:15:56','option18','Personal Cell Phone',0,16,11),(666,16,24,1,1,1,'EditableOption','2013-12-30 21:05:48','2014-01-01 00:15:56','option16','Home Phone / Residence',0,17,11),(667,17,24,1,1,1,'EditableOption','2013-12-30 21:06:14','2014-01-01 00:15:56','option17','Business Phone',0,18,11),(668,13,26,1,1,1,'EditableOption','2013-12-30 20:55:11','2014-01-01 00:15:56','option13','Other ',0,19,11),(669,20,21,1,1,1,'EditableOption','2013-12-30 21:15:57','2014-01-01 00:15:56','option20','A man answers',0,21,12),(670,21,21,1,1,1,'EditableOption','2013-12-30 21:16:18','2014-01-01 00:15:56','option21','A woman answers',0,22,12),(671,19,22,1,1,1,'EditableOption','2013-12-30 21:12:49','2014-01-01 00:15:56','option19','Unclear, the gender of the person who answers',0,23,12),(672,27,18,1,1,1,'EditableOption','2013-12-30 21:32:09','2014-01-01 00:15:56','option27','Yes',0,25,14),(673,25,19,1,1,1,'EditableOption','2013-12-30 21:27:42','2014-01-01 00:15:56','option25','No',0,26,14),(674,23,20,1,1,1,'EditableOption','2013-12-30 21:21:10','2014-01-01 00:15:57','option23','Yes',0,28,15),(675,30,17,1,1,1,'EditableOption','2013-12-30 22:15:54','2014-01-01 00:15:57','option30','No',0,29,15),(676,1,52,1,1,1,'EditableOption','2013-12-28 05:58:25','2014-01-02 21:52:01','option1','No, this phone number is not in service',0,1,4),(677,2,52,1,1,1,'EditableOption','2013-12-28 05:58:32','2014-01-02 21:52:01','option2','Yes, this phone number is in service',0,2,4),(678,7,29,1,1,1,'EditableOption','2013-12-30 20:25:22','2014-01-02 21:52:01','option7','No, a voicemail answers',0,4,10),(679,10,28,1,1,1,'EditableOption','2013-12-30 20:30:03','2014-01-02 21:52:01','option10','Yes, a human answers',0,5,10),(680,9,29,1,1,1,'EditableOption','2013-12-30 20:26:16','2014-01-02 21:52:01','option9','Other, something else happens, i.e. it rings and rings...',0,6,10),(681,5,49,1,1,1,'EditableOption','2013-12-28 06:04:53','2014-01-02 21:52:01','option5','Yes, the owner recorded a custom away message',0,8,6),(682,6,49,1,1,1,'EditableOption','2013-12-28 06:05:39','2014-01-02 21:52:01','option6','No, the message is generic and machine',0,9,6),(683,14,26,1,1,1,'EditableOption','2013-12-30 21:03:05','2014-01-02 21:52:01','option14','Woman\'s voice',0,11,9),(684,15,25,1,1,1,'EditableOption','2013-12-30 21:05:14','2014-01-02 21:52:03','option15','Man\'s voice',0,12,9),(685,11,27,1,1,1,'EditableOption','2013-12-30 20:51:33','2014-01-02 21:52:03','option11','Unclear what gender the speaker is',0,13,9),(686,12,27,1,1,1,'EditableOption','2013-12-30 20:52:03','2014-01-02 21:52:03','option12','Both a man and a woman speak',0,14,9),(687,18,24,1,1,1,'EditableOption','2013-12-30 21:08:25','2014-01-02 21:52:03','option18','Personal Cell Phone',0,16,11),(688,16,25,1,1,1,'EditableOption','2013-12-30 21:05:48','2014-01-02 21:52:03','option16','Home Phone / Residence',0,17,11),(689,17,25,1,1,1,'EditableOption','2013-12-30 21:06:14','2014-01-02 21:52:03','option17','Business Phone',0,18,11),(690,13,27,1,1,1,'EditableOption','2013-12-30 20:55:11','2014-01-02 21:52:04','option13','Other ',0,19,11),(691,20,22,1,1,1,'EditableOption','2013-12-30 21:15:57','2014-01-02 21:52:04','option20','A man answers',0,21,12),(692,21,22,1,1,1,'EditableOption','2013-12-30 21:16:18','2014-01-02 21:52:04','option21','A woman answers',0,22,12),(693,19,23,1,1,1,'EditableOption','2013-12-30 21:12:49','2014-01-02 21:52:04','option19','Unclear, the gender of the person who answers',0,23,12),(694,27,19,1,1,1,'EditableOption','2013-12-30 21:32:09','2014-01-02 21:52:04','option27','Yes',0,25,14),(695,25,20,1,1,1,'EditableOption','2013-12-30 21:27:42','2014-01-02 21:52:04','option25','No',0,26,14),(696,23,21,1,1,1,'EditableOption','2013-12-30 21:21:10','2014-01-02 21:52:05','option23','Yes',0,28,15),(697,30,18,1,1,1,'EditableOption','2013-12-30 22:15:54','2014-01-02 21:52:05','option30','No',0,29,15),(698,1,53,1,1,1,'EditableOption','2013-12-28 05:58:25','2014-01-02 21:56:25','option1','No, this phone number is not in service',0,1,4),(699,2,53,1,1,1,'EditableOption','2013-12-28 05:58:32','2014-01-02 21:56:25','option2','Yes, this phone number is in service',0,2,4),(700,7,30,1,1,1,'EditableOption','2013-12-30 20:25:22','2014-01-02 21:56:25','option7','No, a voicemail answers',0,4,10),(701,10,29,1,1,1,'EditableOption','2013-12-30 20:30:03','2014-01-02 21:56:25','option10','Yes, a human answers',0,5,10),(702,9,30,1,1,1,'EditableOption','2013-12-30 20:26:16','2014-01-02 21:56:25','option9','Other, something else happens, i.e. it rings and rings...',0,6,10),(703,5,50,1,1,1,'EditableOption','2013-12-28 06:04:53','2014-01-02 21:56:25','option5','Yes, the owner recorded a custom away message',0,8,6),(704,6,50,1,1,1,'EditableOption','2013-12-28 06:05:39','2014-01-02 21:56:25','option6','No, the message is generic and machine',0,9,6),(705,14,27,1,1,1,'EditableOption','2013-12-30 21:03:05','2014-01-02 21:56:26','option14','Woman\'s voice',0,11,9),(706,15,26,1,1,1,'EditableOption','2013-12-30 21:05:14','2014-01-02 21:56:26','option15','Man\'s voice',0,12,9),(707,11,28,1,1,1,'EditableOption','2013-12-30 20:51:33','2014-01-02 21:56:26','option11','Unclear what gender the speaker is',0,13,9),(708,12,28,1,1,1,'EditableOption','2013-12-30 20:52:03','2014-01-02 21:56:26','option12','Both a man and a woman speak',0,14,9),(709,18,25,1,1,1,'EditableOption','2013-12-30 21:08:25','2014-01-02 21:56:26','option18','Personal Cell Phone',0,16,11),(710,16,26,1,1,1,'EditableOption','2013-12-30 21:05:48','2014-01-02 21:56:27','option16','Home Phone / Residence',0,17,11),(711,17,26,1,1,1,'EditableOption','2013-12-30 21:06:14','2014-01-02 21:56:27','option17','Business Phone',0,18,11),(712,13,28,1,1,1,'EditableOption','2013-12-30 20:55:11','2014-01-02 21:56:27','option13','Other ',0,19,11),(713,20,23,1,1,1,'EditableOption','2013-12-30 21:15:57','2014-01-02 21:56:27','option20','A man answers',0,21,12),(714,21,23,1,1,1,'EditableOption','2013-12-30 21:16:18','2014-01-02 21:56:28','option21','A woman answers',0,22,12),(715,19,24,1,1,1,'EditableOption','2013-12-30 21:12:49','2014-01-02 21:56:28','option19','Unclear, the gender of the person who answers',0,23,12),(716,27,20,1,1,1,'EditableOption','2013-12-30 21:32:09','2014-01-02 21:56:28','option27','Yes',0,25,14),(717,25,21,1,1,1,'EditableOption','2013-12-30 21:27:42','2014-01-02 21:56:28','option25','No',0,26,14),(718,23,22,1,1,1,'EditableOption','2013-12-30 21:21:10','2014-01-02 21:56:28','option23','Yes',0,28,15),(719,30,19,1,1,1,'EditableOption','2013-12-30 22:15:54','2014-01-02 21:56:28','option30','No',0,29,15),(720,1,54,1,1,1,'EditableOption','2013-12-28 05:58:25','2014-01-02 21:59:04','option1','No, this phone number is not in service',0,1,4),(721,2,54,1,1,1,'EditableOption','2013-12-28 05:58:32','2014-01-02 21:59:04','option2','Yes, this phone number is in service',0,2,4),(722,7,31,1,1,1,'EditableOption','2013-12-30 20:25:22','2014-01-02 21:59:04','option7','No, a voicemail answers',0,4,10),(723,10,30,1,1,1,'EditableOption','2013-12-30 20:30:03','2014-01-02 21:59:04','option10','Yes, a human answers',0,5,10),(724,9,31,1,1,1,'EditableOption','2013-12-30 20:26:16','2014-01-02 21:59:04','option9','Other, something else happens, i.e. it rings and rings...',0,6,10),(725,5,51,1,1,1,'EditableOption','2013-12-28 06:04:53','2014-01-02 21:59:05','option5','Yes, the owner recorded a custom away message',0,8,6),(726,6,51,1,1,1,'EditableOption','2013-12-28 06:05:39','2014-01-02 21:59:05','option6','No, the message is generic and machine',0,9,6),(727,14,28,1,1,1,'EditableOption','2013-12-30 21:03:05','2014-01-02 21:59:05','option14','Woman\'s voice',0,11,9),(728,15,27,1,1,1,'EditableOption','2013-12-30 21:05:14','2014-01-02 21:59:05','option15','Man\'s voice',0,12,9),(729,11,29,1,1,1,'EditableOption','2013-12-30 20:51:33','2014-01-02 21:59:05','option11','Unclear what gender the speaker is',0,13,9),(730,12,29,1,1,1,'EditableOption','2013-12-30 20:52:03','2014-01-02 21:59:05','option12','Both a man and a woman speak',0,14,9),(731,18,26,1,1,1,'EditableOption','2013-12-30 21:08:25','2014-01-02 21:59:05','option18','Personal Cell Phone',0,16,11),(732,16,27,1,1,1,'EditableOption','2013-12-30 21:05:48','2014-01-02 21:59:05','option16','Home Phone / Residence',0,17,11),(733,17,27,1,1,1,'EditableOption','2013-12-30 21:06:14','2014-01-02 21:59:05','option17','Business Phone',0,18,11),(734,13,29,1,1,1,'EditableOption','2013-12-30 20:55:11','2014-01-02 21:59:05','option13','Other ',0,19,11),(735,20,24,1,1,1,'EditableOption','2013-12-30 21:15:57','2014-01-02 21:59:05','option20','A man answers',0,21,12),(736,21,24,1,1,1,'EditableOption','2013-12-30 21:16:18','2014-01-02 21:59:05','option21','A woman answers',0,22,12),(737,19,25,1,1,1,'EditableOption','2013-12-30 21:12:49','2014-01-02 21:59:05','option19','Unclear, the gender of the person who answers',0,23,12),(738,27,21,1,1,1,'EditableOption','2013-12-30 21:32:09','2014-01-02 21:59:05','option27','Yes',0,25,14),(739,25,22,1,1,1,'EditableOption','2013-12-30 21:27:42','2014-01-02 21:59:05','option25','No',0,26,14),(740,23,23,1,1,1,'EditableOption','2013-12-30 21:21:10','2014-01-02 21:59:06','option23','Yes',0,28,15),(741,30,20,1,1,1,'EditableOption','2013-12-30 22:15:54','2014-01-02 21:59:06','option30','No',0,29,15);
/*!40000 ALTER TABLE `EditableOption_versions` ENABLE KEYS */;
UNLOCK TABLES;

--
-- Table structure for table `ErrorPage`
--

DROP TABLE IF EXISTS `ErrorPage`;
/*!40101 SET @saved_cs_client     = @@character_set_client */;
/*!40101 SET character_set_client = utf8 */;
CREATE TABLE `ErrorPage` (
  `ID` int(11) NOT NULL AUTO_INCREMENT,
  `ErrorCode` int(11) NOT NULL DEFAULT '0',
  PRIMARY KEY (`ID`)
) ENGINE=InnoDB AUTO_INCREMENT=6 DEFAULT CHARSET=utf8;
/*!40101 SET character_set_client = @saved_cs_client */;

--
-- Dumping data for table `ErrorPage`
--

LOCK TABLES `ErrorPage` WRITE;
/*!40000 ALTER TABLE `ErrorPage` DISABLE KEYS */;
INSERT INTO `ErrorPage` VALUES (4,404),(5,500);
/*!40000 ALTER TABLE `ErrorPage` ENABLE KEYS */;
UNLOCK TABLES;

--
-- Table structure for table `ErrorPage_Live`
--

DROP TABLE IF EXISTS `ErrorPage_Live`;
/*!40101 SET @saved_cs_client     = @@character_set_client */;
/*!40101 SET character_set_client = utf8 */;
CREATE TABLE `ErrorPage_Live` (
  `ID` int(11) NOT NULL AUTO_INCREMENT,
  `ErrorCode` int(11) NOT NULL DEFAULT '0',
  PRIMARY KEY (`ID`)
) ENGINE=InnoDB AUTO_INCREMENT=6 DEFAULT CHARSET=utf8;
/*!40101 SET character_set_client = @saved_cs_client */;

--
-- Dumping data for table `ErrorPage_Live`
--

LOCK TABLES `ErrorPage_Live` WRITE;
/*!40000 ALTER TABLE `ErrorPage_Live` DISABLE KEYS */;
INSERT INTO `ErrorPage_Live` VALUES (4,404),(5,500);
/*!40000 ALTER TABLE `ErrorPage_Live` ENABLE KEYS */;
UNLOCK TABLES;

--
-- Table structure for table `ErrorPage_versions`
--

DROP TABLE IF EXISTS `ErrorPage_versions`;
/*!40101 SET @saved_cs_client     = @@character_set_client */;
/*!40101 SET character_set_client = utf8 */;
CREATE TABLE `ErrorPage_versions` (
  `ID` int(11) NOT NULL AUTO_INCREMENT,
  `RecordID` int(11) NOT NULL DEFAULT '0',
  `Version` int(11) NOT NULL DEFAULT '0',
  `ErrorCode` int(11) NOT NULL DEFAULT '0',
  PRIMARY KEY (`ID`),
  UNIQUE KEY `RecordID_Version` (`RecordID`,`Version`),
  KEY `RecordID` (`RecordID`),
  KEY `Version` (`Version`)
) ENGINE=InnoDB AUTO_INCREMENT=3 DEFAULT CHARSET=utf8;
/*!40101 SET character_set_client = @saved_cs_client */;

--
-- Dumping data for table `ErrorPage_versions`
--

LOCK TABLES `ErrorPage_versions` WRITE;
/*!40000 ALTER TABLE `ErrorPage_versions` DISABLE KEYS */;
INSERT INTO `ErrorPage_versions` VALUES (1,4,1,404),(2,5,1,500);
/*!40000 ALTER TABLE `ErrorPage_versions` ENABLE KEYS */;
UNLOCK TABLES;

--
-- Table structure for table `File`
--

DROP TABLE IF EXISTS `File`;
/*!40101 SET @saved_cs_client     = @@character_set_client */;
/*!40101 SET character_set_client = utf8 */;
CREATE TABLE `File` (
  `ID` int(11) NOT NULL AUTO_INCREMENT,
  `ClassName` enum('File','Folder','Image','Image_Cached') DEFAULT 'File',
  `Created` datetime DEFAULT NULL,
  `LastEdited` datetime DEFAULT NULL,
  `Name` varchar(255) DEFAULT NULL,
  `Title` varchar(255) DEFAULT NULL,
  `Filename` mediumtext,
  `Content` mediumtext,
  `ShowInSearch` tinyint(1) unsigned NOT NULL DEFAULT '1',
  `ParentID` int(11) NOT NULL DEFAULT '0',
  `OwnerID` int(11) NOT NULL DEFAULT '0',
  PRIMARY KEY (`ID`),
  KEY `ParentID` (`ParentID`),
  KEY `OwnerID` (`OwnerID`),
  KEY `ClassName` (`ClassName`)
) ENGINE=InnoDB AUTO_INCREMENT=5 DEFAULT CHARSET=utf8;
/*!40101 SET character_set_client = @saved_cs_client */;

--
-- Dumping data for table `File`
--

LOCK TABLES `File` WRITE;
/*!40000 ALTER TABLE `File` DISABLE KEYS */;
INSERT INTO `File` VALUES (1,'Folder','2013-12-27 06:17:26','2013-12-27 06:17:26','sounds','sounds','assets/sounds/',NULL,1,0,0),(2,'File','2013-12-27 06:17:26','2013-12-27 06:17:26','Merry-Christmas.wav','Merry Christmas','assets/sounds/Merry-Christmas.wav',NULL,1,1,0),(3,'Folder','2013-12-27 06:17:32','2013-12-27 06:17:32','csv','csv','assets/csv/',NULL,1,0,0),(4,'File','2013-12-27 06:17:32','2013-12-28 03:49:00','300-BATCH.csv','300 BATCH','assets/csv/300-BATCH.csv',NULL,1,3,0);
/*!40000 ALTER TABLE `File` ENABLE KEYS */;
UNLOCK TABLES;

--
-- Table structure for table `Group`
--

DROP TABLE IF EXISTS `Group`;
/*!40101 SET @saved_cs_client     = @@character_set_client */;
/*!40101 SET character_set_client = utf8 */;
CREATE TABLE `Group` (
  `ID` int(11) NOT NULL AUTO_INCREMENT,
  `ClassName` enum('Group') DEFAULT 'Group',
  `Created` datetime DEFAULT NULL,
  `LastEdited` datetime DEFAULT NULL,
  `Title` varchar(255) DEFAULT NULL,
  `Description` mediumtext,
  `Code` varchar(255) DEFAULT NULL,
  `Locked` tinyint(1) unsigned NOT NULL DEFAULT '0',
  `Sort` int(11) NOT NULL DEFAULT '0',
  `HtmlEditorConfig` mediumtext,
  `ParentID` int(11) NOT NULL DEFAULT '0',
  PRIMARY KEY (`ID`),
  KEY `ParentID` (`ParentID`),
  KEY `ClassName` (`ClassName`)
) ENGINE=InnoDB AUTO_INCREMENT=3 DEFAULT CHARSET=utf8;
/*!40101 SET character_set_client = @saved_cs_client */;

--
-- Dumping data for table `Group`
--

LOCK TABLES `Group` WRITE;
/*!40000 ALTER TABLE `Group` DISABLE KEYS */;
INSERT INTO `Group` VALUES (1,'Group','2013-12-25 09:49:09','2013-12-25 09:49:09','Content Authors',NULL,'content-authors',0,1,NULL,0),(2,'Group','2013-12-25 09:49:09','2013-12-25 09:49:09','Administrators',NULL,'administrators',0,0,NULL,0);
/*!40000 ALTER TABLE `Group` ENABLE KEYS */;
UNLOCK TABLES;

--
-- Table structure for table `Group_Members`
--

DROP TABLE IF EXISTS `Group_Members`;
/*!40101 SET @saved_cs_client     = @@character_set_client */;
/*!40101 SET character_set_client = utf8 */;
CREATE TABLE `Group_Members` (
  `ID` int(11) NOT NULL AUTO_INCREMENT,
  `GroupID` int(11) NOT NULL DEFAULT '0',
  `MemberID` int(11) NOT NULL DEFAULT '0',
  PRIMARY KEY (`ID`),
  KEY `GroupID` (`GroupID`),
  KEY `MemberID` (`MemberID`)
) ENGINE=InnoDB AUTO_INCREMENT=3 DEFAULT CHARSET=utf8;
/*!40101 SET character_set_client = @saved_cs_client */;

--
-- Dumping data for table `Group_Members`
--

LOCK TABLES `Group_Members` WRITE;
/*!40000 ALTER TABLE `Group_Members` DISABLE KEYS */;
INSERT INTO `Group_Members` VALUES (1,2,1),(2,2,2);
/*!40000 ALTER TABLE `Group_Members` ENABLE KEYS */;
UNLOCK TABLES;

--
-- Table structure for table `Group_Roles`
--

DROP TABLE IF EXISTS `Group_Roles`;
/*!40101 SET @saved_cs_client     = @@character_set_client */;
/*!40101 SET character_set_client = utf8 */;
CREATE TABLE `Group_Roles` (
  `ID` int(11) NOT NULL AUTO_INCREMENT,
  `GroupID` int(11) NOT NULL DEFAULT '0',
  `PermissionRoleID` int(11) NOT NULL DEFAULT '0',
  PRIMARY KEY (`ID`),
  KEY `GroupID` (`GroupID`),
  KEY `PermissionRoleID` (`PermissionRoleID`)
) ENGINE=InnoDB DEFAULT CHARSET=utf8;
/*!40101 SET character_set_client = @saved_cs_client */;

--
-- Dumping data for table `Group_Roles`
--

LOCK TABLES `Group_Roles` WRITE;
/*!40000 ALTER TABLE `Group_Roles` DISABLE KEYS */;
/*!40000 ALTER TABLE `Group_Roles` ENABLE KEYS */;
UNLOCK TABLES;

--
-- Table structure for table `LoginAttempt`
--

DROP TABLE IF EXISTS `LoginAttempt`;
/*!40101 SET @saved_cs_client     = @@character_set_client */;
/*!40101 SET character_set_client = utf8 */;
CREATE TABLE `LoginAttempt` (
  `ID` int(11) NOT NULL AUTO_INCREMENT,
  `ClassName` enum('LoginAttempt') DEFAULT 'LoginAttempt',
  `Created` datetime DEFAULT NULL,
  `LastEdited` datetime DEFAULT NULL,
  `Email` varchar(255) DEFAULT NULL,
  `Status` enum('Success','Failure') DEFAULT 'Success',
  `IP` varchar(255) DEFAULT NULL,
  `MemberID` int(11) NOT NULL DEFAULT '0',
  PRIMARY KEY (`ID`),
  KEY `MemberID` (`MemberID`),
  KEY `ClassName` (`ClassName`)
) ENGINE=InnoDB DEFAULT CHARSET=utf8;
/*!40101 SET character_set_client = @saved_cs_client */;

--
-- Dumping data for table `LoginAttempt`
--

LOCK TABLES `LoginAttempt` WRITE;
/*!40000 ALTER TABLE `LoginAttempt` DISABLE KEYS */;
/*!40000 ALTER TABLE `LoginAttempt` ENABLE KEYS */;
UNLOCK TABLES;

--
-- Table structure for table `Member`
--

DROP TABLE IF EXISTS `Member`;
/*!40101 SET @saved_cs_client     = @@character_set_client */;
/*!40101 SET character_set_client = utf8 */;
CREATE TABLE `Member` (
  `ID` int(11) NOT NULL AUTO_INCREMENT,
  `ClassName` enum('Member') DEFAULT 'Member',
  `Created` datetime DEFAULT NULL,
  `LastEdited` datetime DEFAULT NULL,
  `FirstName` varchar(50) DEFAULT NULL,
  `Surname` varchar(50) DEFAULT NULL,
  `Email` varchar(256) DEFAULT NULL,
  `Password` varchar(160) DEFAULT NULL,
  `RememberLoginToken` varchar(160) DEFAULT NULL,
  `AutoLoginHash` varchar(160) DEFAULT NULL,
  `AutoLoginExpired` datetime DEFAULT NULL,
  `PasswordEncryption` varchar(50) DEFAULT NULL,
  `Salt` varchar(50) DEFAULT NULL,
  `PasswordExpiry` date DEFAULT NULL,
  `LockedOutUntil` datetime DEFAULT NULL,
  `Locale` varchar(6) DEFAULT NULL,
  `FailedLoginCount` int(11) NOT NULL DEFAULT '0',
  `DateFormat` varchar(30) DEFAULT NULL,
  `TimeFormat` varchar(30) DEFAULT NULL,
  PRIMARY KEY (`ID`),
  KEY `Email` (`Email`(255)),
  KEY `ClassName` (`ClassName`)
) ENGINE=InnoDB AUTO_INCREMENT=3 DEFAULT CHARSET=utf8;
/*!40101 SET character_set_client = @saved_cs_client */;

--
-- Dumping data for table `Member`
--

LOCK TABLES `Member` WRITE;
/*!40000 ALTER TABLE `Member` DISABLE KEYS */;
INSERT INTO `Member` VALUES (1,'Member','2013-12-25 09:49:09','2014-01-03 08:36:39','Default Admin',NULL,NULL,NULL,NULL,NULL,NULL,NULL,NULL,NULL,NULL,'en_US',0,NULL,NULL),(2,'Member','2013-12-28 05:49:40','2013-12-28 05:49:41','Max','Glass','glassproperties@gmail.com','$2y$10$d3e19de014168a523cd89u/Pk90FuEpzBLEuU.ynH0lmCg807A5DC',NULL,NULL,NULL,'blowfish','10$d3e19de014168a523cd891',NULL,NULL,'en_US',0,'MMM d, y','h:mm:ss a');
/*!40000 ALTER TABLE `Member` ENABLE KEYS */;
UNLOCK TABLES;

--
-- Table structure for table `MemberPassword`
--

DROP TABLE IF EXISTS `MemberPassword`;
/*!40101 SET @saved_cs_client     = @@character_set_client */;
/*!40101 SET character_set_client = utf8 */;
CREATE TABLE `MemberPassword` (
  `ID` int(11) NOT NULL AUTO_INCREMENT,
  `ClassName` enum('MemberPassword') DEFAULT 'MemberPassword',
  `Created` datetime DEFAULT NULL,
  `LastEdited` datetime DEFAULT NULL,
  `Password` varchar(160) DEFAULT NULL,
  `Salt` varchar(50) DEFAULT NULL,
  `PasswordEncryption` varchar(50) DEFAULT NULL,
  `MemberID` int(11) NOT NULL DEFAULT '0',
  PRIMARY KEY (`ID`),
  KEY `MemberID` (`MemberID`),
  KEY `ClassName` (`ClassName`)
) ENGINE=InnoDB AUTO_INCREMENT=2 DEFAULT CHARSET=utf8;
/*!40101 SET character_set_client = @saved_cs_client */;

--
-- Dumping data for table `MemberPassword`
--

LOCK TABLES `MemberPassword` WRITE;
/*!40000 ALTER TABLE `MemberPassword` DISABLE KEYS */;
INSERT INTO `MemberPassword` VALUES (1,'MemberPassword','2013-12-28 05:49:40','2013-12-28 05:49:40','$2y$10$d3e19de014168a523cd89u/Pk90FuEpzBLEuU.ynH0lmCg807A5DC','10$d3e19de014168a523cd891','blowfish',2);
/*!40000 ALTER TABLE `MemberPassword` ENABLE KEYS */;
UNLOCK TABLES;

--
-- Table structure for table `Permission`
--

DROP TABLE IF EXISTS `Permission`;
/*!40101 SET @saved_cs_client     = @@character_set_client */;
/*!40101 SET character_set_client = utf8 */;
CREATE TABLE `Permission` (
  `ID` int(11) NOT NULL AUTO_INCREMENT,
  `ClassName` enum('Permission') DEFAULT 'Permission',
  `Created` datetime DEFAULT NULL,
  `LastEdited` datetime DEFAULT NULL,
  `Code` varchar(50) DEFAULT NULL,
  `Arg` int(11) NOT NULL DEFAULT '0',
  `Type` int(11) NOT NULL DEFAULT '1',
  `GroupID` int(11) NOT NULL DEFAULT '0',
  PRIMARY KEY (`ID`),
  KEY `GroupID` (`GroupID`),
  KEY `Code` (`Code`),
  KEY `ClassName` (`ClassName`)
) ENGINE=InnoDB AUTO_INCREMENT=6 DEFAULT CHARSET=utf8;
/*!40101 SET character_set_client = @saved_cs_client */;

--
-- Dumping data for table `Permission`
--

LOCK TABLES `Permission` WRITE;
/*!40000 ALTER TABLE `Permission` DISABLE KEYS */;
INSERT INTO `Permission` VALUES (1,'Permission','2013-12-25 09:49:09','2013-12-25 09:49:09','CMS_ACCESS_CMSMain',0,1,1),(2,'Permission','2013-12-25 09:49:09','2013-12-25 09:49:09','CMS_ACCESS_AssetAdmin',0,1,1),(3,'Permission','2013-12-25 09:49:09','2013-12-25 09:49:09','CMS_ACCESS_ReportAdmin',0,1,1),(4,'Permission','2013-12-25 09:49:09','2013-12-25 09:49:09','SITETREE_REORGANISE',0,1,1),(5,'Permission','2013-12-25 09:49:09','2013-12-25 09:49:09','ADMIN',0,1,2);
/*!40000 ALTER TABLE `Permission` ENABLE KEYS */;
UNLOCK TABLES;

--
-- Table structure for table `PermissionRole`
--

DROP TABLE IF EXISTS `PermissionRole`;
/*!40101 SET @saved_cs_client     = @@character_set_client */;
/*!40101 SET character_set_client = utf8 */;
CREATE TABLE `PermissionRole` (
  `ID` int(11) NOT NULL AUTO_INCREMENT,
  `ClassName` enum('PermissionRole') DEFAULT 'PermissionRole',
  `Created` datetime DEFAULT NULL,
  `LastEdited` datetime DEFAULT NULL,
  `Title` varchar(50) DEFAULT NULL,
  `OnlyAdminCanApply` tinyint(1) unsigned NOT NULL DEFAULT '0',
  PRIMARY KEY (`ID`),
  KEY `ClassName` (`ClassName`)
) ENGINE=InnoDB DEFAULT CHARSET=utf8;
/*!40101 SET character_set_client = @saved_cs_client */;

--
-- Dumping data for table `PermissionRole`
--

LOCK TABLES `PermissionRole` WRITE;
/*!40000 ALTER TABLE `PermissionRole` DISABLE KEYS */;
/*!40000 ALTER TABLE `PermissionRole` ENABLE KEYS */;
UNLOCK TABLES;

--
-- Table structure for table `PermissionRoleCode`
--

DROP TABLE IF EXISTS `PermissionRoleCode`;
/*!40101 SET @saved_cs_client     = @@character_set_client */;
/*!40101 SET character_set_client = utf8 */;
CREATE TABLE `PermissionRoleCode` (
  `ID` int(11) NOT NULL AUTO_INCREMENT,
  `ClassName` enum('PermissionRoleCode') DEFAULT 'PermissionRoleCode',
  `Created` datetime DEFAULT NULL,
  `LastEdited` datetime DEFAULT NULL,
  `Code` varchar(50) DEFAULT NULL,
  `RoleID` int(11) NOT NULL DEFAULT '0',
  PRIMARY KEY (`ID`),
  KEY `RoleID` (`RoleID`),
  KEY `ClassName` (`ClassName`)
) ENGINE=InnoDB DEFAULT CHARSET=utf8;
/*!40101 SET character_set_client = @saved_cs_client */;

--
-- Dumping data for table `PermissionRoleCode`
--

LOCK TABLES `PermissionRoleCode` WRITE;
/*!40000 ALTER TABLE `PermissionRoleCode` DISABLE KEYS */;
/*!40000 ALTER TABLE `PermissionRoleCode` ENABLE KEYS */;
UNLOCK TABLES;

--
-- Table structure for table `RedirectorPage`
--

DROP TABLE IF EXISTS `RedirectorPage`;
/*!40101 SET @saved_cs_client     = @@character_set_client */;
/*!40101 SET character_set_client = utf8 */;
CREATE TABLE `RedirectorPage` (
  `ID` int(11) NOT NULL AUTO_INCREMENT,
  `RedirectionType` enum('Internal','External') DEFAULT 'Internal',
  `ExternalURL` varchar(2083) DEFAULT NULL,
  `LinkToID` int(11) NOT NULL DEFAULT '0',
  PRIMARY KEY (`ID`),
  KEY `LinkToID` (`LinkToID`)
) ENGINE=InnoDB DEFAULT CHARSET=utf8;
/*!40101 SET character_set_client = @saved_cs_client */;

--
-- Dumping data for table `RedirectorPage`
--

LOCK TABLES `RedirectorPage` WRITE;
/*!40000 ALTER TABLE `RedirectorPage` DISABLE KEYS */;
/*!40000 ALTER TABLE `RedirectorPage` ENABLE KEYS */;
UNLOCK TABLES;

--
-- Table structure for table `RedirectorPage_Live`
--

DROP TABLE IF EXISTS `RedirectorPage_Live`;
/*!40101 SET @saved_cs_client     = @@character_set_client */;
/*!40101 SET character_set_client = utf8 */;
CREATE TABLE `RedirectorPage_Live` (
  `ID` int(11) NOT NULL AUTO_INCREMENT,
  `RedirectionType` enum('Internal','External') DEFAULT 'Internal',
  `ExternalURL` varchar(2083) DEFAULT NULL,
  `LinkToID` int(11) NOT NULL DEFAULT '0',
  PRIMARY KEY (`ID`),
  KEY `LinkToID` (`LinkToID`)
) ENGINE=InnoDB DEFAULT CHARSET=utf8;
/*!40101 SET character_set_client = @saved_cs_client */;

--
-- Dumping data for table `RedirectorPage_Live`
--

LOCK TABLES `RedirectorPage_Live` WRITE;
/*!40000 ALTER TABLE `RedirectorPage_Live` DISABLE KEYS */;
/*!40000 ALTER TABLE `RedirectorPage_Live` ENABLE KEYS */;
UNLOCK TABLES;

--
-- Table structure for table `RedirectorPage_versions`
--

DROP TABLE IF EXISTS `RedirectorPage_versions`;
/*!40101 SET @saved_cs_client     = @@character_set_client */;
/*!40101 SET character_set_client = utf8 */;
CREATE TABLE `RedirectorPage_versions` (
  `ID` int(11) NOT NULL AUTO_INCREMENT,
  `RecordID` int(11) NOT NULL DEFAULT '0',
  `Version` int(11) NOT NULL DEFAULT '0',
  `RedirectionType` enum('Internal','External') DEFAULT 'Internal',
  `ExternalURL` varchar(2083) DEFAULT NULL,
  `LinkToID` int(11) NOT NULL DEFAULT '0',
  PRIMARY KEY (`ID`),
  UNIQUE KEY `RecordID_Version` (`RecordID`,`Version`),
  KEY `RecordID` (`RecordID`),
  KEY `Version` (`Version`),
  KEY `LinkToID` (`LinkToID`)
) ENGINE=InnoDB DEFAULT CHARSET=utf8;
/*!40101 SET character_set_client = @saved_cs_client */;

--
-- Dumping data for table `RedirectorPage_versions`
--

LOCK TABLES `RedirectorPage_versions` WRITE;
/*!40000 ALTER TABLE `RedirectorPage_versions` DISABLE KEYS */;
/*!40000 ALTER TABLE `RedirectorPage_versions` ENABLE KEYS */;
UNLOCK TABLES;

--
-- Table structure for table `SiteConfig`
--

DROP TABLE IF EXISTS `SiteConfig`;
/*!40101 SET @saved_cs_client     = @@character_set_client */;
/*!40101 SET character_set_client = utf8 */;
CREATE TABLE `SiteConfig` (
  `ID` int(11) NOT NULL AUTO_INCREMENT,
  `ClassName` enum('SiteConfig') DEFAULT 'SiteConfig',
  `Created` datetime DEFAULT NULL,
  `LastEdited` datetime DEFAULT NULL,
  `Title` varchar(255) DEFAULT NULL,
  `Tagline` varchar(255) DEFAULT NULL,
  `Theme` varchar(255) DEFAULT NULL,
  `CanViewType` enum('Anyone','LoggedInUsers','OnlyTheseUsers') DEFAULT 'Anyone',
  `CanEditType` enum('LoggedInUsers','OnlyTheseUsers') DEFAULT 'LoggedInUsers',
  `CanCreateTopLevelType` enum('LoggedInUsers','OnlyTheseUsers') DEFAULT 'LoggedInUsers',
  PRIMARY KEY (`ID`),
  KEY `ClassName` (`ClassName`)
) ENGINE=InnoDB AUTO_INCREMENT=2 DEFAULT CHARSET=utf8;
/*!40101 SET character_set_client = @saved_cs_client */;

--
-- Dumping data for table `SiteConfig`
--

LOCK TABLES `SiteConfig` WRITE;
/*!40000 ALTER TABLE `SiteConfig` DISABLE KEYS */;
INSERT INTO `SiteConfig` VALUES (1,'SiteConfig','2013-12-25 09:49:09','2013-12-27 04:44:15','CRM','your tagline here','parcels','Anyone','LoggedInUsers','LoggedInUsers');
/*!40000 ALTER TABLE `SiteConfig` ENABLE KEYS */;
UNLOCK TABLES;

--
-- Table structure for table `SiteConfig_CreateTopLevelGroups`
--

DROP TABLE IF EXISTS `SiteConfig_CreateTopLevelGroups`;
/*!40101 SET @saved_cs_client     = @@character_set_client */;
/*!40101 SET character_set_client = utf8 */;
CREATE TABLE `SiteConfig_CreateTopLevelGroups` (
  `ID` int(11) NOT NULL AUTO_INCREMENT,
  `SiteConfigID` int(11) NOT NULL DEFAULT '0',
  `GroupID` int(11) NOT NULL DEFAULT '0',
  PRIMARY KEY (`ID`),
  KEY `SiteConfigID` (`SiteConfigID`),
  KEY `GroupID` (`GroupID`)
) ENGINE=InnoDB DEFAULT CHARSET=utf8;
/*!40101 SET character_set_client = @saved_cs_client */;

--
-- Dumping data for table `SiteConfig_CreateTopLevelGroups`
--

LOCK TABLES `SiteConfig_CreateTopLevelGroups` WRITE;
/*!40000 ALTER TABLE `SiteConfig_CreateTopLevelGroups` DISABLE KEYS */;
/*!40000 ALTER TABLE `SiteConfig_CreateTopLevelGroups` ENABLE KEYS */;
UNLOCK TABLES;

--
-- Table structure for table `SiteConfig_EditorGroups`
--

DROP TABLE IF EXISTS `SiteConfig_EditorGroups`;
/*!40101 SET @saved_cs_client     = @@character_set_client */;
/*!40101 SET character_set_client = utf8 */;
CREATE TABLE `SiteConfig_EditorGroups` (
  `ID` int(11) NOT NULL AUTO_INCREMENT,
  `SiteConfigID` int(11) NOT NULL DEFAULT '0',
  `GroupID` int(11) NOT NULL DEFAULT '0',
  PRIMARY KEY (`ID`),
  KEY `SiteConfigID` (`SiteConfigID`),
  KEY `GroupID` (`GroupID`)
) ENGINE=InnoDB DEFAULT CHARSET=utf8;
/*!40101 SET character_set_client = @saved_cs_client */;

--
-- Dumping data for table `SiteConfig_EditorGroups`
--

LOCK TABLES `SiteConfig_EditorGroups` WRITE;
/*!40000 ALTER TABLE `SiteConfig_EditorGroups` DISABLE KEYS */;
/*!40000 ALTER TABLE `SiteConfig_EditorGroups` ENABLE KEYS */;
UNLOCK TABLES;

--
-- Table structure for table `SiteConfig_ViewerGroups`
--

DROP TABLE IF EXISTS `SiteConfig_ViewerGroups`;
/*!40101 SET @saved_cs_client     = @@character_set_client */;
/*!40101 SET character_set_client = utf8 */;
CREATE TABLE `SiteConfig_ViewerGroups` (
  `ID` int(11) NOT NULL AUTO_INCREMENT,
  `SiteConfigID` int(11) NOT NULL DEFAULT '0',
  `GroupID` int(11) NOT NULL DEFAULT '0',
  PRIMARY KEY (`ID`),
  KEY `SiteConfigID` (`SiteConfigID`),
  KEY `GroupID` (`GroupID`)
) ENGINE=InnoDB DEFAULT CHARSET=utf8;
/*!40101 SET character_set_client = @saved_cs_client */;

--
-- Dumping data for table `SiteConfig_ViewerGroups`
--

LOCK TABLES `SiteConfig_ViewerGroups` WRITE;
/*!40000 ALTER TABLE `SiteConfig_ViewerGroups` DISABLE KEYS */;
/*!40000 ALTER TABLE `SiteConfig_ViewerGroups` ENABLE KEYS */;
UNLOCK TABLES;

--
-- Table structure for table `SiteTree`
--

DROP TABLE IF EXISTS `SiteTree`;
/*!40101 SET @saved_cs_client     = @@character_set_client */;
/*!40101 SET character_set_client = utf8 */;
CREATE TABLE `SiteTree` (
  `ID` int(11) NOT NULL AUTO_INCREMENT,
  `ClassName` enum('Page','ErrorPage','ParcelPage','UserDefinedForm','SiteTree','RedirectorPage','VirtualPage') DEFAULT 'Page',
  `Created` datetime DEFAULT NULL,
  `LastEdited` datetime DEFAULT NULL,
  `URLSegment` varchar(255) DEFAULT NULL,
  `Title` varchar(255) DEFAULT NULL,
  `MenuTitle` varchar(100) DEFAULT NULL,
  `Content` mediumtext,
  `MetaDescription` mediumtext,
  `ExtraMeta` mediumtext,
  `ShowInMenus` tinyint(1) unsigned NOT NULL DEFAULT '0',
  `ShowInSearch` tinyint(1) unsigned NOT NULL DEFAULT '0',
  `Sort` int(11) NOT NULL DEFAULT '0',
  `HasBrokenFile` tinyint(1) unsigned NOT NULL DEFAULT '0',
  `HasBrokenLink` tinyint(1) unsigned NOT NULL DEFAULT '0',
  `ReportClass` varchar(50) DEFAULT NULL,
  `CanViewType` enum('Anyone','LoggedInUsers','OnlyTheseUsers','Inherit') DEFAULT 'Inherit',
  `CanEditType` enum('LoggedInUsers','OnlyTheseUsers','Inherit') DEFAULT 'Inherit',
  `Version` int(11) NOT NULL DEFAULT '0',
  `ParentID` int(11) NOT NULL DEFAULT '0',
  PRIMARY KEY (`ID`),
  KEY `ParentID` (`ParentID`),
  KEY `URLSegment` (`URLSegment`),
  KEY `ClassName` (`ClassName`)
) ENGINE=InnoDB AUTO_INCREMENT=8 DEFAULT CHARSET=utf8;
/*!40101 SET character_set_client = @saved_cs_client */;

--
-- Dumping data for table `SiteTree`
--

LOCK TABLES `SiteTree` WRITE;
/*!40000 ALTER TABLE `SiteTree` DISABLE KEYS */;
INSERT INTO `SiteTree` VALUES (1,'Page','2013-12-25 09:49:10','2013-12-25 09:49:10','home','Home',NULL,'<p>Welcome to SilverStripe! This is the default homepage. You can edit this page by opening <a href=\"admin/\">the CMS</a>. You can now access the <a href=\"http://doc.silverstripe.org\">developer documentation</a>, or begin <a href=\"http://doc.silverstripe.org/doku.php?id=tutorials\">the tutorials.</a></p>',NULL,NULL,1,1,1,0,0,NULL,'Inherit','Inherit',1,0),(4,'ErrorPage','2013-12-25 09:49:11','2013-12-25 09:49:11','page-not-found','Page not found',NULL,'<p>Sorry, it seems you were trying to access a page that doesn\'t exist.</p><p>Please check the spelling of the URL you were trying to access and try again.</p>',NULL,NULL,0,0,4,0,0,NULL,'Inherit','Inherit',1,0),(5,'ErrorPage','2013-12-25 09:49:13','2013-12-25 09:49:13','server-error','Server error',NULL,'<p>Sorry, there was a problem with handling your request.</p>',NULL,NULL,0,0,5,0,0,NULL,'Inherit','Inherit',1,0),(6,'ParcelPage','2013-12-27 00:43:05','2013-12-27 00:43:42','parcels','Parcels',NULL,NULL,NULL,NULL,1,1,6,0,0,NULL,'Inherit','Inherit',2,0),(7,'UserDefinedForm','2013-12-28 05:51:43','2014-01-02 21:59:06','supahands-form','SupaHands Input Form',NULL,'<p>$UserDefinedForm</p>',NULL,NULL,1,1,7,0,0,NULL,'Inherit','Inherit',4,0);
/*!40000 ALTER TABLE `SiteTree` ENABLE KEYS */;
UNLOCK TABLES;

--
-- Table structure for table `SiteTree_EditorGroups`
--

DROP TABLE IF EXISTS `SiteTree_EditorGroups`;
/*!40101 SET @saved_cs_client     = @@character_set_client */;
/*!40101 SET character_set_client = utf8 */;
CREATE TABLE `SiteTree_EditorGroups` (
  `ID` int(11) NOT NULL AUTO_INCREMENT,
  `SiteTreeID` int(11) NOT NULL DEFAULT '0',
  `GroupID` int(11) NOT NULL DEFAULT '0',
  PRIMARY KEY (`ID`),
  KEY `SiteTreeID` (`SiteTreeID`),
  KEY `GroupID` (`GroupID`)
) ENGINE=InnoDB DEFAULT CHARSET=utf8;
/*!40101 SET character_set_client = @saved_cs_client */;

--
-- Dumping data for table `SiteTree_EditorGroups`
--

LOCK TABLES `SiteTree_EditorGroups` WRITE;
/*!40000 ALTER TABLE `SiteTree_EditorGroups` DISABLE KEYS */;
/*!40000 ALTER TABLE `SiteTree_EditorGroups` ENABLE KEYS */;
UNLOCK TABLES;

--
-- Table structure for table `SiteTree_ImageTracking`
--

DROP TABLE IF EXISTS `SiteTree_ImageTracking`;
/*!40101 SET @saved_cs_client     = @@character_set_client */;
/*!40101 SET character_set_client = utf8 */;
CREATE TABLE `SiteTree_ImageTracking` (
  `ID` int(11) NOT NULL AUTO_INCREMENT,
  `SiteTreeID` int(11) NOT NULL DEFAULT '0',
  `FileID` int(11) NOT NULL DEFAULT '0',
  `FieldName` varchar(50) DEFAULT NULL,
  PRIMARY KEY (`ID`),
  KEY `SiteTreeID` (`SiteTreeID`),
  KEY `FileID` (`FileID`)
) ENGINE=InnoDB DEFAULT CHARSET=utf8;
/*!40101 SET character_set_client = @saved_cs_client */;

--
-- Dumping data for table `SiteTree_ImageTracking`
--

LOCK TABLES `SiteTree_ImageTracking` WRITE;
/*!40000 ALTER TABLE `SiteTree_ImageTracking` DISABLE KEYS */;
/*!40000 ALTER TABLE `SiteTree_ImageTracking` ENABLE KEYS */;
UNLOCK TABLES;

--
-- Table structure for table `SiteTree_LinkTracking`
--

DROP TABLE IF EXISTS `SiteTree_LinkTracking`;
/*!40101 SET @saved_cs_client     = @@character_set_client */;
/*!40101 SET character_set_client = utf8 */;
CREATE TABLE `SiteTree_LinkTracking` (
  `ID` int(11) NOT NULL AUTO_INCREMENT,
  `SiteTreeID` int(11) NOT NULL DEFAULT '0',
  `ChildID` int(11) NOT NULL DEFAULT '0',
  `FieldName` varchar(50) DEFAULT NULL,
  PRIMARY KEY (`ID`),
  KEY `SiteTreeID` (`SiteTreeID`),
  KEY `ChildID` (`ChildID`)
) ENGINE=InnoDB DEFAULT CHARSET=utf8;
/*!40101 SET character_set_client = @saved_cs_client */;

--
-- Dumping data for table `SiteTree_LinkTracking`
--

LOCK TABLES `SiteTree_LinkTracking` WRITE;
/*!40000 ALTER TABLE `SiteTree_LinkTracking` DISABLE KEYS */;
/*!40000 ALTER TABLE `SiteTree_LinkTracking` ENABLE KEYS */;
UNLOCK TABLES;

--
-- Table structure for table `SiteTree_Live`
--

DROP TABLE IF EXISTS `SiteTree_Live`;
/*!40101 SET @saved_cs_client     = @@character_set_client */;
/*!40101 SET character_set_client = utf8 */;
CREATE TABLE `SiteTree_Live` (
  `ID` int(11) NOT NULL AUTO_INCREMENT,
  `ClassName` enum('Page','ErrorPage','ParcelPage','UserDefinedForm','SiteTree','RedirectorPage','VirtualPage') DEFAULT 'Page',
  `Created` datetime DEFAULT NULL,
  `LastEdited` datetime DEFAULT NULL,
  `URLSegment` varchar(255) DEFAULT NULL,
  `Title` varchar(255) DEFAULT NULL,
  `MenuTitle` varchar(100) DEFAULT NULL,
  `Content` mediumtext,
  `MetaDescription` mediumtext,
  `ExtraMeta` mediumtext,
  `ShowInMenus` tinyint(1) unsigned NOT NULL DEFAULT '0',
  `ShowInSearch` tinyint(1) unsigned NOT NULL DEFAULT '0',
  `Sort` int(11) NOT NULL DEFAULT '0',
  `HasBrokenFile` tinyint(1) unsigned NOT NULL DEFAULT '0',
  `HasBrokenLink` tinyint(1) unsigned NOT NULL DEFAULT '0',
  `ReportClass` varchar(50) DEFAULT NULL,
  `CanViewType` enum('Anyone','LoggedInUsers','OnlyTheseUsers','Inherit') DEFAULT 'Inherit',
  `CanEditType` enum('LoggedInUsers','OnlyTheseUsers','Inherit') DEFAULT 'Inherit',
  `Version` int(11) NOT NULL DEFAULT '0',
  `ParentID` int(11) NOT NULL DEFAULT '0',
  PRIMARY KEY (`ID`),
  KEY `ParentID` (`ParentID`),
  KEY `URLSegment` (`URLSegment`),
  KEY `ClassName` (`ClassName`)
) ENGINE=InnoDB AUTO_INCREMENT=8 DEFAULT CHARSET=utf8;
/*!40101 SET character_set_client = @saved_cs_client */;

--
-- Dumping data for table `SiteTree_Live`
--

LOCK TABLES `SiteTree_Live` WRITE;
/*!40000 ALTER TABLE `SiteTree_Live` DISABLE KEYS */;
INSERT INTO `SiteTree_Live` VALUES (1,'Page','2013-12-25 09:49:10','2013-12-27 05:09:56','home','Home',NULL,'<p>Welcome to SilverStripe! This is the default homepage. You can edit this page by opening <a href=\"admin/\">the CMS</a>. You can now access the <a href=\"http://doc.silverstripe.org\">developer documentation</a>, or begin <a href=\"http://doc.silverstripe.org/doku.php?id=tutorials\">the tutorials.</a></p>',NULL,NULL,1,1,1,0,0,NULL,'Inherit','Inherit',1,0),(4,'ErrorPage','2013-12-25 09:49:11','2013-12-27 05:09:56','page-not-found','Page not found',NULL,'<p>Sorry, it seems you were trying to access a page that doesn\'t exist.</p><p>Please check the spelling of the URL you were trying to access and try again.</p>',NULL,NULL,0,0,4,0,0,NULL,'Inherit','Inherit',1,0),(5,'ErrorPage','2013-12-25 09:49:13','2013-12-27 05:09:56','server-error','Server error',NULL,'<p>Sorry, there was a problem with handling your request.</p>',NULL,NULL,0,0,5,0,0,NULL,'Inherit','Inherit',1,0),(6,'ParcelPage','2013-12-27 00:43:05','2013-12-27 05:09:56','parcels','Parcels',NULL,NULL,NULL,NULL,1,1,6,0,0,NULL,'Inherit','Inherit',2,0),(7,'UserDefinedForm','2013-12-28 05:51:43','2014-01-02 21:59:11','supahands-form','SupaHands Input Form',NULL,'<p>$UserDefinedForm</p>',NULL,NULL,1,1,7,0,0,NULL,'Inherit','Inherit',4,0);
/*!40000 ALTER TABLE `SiteTree_Live` ENABLE KEYS */;
UNLOCK TABLES;

--
-- Table structure for table `SiteTree_ViewerGroups`
--

DROP TABLE IF EXISTS `SiteTree_ViewerGroups`;
/*!40101 SET @saved_cs_client     = @@character_set_client */;
/*!40101 SET character_set_client = utf8 */;
CREATE TABLE `SiteTree_ViewerGroups` (
  `ID` int(11) NOT NULL AUTO_INCREMENT,
  `SiteTreeID` int(11) NOT NULL DEFAULT '0',
  `GroupID` int(11) NOT NULL DEFAULT '0',
  PRIMARY KEY (`ID`),
  KEY `SiteTreeID` (`SiteTreeID`),
  KEY `GroupID` (`GroupID`)
) ENGINE=InnoDB DEFAULT CHARSET=utf8;
/*!40101 SET character_set_client = @saved_cs_client */;

--
-- Dumping data for table `SiteTree_ViewerGroups`
--

LOCK TABLES `SiteTree_ViewerGroups` WRITE;
/*!40000 ALTER TABLE `SiteTree_ViewerGroups` DISABLE KEYS */;
/*!40000 ALTER TABLE `SiteTree_ViewerGroups` ENABLE KEYS */;
UNLOCK TABLES;

--
-- Table structure for table `SiteTree_versions`
--

DROP TABLE IF EXISTS `SiteTree_versions`;
/*!40101 SET @saved_cs_client     = @@character_set_client */;
/*!40101 SET character_set_client = utf8 */;
CREATE TABLE `SiteTree_versions` (
  `ID` int(11) NOT NULL AUTO_INCREMENT,
  `RecordID` int(11) NOT NULL DEFAULT '0',
  `Version` int(11) NOT NULL DEFAULT '0',
  `WasPublished` tinyint(1) unsigned NOT NULL DEFAULT '0',
  `AuthorID` int(11) NOT NULL DEFAULT '0',
  `PublisherID` int(11) NOT NULL DEFAULT '0',
  `ClassName` enum('Page','ErrorPage','ParcelPage','UserDefinedForm','SiteTree','RedirectorPage','VirtualPage') DEFAULT 'Page',
  `Created` datetime DEFAULT NULL,
  `LastEdited` datetime DEFAULT NULL,
  `URLSegment` varchar(255) DEFAULT NULL,
  `Title` varchar(255) DEFAULT NULL,
  `MenuTitle` varchar(100) DEFAULT NULL,
  `Content` mediumtext,
  `MetaDescription` mediumtext,
  `ExtraMeta` mediumtext,
  `ShowInMenus` tinyint(1) unsigned NOT NULL DEFAULT '0',
  `ShowInSearch` tinyint(1) unsigned NOT NULL DEFAULT '0',
  `Sort` int(11) NOT NULL DEFAULT '0',
  `HasBrokenFile` tinyint(1) unsigned NOT NULL DEFAULT '0',
  `HasBrokenLink` tinyint(1) unsigned NOT NULL DEFAULT '0',
  `ReportClass` varchar(50) DEFAULT NULL,
  `CanViewType` enum('Anyone','LoggedInUsers','OnlyTheseUsers','Inherit') DEFAULT 'Inherit',
  `CanEditType` enum('LoggedInUsers','OnlyTheseUsers','Inherit') DEFAULT 'Inherit',
  `ParentID` int(11) NOT NULL DEFAULT '0',
  PRIMARY KEY (`ID`),
  KEY `RecordID_Version` (`RecordID`,`Version`),
  KEY `RecordID` (`RecordID`),
  KEY `Version` (`Version`),
  KEY `AuthorID` (`AuthorID`),
  KEY `PublisherID` (`PublisherID`),
  KEY `ParentID` (`ParentID`),
  KEY `URLSegment` (`URLSegment`),
  KEY `ClassName` (`ClassName`)
) ENGINE=InnoDB AUTO_INCREMENT=12 DEFAULT CHARSET=utf8;
/*!40101 SET character_set_client = @saved_cs_client */;

--
-- Dumping data for table `SiteTree_versions`
--

LOCK TABLES `SiteTree_versions` WRITE;
/*!40000 ALTER TABLE `SiteTree_versions` DISABLE KEYS */;
INSERT INTO `SiteTree_versions` VALUES (1,1,1,1,0,0,'Page','2013-12-25 09:49:10','2013-12-25 09:49:10','home','Home',NULL,'<p>Welcome to SilverStripe! This is the default homepage. You can edit this page by opening <a href=\"admin/\">the CMS</a>. You can now access the <a href=\"http://doc.silverstripe.org\">developer documentation</a>, or begin <a href=\"http://doc.silverstripe.org/doku.php?id=tutorials\">the tutorials.</a></p>',NULL,NULL,1,1,1,0,0,NULL,'Inherit','Inherit',0),(2,2,1,1,0,0,'Page','2013-12-25 09:49:10','2013-12-25 09:49:10','about-us','About Us',NULL,'<p>You can fill this page out with your own content, or delete it and create your own pages.<br /></p>',NULL,NULL,1,1,2,0,0,NULL,'Inherit','Inherit',0),(3,3,1,1,0,0,'Page','2013-12-25 09:49:10','2013-12-25 09:49:10','contact-us','Contact Us',NULL,'<p>You can fill this page out with your own content, or delete it and create your own pages.<br /></p>',NULL,NULL,1,1,3,0,0,NULL,'Inherit','Inherit',0),(4,4,1,1,0,0,'ErrorPage','2013-12-25 09:49:11','2013-12-25 09:49:11','page-not-found','Page not found',NULL,'<p>Sorry, it seems you were trying to access a page that doesn\'t exist.</p><p>Please check the spelling of the URL you were trying to access and try again.</p>',NULL,NULL,0,0,4,0,0,NULL,'Inherit','Inherit',0),(5,5,1,1,0,0,'ErrorPage','2013-12-25 09:49:13','2013-12-25 09:49:13','server-error','Server error',NULL,'<p>Sorry, there was a problem with handling your request.</p>',NULL,NULL,0,0,5,0,0,NULL,'Inherit','Inherit',0),(6,6,1,0,1,0,'ParcelPage','2013-12-27 00:43:05','2013-12-27 00:43:05','new-parcel-page','New Parcel Page',NULL,NULL,NULL,NULL,1,1,6,0,0,NULL,'Inherit','Inherit',0),(7,6,2,1,1,1,'ParcelPage','2013-12-27 00:43:05','2013-12-27 00:43:42','parcels','Parcels',NULL,NULL,NULL,NULL,1,1,6,0,0,NULL,'Inherit','Inherit',0),(8,7,1,0,1,0,'UserDefinedForm','2013-12-28 05:51:43','2013-12-28 05:51:43','new-user-defined-form','New User Defined Form',NULL,'$UserDefinedForm',NULL,NULL,1,1,7,0,0,NULL,'Inherit','Inherit',0),(9,7,2,1,1,1,'UserDefinedForm','2013-12-28 05:51:43','2013-12-28 06:01:08','new-user-defined-form','New User Defined Form',NULL,'<p>$UserDefinedForm</p>',NULL,NULL,1,1,7,0,0,NULL,'Inherit','Inherit',0),(10,7,3,1,1,1,'UserDefinedForm','2013-12-28 05:51:43','2013-12-28 06:18:12','supahands-form','SupaHands Form',NULL,'<p>$UserDefinedForm</p>',NULL,NULL,1,1,7,0,0,NULL,'Inherit','Inherit',0),(11,7,4,1,1,1,'UserDefinedForm','2013-12-28 05:51:43','2013-12-31 23:58:34','supahands-form','SupaHands Input Form',NULL,'<p>$UserDefinedForm</p>',NULL,NULL,1,1,7,0,0,NULL,'Inherit','Inherit',0);
/*!40000 ALTER TABLE `SiteTree_versions` ENABLE KEYS */;
UNLOCK TABLES;

--
-- Table structure for table `SubmittedFileField`
--

DROP TABLE IF EXISTS `SubmittedFileField`;
/*!40101 SET @saved_cs_client     = @@character_set_client */;
/*!40101 SET character_set_client = utf8 */;
CREATE TABLE `SubmittedFileField` (
  `ID` int(11) NOT NULL AUTO_INCREMENT,
  `UploadedFileID` int(11) NOT NULL DEFAULT '0',
  PRIMARY KEY (`ID`),
  KEY `UploadedFileID` (`UploadedFileID`)
) ENGINE=InnoDB DEFAULT CHARSET=utf8;
/*!40101 SET character_set_client = @saved_cs_client */;

--
-- Dumping data for table `SubmittedFileField`
--

LOCK TABLES `SubmittedFileField` WRITE;
/*!40000 ALTER TABLE `SubmittedFileField` DISABLE KEYS */;
/*!40000 ALTER TABLE `SubmittedFileField` ENABLE KEYS */;
UNLOCK TABLES;

--
-- Table structure for table `SubmittedForm`
--

DROP TABLE IF EXISTS `SubmittedForm`;
/*!40101 SET @saved_cs_client     = @@character_set_client */;
/*!40101 SET character_set_client = utf8 */;
CREATE TABLE `SubmittedForm` (
  `ID` int(11) NOT NULL AUTO_INCREMENT,
  `ClassName` enum('SubmittedForm') DEFAULT 'SubmittedForm',
  `Created` datetime DEFAULT NULL,
  `LastEdited` datetime DEFAULT NULL,
  `SubmittedByID` int(11) NOT NULL DEFAULT '0',
  `ParentID` int(11) NOT NULL DEFAULT '0',
  PRIMARY KEY (`ID`),
  KEY `SubmittedByID` (`SubmittedByID`),
  KEY `ParentID` (`ParentID`),
  KEY `ClassName` (`ClassName`)
) ENGINE=InnoDB AUTO_INCREMENT=4 DEFAULT CHARSET=utf8;
/*!40101 SET character_set_client = @saved_cs_client */;

--
-- Dumping data for table `SubmittedForm`
--

LOCK TABLES `SubmittedForm` WRITE;
/*!40000 ALTER TABLE `SubmittedForm` DISABLE KEYS */;
INSERT INTO `SubmittedForm` VALUES (1,'SubmittedForm','2013-12-30 20:21:01','2013-12-30 20:21:01',1,7),(2,'SubmittedForm','2013-12-31 23:59:57','2013-12-31 23:59:57',1,7),(3,'SubmittedForm','2014-01-01 00:00:03','2014-01-01 00:00:03',1,7);
/*!40000 ALTER TABLE `SubmittedForm` ENABLE KEYS */;
UNLOCK TABLES;

--
-- Table structure for table `SubmittedFormField`
--

DROP TABLE IF EXISTS `SubmittedFormField`;
/*!40101 SET @saved_cs_client     = @@character_set_client */;
/*!40101 SET character_set_client = utf8 */;
CREATE TABLE `SubmittedFormField` (
  `ID` int(11) NOT NULL AUTO_INCREMENT,
  `ClassName` enum('SubmittedFormField','SubmittedFileField') DEFAULT 'SubmittedFormField',
  `Created` datetime DEFAULT NULL,
  `LastEdited` datetime DEFAULT NULL,
  `Name` varchar(50) DEFAULT NULL,
  `Value` mediumtext,
  `Title` varchar(255) DEFAULT NULL,
  `ParentID` int(11) NOT NULL DEFAULT '0',
  PRIMARY KEY (`ID`),
  KEY `ParentID` (`ParentID`),
  KEY `ClassName` (`ClassName`)
) ENGINE=InnoDB AUTO_INCREMENT=24 DEFAULT CHARSET=utf8;
/*!40101 SET character_set_client = @saved_cs_client */;

--
-- Dumping data for table `SubmittedFormField`
--

LOCK TABLES `SubmittedFormField` WRITE;
/*!40000 ALTER TABLE `SubmittedFormField` DISABLE KEYS */;
INSERT INTO `SubmittedFormField` VALUES (1,'SubmittedFormField','2013-12-30 20:21:01','2013-12-30 20:21:01','EditableRadioField4','No','Is this phone number in service? ',1),(2,'SubmittedFormField','2013-12-30 20:21:02','2013-12-30 20:21:02','EditableRadioField5',NULL,'Does this phone number ring to a voicemail?',1),(3,'SubmittedFormField','2013-12-30 20:21:02','2013-12-30 20:21:02','EditableRadioField6',NULL,'Is this voicemail a custom recorded voice? ',1),(4,'SubmittedFormField','2013-12-31 23:59:57','2013-12-31 23:59:57','EditableRadioField4',NULL,'Is this phone number in service? ',2),(5,'SubmittedFormField','2013-12-31 23:59:57','2013-12-31 23:59:57','EditableRadioField10',NULL,'Does a human answer? ',2),(6,'SubmittedFormField','2013-12-31 23:59:57','2013-12-31 23:59:57','EditableRadioField6',NULL,'Is this voicemail message a custom recorded voice message? ',2),(7,'SubmittedFormField','2013-12-31 23:59:57','2013-12-31 23:59:57','EditableRadioField9',NULL,'Is the voice on the away message a man\'s voice or a woman\'s?',2),(8,'SubmittedFormField','2013-12-31 23:59:57','2013-12-31 23:59:57','EditableRadioField11',NULL,'What type of phone number is this?',2),(9,'SubmittedFormField','2013-12-31 23:59:57','2013-12-31 23:59:57','EditableRadioField12',NULL,'Does a man or a woman answer? ',2),(10,'SubmittedFormField','2013-12-31 23:59:57','2013-12-31 23:59:57','EditableRadioField14',NULL,'Does the man say his name? ',2),(11,'SubmittedFormField','2013-12-31 23:59:57','2013-12-31 23:59:57','EditableRadioField15',NULL,'Does the woman say her name? ',2),(12,'SubmittedFormField','2013-12-31 23:59:57','2013-12-31 23:59:57','EditableTextField17',NULL,NULL,2),(13,'SubmittedFormField','2013-12-31 23:59:57','2013-12-31 23:59:57','EditableTextField18',NULL,NULL,2),(14,'SubmittedFormField','2014-01-01 00:00:03','2014-01-01 00:00:03','EditableRadioField4',NULL,'Is this phone number in service? ',3),(15,'SubmittedFormField','2014-01-01 00:00:03','2014-01-01 00:00:03','EditableRadioField10',NULL,'Does a human answer? ',3),(16,'SubmittedFormField','2014-01-01 00:00:03','2014-01-01 00:00:03','EditableRadioField6',NULL,'Is this voicemail message a custom recorded voice message? ',3),(17,'SubmittedFormField','2014-01-01 00:00:03','2014-01-01 00:00:03','EditableRadioField9',NULL,'Is the voice on the away message a man\'s voice or a woman\'s?',3),(18,'SubmittedFormField','2014-01-01 00:00:03','2014-01-01 00:00:03','EditableRadioField11',NULL,'What type of phone number is this?',3),(19,'SubmittedFormField','2014-01-01 00:00:03','2014-01-01 00:00:03','EditableRadioField12',NULL,'Does a man or a woman answer? ',3),(20,'SubmittedFormField','2014-01-01 00:00:03','2014-01-01 00:00:03','EditableRadioField14',NULL,'Does the man say his name? ',3),(21,'SubmittedFormField','2014-01-01 00:00:03','2014-01-01 00:00:03','EditableRadioField15',NULL,'Does the woman say her name? ',3),(22,'SubmittedFormField','2014-01-01 00:00:03','2014-01-01 00:00:03','EditableTextField17',NULL,NULL,3),(23,'SubmittedFormField','2014-01-01 00:00:03','2014-01-01 00:00:03','EditableTextField18',NULL,NULL,3);
/*!40000 ALTER TABLE `SubmittedFormField` ENABLE KEYS */;
UNLOCK TABLES;

--
-- Table structure for table `UserDefinedForm`
--

DROP TABLE IF EXISTS `UserDefinedForm`;
/*!40101 SET @saved_cs_client     = @@character_set_client */;
/*!40101 SET character_set_client = utf8 */;
CREATE TABLE `UserDefinedForm` (
  `ID` int(11) NOT NULL AUTO_INCREMENT,
  `SubmitButtonText` varchar(50) DEFAULT NULL,
  `ClearButtonText` varchar(50) DEFAULT NULL,
  `OnCompleteMessage` mediumtext,
  `ShowClearButton` tinyint(1) unsigned NOT NULL DEFAULT '0',
  `DisableSaveSubmissions` tinyint(1) unsigned NOT NULL DEFAULT '0',
  `EnableLiveValidation` tinyint(1) unsigned NOT NULL DEFAULT '0',
  `HideFieldLabels` tinyint(1) unsigned NOT NULL DEFAULT '0',
  PRIMARY KEY (`ID`)
) ENGINE=InnoDB AUTO_INCREMENT=8 DEFAULT CHARSET=utf8;
/*!40101 SET character_set_client = @saved_cs_client */;

--
-- Dumping data for table `UserDefinedForm`
--

LOCK TABLES `UserDefinedForm` WRITE;
/*!40000 ALTER TABLE `UserDefinedForm` DISABLE KEYS */;
INSERT INTO `UserDefinedForm` VALUES (7,NULL,NULL,'<p>Input received! Thank you!</p>',0,0,0,0);
/*!40000 ALTER TABLE `UserDefinedForm` ENABLE KEYS */;
UNLOCK TABLES;

--
-- Table structure for table `UserDefinedForm_EmailRecipient`
--

DROP TABLE IF EXISTS `UserDefinedForm_EmailRecipient`;
/*!40101 SET @saved_cs_client     = @@character_set_client */;
/*!40101 SET character_set_client = utf8 */;
CREATE TABLE `UserDefinedForm_EmailRecipient` (
  `ID` int(11) NOT NULL AUTO_INCREMENT,
  `ClassName` enum('UserDefinedForm_EmailRecipient') DEFAULT 'UserDefinedForm_EmailRecipient',
  `Created` datetime DEFAULT NULL,
  `LastEdited` datetime DEFAULT NULL,
  `EmailAddress` varchar(200) DEFAULT NULL,
  `EmailSubject` varchar(200) DEFAULT NULL,
  `EmailFrom` varchar(200) DEFAULT NULL,
  `EmailReplyTo` varchar(200) DEFAULT NULL,
  `EmailBody` mediumtext,
  `SendPlain` tinyint(1) unsigned NOT NULL DEFAULT '0',
  `HideFormData` tinyint(1) unsigned NOT NULL DEFAULT '0',
  `FormID` int(11) NOT NULL DEFAULT '0',
  `SendEmailFromFieldID` int(11) NOT NULL DEFAULT '0',
  `SendEmailToFieldID` int(11) NOT NULL DEFAULT '0',
  PRIMARY KEY (`ID`),
  KEY `FormID` (`FormID`),
  KEY `SendEmailFromFieldID` (`SendEmailFromFieldID`),
  KEY `SendEmailToFieldID` (`SendEmailToFieldID`),
  KEY `ClassName` (`ClassName`)
) ENGINE=InnoDB DEFAULT CHARSET=utf8;
/*!40101 SET character_set_client = @saved_cs_client */;

--
-- Dumping data for table `UserDefinedForm_EmailRecipient`
--

LOCK TABLES `UserDefinedForm_EmailRecipient` WRITE;
/*!40000 ALTER TABLE `UserDefinedForm_EmailRecipient` DISABLE KEYS */;
/*!40000 ALTER TABLE `UserDefinedForm_EmailRecipient` ENABLE KEYS */;
UNLOCK TABLES;

--
-- Table structure for table `UserDefinedForm_Live`
--

DROP TABLE IF EXISTS `UserDefinedForm_Live`;
/*!40101 SET @saved_cs_client     = @@character_set_client */;
/*!40101 SET character_set_client = utf8 */;
CREATE TABLE `UserDefinedForm_Live` (
  `ID` int(11) NOT NULL AUTO_INCREMENT,
  `SubmitButtonText` varchar(50) DEFAULT NULL,
  `ClearButtonText` varchar(50) DEFAULT NULL,
  `OnCompleteMessage` mediumtext,
  `ShowClearButton` tinyint(1) unsigned NOT NULL DEFAULT '0',
  `DisableSaveSubmissions` tinyint(1) unsigned NOT NULL DEFAULT '0',
  `EnableLiveValidation` tinyint(1) unsigned NOT NULL DEFAULT '0',
  `HideFieldLabels` tinyint(1) unsigned NOT NULL DEFAULT '0',
  PRIMARY KEY (`ID`)
) ENGINE=InnoDB AUTO_INCREMENT=8 DEFAULT CHARSET=utf8;
/*!40101 SET character_set_client = @saved_cs_client */;

--
-- Dumping data for table `UserDefinedForm_Live`
--

LOCK TABLES `UserDefinedForm_Live` WRITE;
/*!40000 ALTER TABLE `UserDefinedForm_Live` DISABLE KEYS */;
INSERT INTO `UserDefinedForm_Live` VALUES (7,NULL,NULL,'<p>Input received! Thank you!</p>',0,0,0,0);
/*!40000 ALTER TABLE `UserDefinedForm_Live` ENABLE KEYS */;
UNLOCK TABLES;

--
-- Table structure for table `UserDefinedForm_versions`
--

DROP TABLE IF EXISTS `UserDefinedForm_versions`;
/*!40101 SET @saved_cs_client     = @@character_set_client */;
/*!40101 SET character_set_client = utf8 */;
CREATE TABLE `UserDefinedForm_versions` (
  `ID` int(11) NOT NULL AUTO_INCREMENT,
  `RecordID` int(11) NOT NULL DEFAULT '0',
  `Version` int(11) NOT NULL DEFAULT '0',
  `SubmitButtonText` varchar(50) DEFAULT NULL,
  `ClearButtonText` varchar(50) DEFAULT NULL,
  `OnCompleteMessage` mediumtext,
  `ShowClearButton` tinyint(1) unsigned NOT NULL DEFAULT '0',
  `DisableSaveSubmissions` tinyint(1) unsigned NOT NULL DEFAULT '0',
  `EnableLiveValidation` tinyint(1) unsigned NOT NULL DEFAULT '0',
  `HideFieldLabels` tinyint(1) unsigned NOT NULL DEFAULT '0',
  PRIMARY KEY (`ID`),
  UNIQUE KEY `RecordID_Version` (`RecordID`,`Version`),
  KEY `RecordID` (`RecordID`),
  KEY `Version` (`Version`)
) ENGINE=InnoDB AUTO_INCREMENT=5 DEFAULT CHARSET=utf8;
/*!40101 SET character_set_client = @saved_cs_client */;

--
-- Dumping data for table `UserDefinedForm_versions`
--

LOCK TABLES `UserDefinedForm_versions` WRITE;
/*!40000 ALTER TABLE `UserDefinedForm_versions` DISABLE KEYS */;
INSERT INTO `UserDefinedForm_versions` VALUES (1,7,1,NULL,NULL,'<p>Thanks, we\'ve received your submission.</p>',0,0,0,0),(2,7,2,NULL,NULL,'<p>Thanks, we\'ve received your submission.</p>',0,0,0,0),(3,7,3,NULL,NULL,'<p>Thanks, we\'ve received your submission.</p>',0,0,0,0),(4,7,4,NULL,NULL,'<p>Input received! Thank you!</p>',0,0,0,0);
/*!40000 ALTER TABLE `UserDefinedForm_versions` ENABLE KEYS */;
UNLOCK TABLES;

--
-- Table structure for table `VirtualPage`
--

DROP TABLE IF EXISTS `VirtualPage`;
/*!40101 SET @saved_cs_client     = @@character_set_client */;
/*!40101 SET character_set_client = utf8 */;
CREATE TABLE `VirtualPage` (
  `ID` int(11) NOT NULL AUTO_INCREMENT,
  `VersionID` int(11) NOT NULL DEFAULT '0',
  `CopyContentFromID` int(11) NOT NULL DEFAULT '0',
  PRIMARY KEY (`ID`),
  KEY `CopyContentFromID` (`CopyContentFromID`)
) ENGINE=InnoDB DEFAULT CHARSET=utf8;
/*!40101 SET character_set_client = @saved_cs_client */;

--
-- Dumping data for table `VirtualPage`
--

LOCK TABLES `VirtualPage` WRITE;
/*!40000 ALTER TABLE `VirtualPage` DISABLE KEYS */;
/*!40000 ALTER TABLE `VirtualPage` ENABLE KEYS */;
UNLOCK TABLES;

--
-- Table structure for table `VirtualPage_Live`
--

DROP TABLE IF EXISTS `VirtualPage_Live`;
/*!40101 SET @saved_cs_client     = @@character_set_client */;
/*!40101 SET character_set_client = utf8 */;
CREATE TABLE `VirtualPage_Live` (
  `ID` int(11) NOT NULL AUTO_INCREMENT,
  `VersionID` int(11) NOT NULL DEFAULT '0',
  `CopyContentFromID` int(11) NOT NULL DEFAULT '0',
  PRIMARY KEY (`ID`),
  KEY `CopyContentFromID` (`CopyContentFromID`)
) ENGINE=InnoDB DEFAULT CHARSET=utf8;
/*!40101 SET character_set_client = @saved_cs_client */;

--
-- Dumping data for table `VirtualPage_Live`
--

LOCK TABLES `VirtualPage_Live` WRITE;
/*!40000 ALTER TABLE `VirtualPage_Live` DISABLE KEYS */;
/*!40000 ALTER TABLE `VirtualPage_Live` ENABLE KEYS */;
UNLOCK TABLES;

--
-- Table structure for table `VirtualPage_versions`
--

DROP TABLE IF EXISTS `VirtualPage_versions`;
/*!40101 SET @saved_cs_client     = @@character_set_client */;
/*!40101 SET character_set_client = utf8 */;
CREATE TABLE `VirtualPage_versions` (
  `ID` int(11) NOT NULL AUTO_INCREMENT,
  `RecordID` int(11) NOT NULL DEFAULT '0',
  `Version` int(11) NOT NULL DEFAULT '0',
  `VersionID` int(11) NOT NULL DEFAULT '0',
  `CopyContentFromID` int(11) NOT NULL DEFAULT '0',
  PRIMARY KEY (`ID`),
  UNIQUE KEY `RecordID_Version` (`RecordID`,`Version`),
  KEY `RecordID` (`RecordID`),
  KEY `Version` (`Version`),
  KEY `CopyContentFromID` (`CopyContentFromID`)
) ENGINE=InnoDB DEFAULT CHARSET=utf8;
/*!40101 SET character_set_client = @saved_cs_client */;

--
-- Dumping data for table `VirtualPage_versions`
--

LOCK TABLES `VirtualPage_versions` WRITE;
/*!40000 ALTER TABLE `VirtualPage_versions` DISABLE KEYS */;
/*!40000 ALTER TABLE `VirtualPage_versions` ENABLE KEYS */;
UNLOCK TABLES;
/*!40103 SET TIME_ZONE=@OLD_TIME_ZONE */;

/*!40101 SET SQL_MODE=@OLD_SQL_MODE */;
/*!40014 SET FOREIGN_KEY_CHECKS=@OLD_FOREIGN_KEY_CHECKS */;
/*!40014 SET UNIQUE_CHECKS=@OLD_UNIQUE_CHECKS */;
/*!40101 SET CHARACTER_SET_CLIENT=@OLD_CHARACTER_SET_CLIENT */;
/*!40101 SET CHARACTER_SET_RESULTS=@OLD_CHARACTER_SET_RESULTS */;
/*!40101 SET COLLATION_CONNECTION=@OLD_COLLATION_CONNECTION */;
/*!40111 SET SQL_NOTES=@OLD_SQL_NOTES */;

-- Dump completed on 2014-01-05 15:51:41
